search	term	echo	reported	page	id	title	datum
archiv	Feiertag	Feiertag	115	1	212219	Verordnung über den Verkauf bestimmter Waren an Sonn- und Feiertagen in Kur-, Ausflugs- und Erholungsorten (Ladenschluss-Ausnahmeverordnung - LSchlAV)	vom 09.05.2005&nbsp;
archiv	Feiertag	Feiertag	115	1	215127	Verordnung über Ausnahmen von Vorschriften des Jugendarbeitsschutzgesetzes für jugendliche Polizeivollzugsbeamte (JASchGPV)	vom 28.04.1993&nbsp;
archiv	Feiertag	Feiertag	115	1	236105	Allgemeine Ausnahmegenehmigung vom Sonn- und Feiertagsfahrverbot und vom Verkehrsverbot auf Bundesautobahnen und Bundesstraßen während der Ferienzeit für bestimmte Fahrten im Land Brandenburg	vom 21.04.2015&nbsp;
archiv	Feiertag	Feiertag	115	1	215649	Inspektionspflichten	vom 22.06.1991&nbsp;
archiv	Feiertag	Feiertag	115	1	216061	Ausführung des Gesetzes über den Ladenschluss - Muster für Verordnungen der Kreisordnungsbehörden und der örtlichen Ordnungsbehörden	vom 08.08.1994&nbsp;
archiv	Feiertag	Feiertag	115	1	220400	Ausländerrecht; Verlassen des Bereichs der räumlichen Beschränkung" target="window220400">Erlass Nr. 05/2009 Ausländerrecht; Verlassen des Bereichs der räumlichen Beschränkung	vom 17.12.2009&nbsp;
archiv	Feiertag	Feiertag	115	1	244391	Gemeinsamer Runderlass des Ministeriums für Infrastruktur und Landesplanung, Abteilung 4, Nr. 7/2018, und des Ministeriums des Innern und für Kommunales zur Bekanntgabe von straßenverkehrsbehördlichen Anordnungen im Rahmen von § 45 Absatz 4 StVO auf Bundesautobahnen im Land Brandenburg	vom 15.03.2018&nbsp;
archiv	Feiertag	Feiertag	115	1	220879	Gemeinsamer Runderlass des Ministeriums für Infrastruktur und Landwirtschaft und des Ministeriums des Innern zur Bekanntgabe von straßenverkehrsbehördlichen Anordnungen im Rahmen von § 45 Absatz 4 StVO auf Bundesautobahnen im Land Brandenburg	vom 02.08.2012&nbsp;
archiv	Feiertag	Feiertag	115	1	245277	Verwaltungsvorschrift des Ministeriums für Infrastruktur und Landesplanung für die Zuweisung von Mitteln für die Durchführung von PlusBus-Verkehren (VVPlusBus)	vom 24.08.2018&nbsp;
archiv	Feiertag	Feiertag	115	1	215189	Verordnung über die Arbeitszeit der Beamten im Land Brandenburg (Arbeitszeitverordnung - AZV Bbg)	vom 17.11.1997&nbsp;
archiv	Feiertag	Feiertag	115	2	215190	Verordnung über die Arbeitszeit der Polizeivollzugsbeamten des Landes Brandenburg (Arbeitszeitverordnung Polizei - AZV Pol)	vom 04.02.1999&nbsp;
archiv	Feiertag	Feiertag	115	2	220114	Verwaltungsvorschriften über die Organisation der Schulen in inneren und äußeren Schulangelegenheiten (VV-Schulbetrieb - VVSchulB)	vom 01.12.1997&nbsp;
archiv	Feiertag	Feiertag	115	2	248945	Verordnung über Maßnahmen zur Eindämmung des neuartigen Coronavirus SARS-CoV-2 und COVID-19 in Brandenburg (SARS-CoV-2-Eindämmungsverordnung - SARS-CoV-2-EindV)	vom 17.03.2020&nbsp;
archiv	Feiertag	Feiertag	115	2	242887	Richtlinien zur Gewährung von Zuwendungen an Schülerinnen und Schüler, mit einem Berufsausbildungsvertrag nach dem Berufsbildungsgesetz oder der Handwerksordnung zu den Kosten für Unterkunft und Verpflegung bei notwendiger auswärtiger Unterbringung (RL-Unterkunft-Verpflegung - RL-UV)	vom 03.08.2017&nbsp;
archiv	Feiertag	Feiertag	115	2	237433	Richtlinien zur Gewährung von Zuwendungen an Berufsschülerinnen und Berufsschüler zu den Kosten für Unterkunft und Verpflegung bei notwendiger auswärtiger Unterkunft (RL-Unterkunft-Verpflegung - RL-UV)	vom 10.08.2015&nbsp;
archiv	Feiertag	Feiertag	115	2	221088	Richtlinien zur Gewährung von Zuwendungen an Berufsschülerinnen und Berufsschüler zu den Kosten für Unterkunft und Verpflegung bei notwendiger auswärtiger Unterkunft (RL-Unterkunft-Verpflegung - RL-UV)	vom 29.07.2013&nbsp;
archiv	Feiertag	Feiertag	115	2	220749	Richtlinien zur Gewährung von Zuwendungen an Berufsschülerinnen und Berufsschüler zu den Kosten für Unterkunft und Verpflegung bei notwendiger auswärtiger Unterkunft (RL-Unterkunft-Verpflegung - RL-UV)	vom 04.11.2011&nbsp;
archiv	Feiertag	Feiertag	115	2	220339	Richtlinien zur Gewährung von Zuwendungen an Berufsschülerinnen und Berufsschüler zu den Kosten für Unterkunft und Verpflegung bei notwendiger auswärtiger Unterkunft (RL-Unterkunft-Verpflegung - RL-UV)	vom 13.08.2009&nbsp;
archiv	Feiertag	Feiertag	115	2	220060	Richtlinien zur Gewährung von Zuwendungen an Berufsschülerinnen und Berufsschüler zu den Kosten für Unterkunft und Verpflegung bei notwendiger auswärtiger Unterkunft (RL Unterkunft-Verpflegung - RLU-V)	vom 28.02.2008&nbsp;
archiv	Feiertag	Feiertag	115	2	215165	Verordnung über den Erholungsurlaub der Beamten und Richter im Land Brandenburg (Erholungsurlaubsverordnung - EUrlV Bbg)	vom 10.10.1994&nbsp;
archiv	Feiertag	Feiertag	115	3	218739	Richtlinien zur Gewährung von Zuwendungen an Berufsschülerinnen und Berufsschüler zu den Kosten für Unterkunft und Verpflegung bei notwendiger auswärtiger Unterkunft (RL Unterkunft-Verpflegung - RLU-V)	vom 15.06.2005&nbsp;
archiv	Feiertag	Feiertag	115	3	215503	Kostenordnung zum Verwaltungsvollstreckungsgesetz für das Land Brandenburg (Bbg KostO)	vom 16.06.1992&nbsp;
archiv	Feiertag	Feiertag	115	3	248997	Verordnung über Maßnahmen zur Eindämmung des neuartigen Coronavirus SARS-CoV-2 und COVID-19 in Brandenburg (SARS-CoV-2-Eindämmungsverordnung - SARS-CoV-2-EindV)	vom 22.03.2020&nbsp;
archiv	Feiertag	Feiertag	115	3	214658	Verwaltungsverfahrensgesetz für das Land Brandenburg (VwVfGBbg)	vom 26.02.1993&nbsp;
archiv	Feiertag	Feiertag	115	3	215689	Allgemeine Verwaltungsvorschrift für den Vollzug des Titels IV der Gewerbeordnung (MarktgewVwV)	vom 17.02.1992&nbsp;
archiv	Feiertag	Feiertag	115	3	220670	Geschäftsordnung für die Gerichte und die Staatsanwaltschaften des Landes Brandenburg	vom 24.10.1994&nbsp;
archiv	Feiertag	Feiertag	115	3	216231	Erste Änderung der Allgemeinen Verwaltungsvorschrift für den Vollzug des Titels III der Gewerbeordnung (ReisegewVwV)	vom 25.01.1996&nbsp;
archiv	Feiertag	Feiertag	115	3	215688	Allgemeine Verwaltungsvorschrift für den Vollzug des Titels III der Gewerbeordnung (ReisegewVwV)	vom 17.02.1992&nbsp;
archiv	Feiertag	Feiertag	115	3	256111	Richtlinien zur Gewährung von Zuwendungen an Schülerinnen und Schüler mit einem Berufsausbildungsvertrag nach dem Berufsbildungsgesetz oder der Handwerksordnung zu den Kosten für Unterkunft und Verpflegung bei notwendiger auswärtiger Unterkunft (RL-Unterkunft-Verpflegung - RL-UV)	vom 10.05.2023&nbsp;
archiv	Feiertag	Feiertag	115	3	248081	Richtlinien zur Gewährung von Zuwendungen an Schülerinnen und Schüler mit einem Berufsausbildungsvertrag nach dem Berufsbildungsgesetz oder der Handwerksordnung zu den Kosten für Unterkunft und Verpflegung bei notwendiger auswärtiger Unterkunft (RL-Unterkunft-Verpflegung - RL-UV)	vom 31.08.2019&nbsp;
archiv	Feiertag	Feiertag	115	4	249165	Verordnung über Maßnahmen zur Eindämmung des neuartigen Coronavirus SARS-CoV-2 und COVID-19 in Brandenburg (SARS-CoV-2-Eindämmungsverordnung - SARS-CoV-2-EindV)	vom 17.04.2020&nbsp;
archiv	Feiertag	Feiertag	115	4	216400	Geschäftsanweisung für die Sozialen Dienste der Justiz	vom 07.07.1992&nbsp;
archiv	Feiertag	Feiertag	115	4	219971	Richtlinie zur Erstattung der Fahrgeldausfälle im Nahverkehr nach § 148 des Neunten Buches Sozialgesetzbuch (Fahrgelderstattungs-Richtlinie)	vom 06.09.2007&nbsp;
archiv	Feiertag	Feiertag	115	4	216232	Erste Änderung der Allgemeinen Verwaltungsvorschrift für den Vollzug des Titels IV der Gewerbeordnung (MarktgewVwV)	vom 25.01.1996&nbsp;
archiv	Feiertag	Feiertag	115	4	212888	Verordnung über die Vergabe von Studienplätzen in zulassungsbeschränkten Studiengängen durch die Hochschulen des Landes Brandenburg (Hochschulvergabeverordnung - HVV)	vom 16.05.2014&nbsp;
archiv	Feiertag	Feiertag	115	4	214886	Verordnung über die Vergabe von Studienplätzen in zulassungsbeschränkten Studiengängen durch die Hochschulen des Landes Brandenburg (Hochschulvergabeverordnung - HVV)	vom 11.05.2005&nbsp;
archiv	Feiertag	Feiertag	115	4	212431	Verordnung über die Vergütung der Leistungen von Hebammen und Entbindungspflegern gegenüber Selbstzahlerinnen im Land Brandenburg (BbgHebVergV)	vom 22.09.2009&nbsp;
archiv	Feiertag	Feiertag	115	4	215192	Verordnung über die Bestimmung von Zuständigkeiten im Gewerberecht und über die Übertragung von Ermächtigungen zum Erlaß von Rechtsverordnungen auf den Minister für Wirtschaft, Mittelstand und Technologie (Gewerberechtszuständigkeitsverordnung - GewRZV)	vom 04.09.1991&nbsp;
archiv	Feiertag	Feiertag	115	4	218859	Richtlinie des Landes Brandenburg zur Begleitung eines freiwilligen Ausscheidens aus dem Beschäftigungsverhältnis für Arbeitnehmerinnen und Arbeitnehmer in der Landesverwaltung (Abfindungsrichtlinie)	vom 04.05.2004&nbsp;
archiv	Feiertag	Feiertag	115	4	215360	Verordnung über die Wahl der Vertreter der Beschäftigten in den Verwaltungsräten der Sparkassen (Sparkassenwahlverordnung Beschäftigte - SpkWBV)	vom 03.08.1998&nbsp;
archiv	Feiertag	Feiertag	115	5	215847	Ausführungsvorschriften über die Verfolgung und Ahndung von Zuwiderhandlungen gegen Bestimmungen des Jugendarbeitsschutzgesetzes (AV-JArbSchG)	vom 15.01.1993&nbsp;
archiv	Feiertag	Feiertag	115	5	215365	Verordnung über die Arbeitszeit für die Beamten des feuerwehrtechnischen Dienstes in den Feuerwehren und den Leitstellen der Landkreise im Land Brandenburg (Arbeitszeitverordnung Feuerwehr - AZV Feu)	vom 21.04.1999&nbsp;
archiv	Feiertag	Feiertag	115	5	212624	Verordnung über die Ausbildung und Prüfung für die Laufbahn des mittleren feuerwehrtechnischen Dienstes im Land Brandenburg (Ausbildungs- und Prüfungsordnung mittlerer feuerwehrtechnischer Dienst - APO mD-Feu)	vom 06.03.2000&nbsp;
archiv	Feiertag	Feiertag	115	5	244796	Richtlinie des Ministeriums für Bildung, Jugend und Sport des Landes Brandenburg zur Förderung berufspädagogischer Maßnahmen der Jugendhilfe in der EU-Förderperiode 2014 - 2020 (RL-berpädJuhi)	vom 19.07.2018&nbsp;
archiv	Feiertag	Feiertag	115	5	242214	Richtlinie des Ministeriums für Bildung, Jugend und Sport zur Förderung des Programms "Projekte Schule/Jugendhilfe 2020" in der EU-Förderperiode 2014 - 2020	vom 22.02.2017&nbsp;
archiv	Feiertag	Feiertag	115	5	250686	Zweite Verordnung über befristete Eindämmungsmaßnahmen aufgrund des SARS-CoV-2-Virus und COVID-19 im Land Brandenburg (Zweite SARS-CoV-2-Eindämmungsverordnung - 2. SARS-CoV-2-EindV)	vom 30.11.2020&nbsp;
archiv	Feiertag	Feiertag	115	5	212947	Verordnung über Zuständigkeiten im Gewerberecht (Gewerberechtszuständigkeitsverordnung - GewRZV)	vom 17.08.2009&nbsp;
archiv	Feiertag	Feiertag	115	5	237350	Richtlinie des Ministeriums für Bildung, Jugend und Sport zur Förderung des Programms "Projekte Schule/Jugendhilfe 2020" in der EU-Förderperiode 2014 - 2020	vom 28.07.2015&nbsp;
archiv	Feiertag	Feiertag	115	5	237358	Richtlinie des Ministeriums für Bildung, Jugend und Sport des Landes Brandenburg zur Förderung berufspädagogischer Maßnahmen der Jugendhilfe in der EU-Förderperiode 2014 - 2020 (RL-berpädJuhi)	vom 23.07.2015&nbsp;
archiv	Feiertag	Feiertag	115	5	214591	Gesetz über den Vollzug der Jugendstrafe im Land Brandenburg (Brandenburgisches Jugendstrafvollzugsgesetz - BbgJStVollzG)	vom 18.12.2007&nbsp;
archiv	Feiertag	Feiertag	115	6	215077	Geschäftsordnung des Landtages Brandenburg	vom 31.01.2005&nbsp;
archiv	Feiertag	Feiertag	115	6	216221	Erste Änderung der Allgemeinen Verwaltungsvorschrift zum § 34 b der Gewerbeordnung und zur Versteigererverordnung (VerstVwV)	vom 25.01.1996&nbsp;
archiv	Feiertag	Feiertag	115	6	215891	Richtlinien zur Erstattung der Fahrgeldausfälle im Nahverkehr nach § 62 des Schwerbehindertengesetzes (SchwbG)	vom 01.06.1993&nbsp;
archiv	Feiertag	Feiertag	115	6	215848	Ausführungsvorschriften über die Verfolgung und Ahndung von Zuwiderhandlungen gegen Bestimmungen des Gesetzes zum Schutze der erwerbstätigen Mutter (AV-MuSchG)	vom 15.01.1993&nbsp;
archiv	Feiertag	Feiertag	115	6	215676	Allgemeine Verwaltungsvorschrift zum § 34 b der Gewerbeordnung und zur Versteigererverordnung (VerstVwV)	vom 25.11.1991&nbsp;
archiv	Feiertag	Feiertag	115	6	217044	Geschäftsanweisung für Gerichtsvollzieher (GVGA) und Gerichtsvollzieherordnung (GVO) (GVGA)	vom 16.06.1992&nbsp;
archiv	Feiertag	Feiertag	115	6	251422	Sechste Verordnung über befristete Eindämmungsmaßnahmen aufgrund des SARS-CoV-2-Virus und COVID-19 im Land Brandenburg (Sechste SARS-CoV-2-Eindämmungsverordnung - 6. SARS-CoV-2-EindV)	vom 12.02.2021&nbsp;
archiv	Feiertag	Feiertag	115	6	251244	Fünfte Verordnung über befristete Eindämmungsmaßnahmen aufgrund des SARS-CoV-2-Virus und COVID-19 im Land Brandenburg (Fünfte SARS-CoV-2-Eindämmungsverordnung - 5. SARS-CoV-2-EindV)	vom 22.01.2021&nbsp;
archiv	Feiertag	Feiertag	115	6	251085	Vierte Verordnung über befristete Eindämmungsmaßnahmen aufgrund des SARS-CoV-2-Virus und COVID-19 im Land Brandenburg (Vierte SARS-CoV-2-Eindämmungsverordnung - 4. SARS-CoV-2-EindV)	vom 08.01.2021&nbsp;
archiv	Feiertag	Feiertag	115	6	250837	Dritte Verordnung über befristete Eindämmungsmaßnahmen aufgrund des SARS-CoV-2-Virus und COVID-19 im Land Brandenburg (Dritte SARS-CoV-2-Eindämmungsverordnung - 3. SARS-CoV-2-EindV)	vom 15.12.2020&nbsp;
archiv	Feiertag	Feiertag	115	7	235548	Geschäftsordnung des Landtages Brandenburg	vom 24.03.2015&nbsp;
archiv	Feiertag	Feiertag	115	7	237802	Gemeinsame Richtlinie des Ministeriums für Arbeit, Soziales, Gesundheit, Frauen und Familie und des Ministeriums für Ländliche Entwicklung, Umwelt und Landwirtschaft zur Förderung des "Programms zur qualifizierten Ausbildung im Verbundsystem" (PAV) im Land Brandenburg in der EU-Förderperiode 2014 - 2020	vom 29.07.2015&nbsp;
archiv	Feiertag	Feiertag	115	7	220901	Gemeinsame Richtlinie des Ministeriums für Arbeit, Soziales, Frauen und Familie und des Ministeriums für Infrastruktur und Landwirtschaft zur Förderung des "Programms zur qualifizierten Ausbildung im Verbundsystem" im Land Brandenburg	vom 01.10.2012&nbsp;
archiv	Feiertag	Feiertag	115	7	220712	Gemeinsame Richtlinie des Ministeriums für Arbeit, Soziales, Frauen und Familie und des Ministeriums für Infrastruktur und Landwirtschaft zur Förderung des "Programms zur qualifizierten Ausbildung im Verbundsystem" im Land Brandenburg	vom 29.08.2011&nbsp;
archiv	Feiertag	Feiertag	115	7	220631	Kammerordnung für die Justizvollzugsanstalten des Landes Brandenburg	vom 17.05.2011&nbsp;
archiv	Feiertag	Feiertag	115	7	214995	Verordnung über die Ausführung von Schornsteinfegerarbeiten und über die Gebühren und Auslagen (Kehr-, Überprüfungs- und Gebührenordnung - KÜGO)	vom 15.08.2003&nbsp;
archiv	Feiertag	Feiertag	115	7	217360	Richtlinie für die betriebliche Ausbildung im Ausbildungsberuf Vermessungstechniker/Vermessungstechnikerin	vom 21.01.2003&nbsp;
archiv	Feiertag	Feiertag	115	7	260073	Vorläufige Geschäftsordnung des Landtages Brandenburg	vom 05.11.2024&nbsp;
archiv	Feiertag	Feiertag	115	7	249725	Geschäftsordnung des Landtages Brandenburg	vom 25.06.2020&nbsp;
archiv	Feiertag	Feiertag	115	7	212738	Geschäftsordnung des Landtages Brandenburg	vom 11.05.2010&nbsp;
archiv	Feiertag	Feiertag	115	8	215011	Verordnung über die Arbeitszeit der Beamten des feuerwehrtechnischen Dienstes in den Feuerwehren und den Leitstellen der Landkreise im Land Brandenburg (Arbeitszeitverordnung Feuerwehr - AZV Feu)	vom 03.08.2007&nbsp;
archiv	Feiertag	Feiertag	115	8	219643	Allgemeine Ausnahmegenehmigung vom Feiertagsfahrverbot für Lastkraftwagen mit einem zulässigen Gesamtgewicht über 7,5 t und für Anhänger hinter Lastkraftwagen am 31. Oktober (Reformationstag) der Jahre 2006 bis 2009 auf bestimmten Strecken im Land Brandenburg für Fahrten nach und von Berlin	vom 27.09.2006&nbsp;
archiv	Feiertag	Feiertag	115	8	258604	Ausführungsbestimmungen zu § 3 Nr. 6, 8 bis 13 der Verordnung über die Zuständigkeiten im Ausländerrecht (Allgemeine Weisung im Ausländerrecht Nr. 2024.02 - AW-AuslR 2024.02)	vom 03.05.2024&nbsp;
archiv	Feiertag	Feiertag	115	8	220873	Geschäftsanweisung für Gerichtsvollzieher (GVGA) und Gerichtsvollzieherordnung (GVO) (GVGA)	vom 24.07.2012&nbsp;
archiv	Feiertag	Feiertag	115	8	216908	Verwaltungsvorschrift des Ministeriums für Stadtentwicklung, Wohnen und Verkehr zur Einkommensermittlung nach §§ 20 bis 24 des Wohnraumförderungsgesetzes (Einkommensermittlungserlass - WoFG)	vom 06.05.2002&nbsp;
archiv	Feiertag	Feiertag	115	8	212733	Brandenburgisches Spielhallengesetz (BbgSpielhG)	vom 04.04.2013&nbsp;
archiv	Feiertag	Feiertag	115	8	256553	Verwaltungsvorschrift des Ministeriums des Innern und für Kommunales über die produktorientierte Gliederung der Haushaltspläne, die Kontierung der kommunalen Bilanzen und der Ergebnis- und Finanzhaushalte sowie über die Verwendung verbindlicher Muster zur Kommunalen Haushalts- und Kassenverordnung (VV Produkt- und Kontenrahmen)	vom 23.06.2023&nbsp;
archiv	Feiertag	Feiertag	115	8	251512	Siebte Verordnung über befristete Eindämmungsmaßnahmen aufgrund des SARS-CoV-2-Virus und COVID-19 im Land Brandenburg (Siebte SARS-CoV-2-Eindämmungsverordnung - 7. SARS-CoV-2-EindV)	vom 06.03.2021&nbsp;
archiv	Feiertag	Feiertag	115	8	244798	Gemeinsame Richtlinie des Ministeriums für Arbeit, Soziales, Gesundheit, Frauen und Familie und des Ministeriums für Ländliche Entwicklung, Umwelt und Landwirtschaft zur Förderung des „Programms zur qualifizierten Ausbildung im Verbundsystem“ (PAV) im Land Brandenburg in der EU-Förderperiode 2014 - 2020	vom 25.06.2018&nbsp;
archiv	Feiertag	Feiertag	115	8	214962	Verordnung über die Verwaltungsgebühren im Geschäftsbereich des Ministers für Wirtschaft (MWGebO)	vom 12.12.2001&nbsp;
archiv	Feiertag	Feiertag	115	9	216055	Richtlinien zum Jugendgerichtsgesetz (RiJGG)	vom 18.07.1994&nbsp;
archiv	Feiertag	Feiertag	115	9	216058	Richtlinien zum Jugendgerichtsgesetz (RiJGG)	vom 18.07.1994&nbsp;
archiv	Feiertag	Feiertag	115	9	250829	Ausführungsbestimmungen zu § 3 Nr. 6 und § 4 der Verordnung über die Zuständigkeiten im Ausländerrecht (Allgemeine Weisung Nr. 09/2020 im Aufenthaltsrecht - AW-AuslR Nr. 9/2020)	vom 10.12.2020&nbsp;
archiv	Feiertag	Feiertag	115	9	212706	Staatsvertrag für Rundfunk und Telemedien (Rundfunkstaatsvertrag - RStV)	vom 31.08.1991&nbsp;
archiv	Feiertag	Feiertag	115	9	221335	Richtlinien für das Strafverfahren und das Bußgeldverfahren (RiStBV)	vom 25.11.1991&nbsp;
archiv	Feiertag	Feiertag	115	9	214689	Gesetz über die Zulassung öffentlicher Spielbanken im Land Brandenburg (Spielbankgesetz - SpielbG)	vom 22.05.1996&nbsp;
archiv	Feiertag	Feiertag	115	9	220872	Geschäftsanweisung für Gerichtsvollzieher (GVGA) und Gerichtsvollzieherordnung (GVO) (GVO)	vom 24.07.2012&nbsp;
archiv	Feiertag	Feiertag	115	9	217045	Geschäftsanweisung für Gerichtsvollzieher (GVGA) und Gerichtsvollzieherordnung (GVO) (GVO)	vom 16.06.1992&nbsp;
archiv	Feiertag	Feiertag	115	9	215185	Verordnung über die Hoheitszeichen des Landes Brandenburg (Hoheitszeichenverordnung - HzV)	vom 06.09.2000&nbsp;
archiv	Feiertag	Feiertag	115	9	214956	Verordnung über das Ausschreibungsverfahren und die Auswahl der Bewerber für die Tätigkeit als Bezirksschornsteinfegermeister oder als bevollmächtigter Bezirksschornsteinfeger (Brandenburgische Bezirksschornsteinfeger-Ausschreibungsverordnung - BbgBAV)	vom 30.09.2009&nbsp;
archiv	Feiertag	Feiertag	115	10	219904	Brandenburgische Aktenordnung (AktOBbg)	vom 22.03.2007&nbsp;
archiv	Feiertag	Feiertag	115	10	219765	Brandenburgische Aktenordnung (AktOBbg)	vom 30.11.2006&nbsp;
archiv	Feiertag	Feiertag	115	10	219173	Brandenburgische Aktenordnung (AktOBbg)	vom 10.01.2006&nbsp;
archiv	Feiertag	Feiertag	115	10	219575	Rundschreiben 10/06 (RS 10/06)	vom 05.04.2006&nbsp;
archiv	Feiertag	Feiertag	115	10	217716	Brandenburgische Aktenordnung (AktOBbg)	vom 06.02.2005&nbsp;
archiv	Feiertag	Feiertag	115	10	215001	Verordnung über die Gebühren für Amtshandlungen im Geschäftsbereich des Ministers des Innern (GebOMI)	vom 08.05.2000&nbsp;
archiv	Feiertag	Feiertag	115	10	221028	Asylverfahrensrecht und Aufenthaltsrecht; Räumliche Beschränkung des Aufenthalts von Asylsuchenden und geduldeten Ausländern Neufassung der Anwendungshinweise (Erlass Nr. 7/2010)" target="window221028">Erlass Nr. 05/2013 Asylverfahrensrecht und Aufenthaltsrecht; Räumliche Beschränkung des Aufenthalts von Asylsuchenden und geduldeten Ausländern Neufassung der Anwendungshinweise (Erlass Nr. 7/2010)	vom 18.04.2013&nbsp;
archiv	Feiertag	Feiertag	115	10	220049	Verwaltungsvorschrift über die produktorientierte Gliederung der Haushaltspläne, die Kontierung der kommunalen Bilanzen und der Ergebnis- und Finanzhaushalte sowie über die Verwendung verbindlicher Muster zur Kommunalen Haushalts- und Kassenverordnung (VV Produkt- und Kontenrahmen)	vom 18.03.2008&nbsp;
archiv	Feiertag	Feiertag	115	10	220761	Förderrichtlinie des Ministeriums des Innern zum Aufbau der Geodateninfrastruktur im Land Brandenburg (GDI-Förderrichtlinie)	vom 17.11.2011&nbsp;
archiv	Feiertag	Feiertag	115	10	215598	Förderrichtlinie des Ministeriums des Innern zum Aufbau der Geodateninfrastruktur im Land Brandenburg (- GDI-Förderrichtlinie -)	vom 18.12.2009&nbsp;
archiv	Feiertag	Feiertag	115	11	255834	2 -armen Produktionsweise (Richtlinie Brandenburg Paket Energie 2023/2024 - RiLi BEn 2023/2024)" target="window255834">Richtlinie des Ministeriums für Wirtschaft, Arbeit und Energie zur Förderung von Maßnahmen zur Reduzierung der Abhängigkeit von fossilen Energiequellen und für einen Transformationsprozess hin zu einer CO 2 -armen Produktionsweise (Richtlinie Brandenburg Paket Energie 2023/2024 - RiLi BEn 2023/2024)	vom 03.03.2023&nbsp;
archiv	Feiertag	Feiertag	115	11	251317	Richtlinie des Ministeriums für Wirtschaft, Arbeit und Energie zur Förderung der wirtschaftsnahen kommunalen Infrastruktur im Rahmen der Gemeinschaftsaufgabe „Verbesserung der regionalen Wirtschaftsstruktur“ - GRW - (GRW-I)	vom 29.12.2020&nbsp;
archiv	Feiertag	Feiertag	115	11	243487	2 -Emissionen im Rahmen der Umsetzung der Energiestrategie des Landes Brandenburg (RENplus 2014 - 2020) für Organisationen, die im Zusammenhang mit der Fördermaßnahme nicht wirtschaftlich tätig 1 sind" target="window243487">Richtlinie des Ministeriums für Wirtschaft und Energie zur Förderung von Maßnahmen zur Senkung der energiebedingten CO 2 -Emissionen im Rahmen der Umsetzung der Energiestrategie des Landes Brandenburg (RENplus 2014 - 2020) für Organisationen, die im Zusammenhang mit der Fördermaßnahme nicht wirtschaftlich tätig 1 sind	vom 29.11.2017&nbsp;
archiv	Feiertag	Feiertag	115	11	243814	Richtlinie des Ministeriums für Wirtschaft und Energie zur Förderung der wirtschaftsnahen kommunalen Infrastruktur im Rahmen der Gemeinschaftsaufgabe „Verbesserung der regionalen Wirtschaftsstruktur“ - GRW - (GRW-I)	vom 08.01.2018&nbsp;
archiv	Feiertag	Feiertag	115	11	217395	Hinweise zur Konstituierung der Organe kommunaler Gebietskörperschaften" target="window217395">Runderlass III Nr. 130/1993 Hinweise zur Konstituierung der Organe kommunaler Gebietskörperschaften	vom 16.12.1993&nbsp;
archiv	Feiertag	Feiertag	115	11	243488	2 -Emissionen im Rahmen der Umsetzung der Energiestrategie des Landes Brandenburg (RENplus 2014 - 2020) für Organisationen, die im Zusammenhang mit der Fördermaßnahme wirtschaftlich tätig 1 sind" target="window243488">Richtlinie des Ministeriums für Wirtschaft und Energie zur Förderung von Maßnahmen zur Senkung der energiebedingten CO 2 -Emissionen im Rahmen der Umsetzung der Energiestrategie des Landes Brandenburg (RENplus 2014 - 2020) für Organisationen, die im Zusammenhang mit der Fördermaßnahme wirtschaftlich tätig 1 sind	vom 29.11.2017&nbsp;
archiv	Feiertag	Feiertag	115	11	257307	Richtlinie des Ministeriums für Wirtschaft, Arbeit und Energie zur Förderung der wirtschaftsnahen kommunalen Infrastruktur im Rahmen der Gemeinschaftsaufgabe „Verbesserung der regionalen Wirtschaftsstruktur“ - GRW - (GRW-I)	vom 13.09.2023&nbsp;
archiv	Feiertag	Feiertag	115	11	253598	Richtlinie des Ministeriums für Wirtschaft, Arbeit und Energie zur Förderung der wirtschaftsnahen kommunalen Infrastruktur im Rahmen der Gemeinschaftsaufgabe „Verbesserung der regionalen Wirtschaftsstruktur“ - GRW - (GRW-I)	vom 15.02.2022&nbsp;
archiv	Feiertag	Feiertag	115	11	220195	Anordnung über die Erhebung von statistischen Daten in der Verwaltungsgerichtsbarkeit (VwG-Statistik)	vom 23.08.2008&nbsp;
archiv	Feiertag	Feiertag	115	11	217903	Aktionsplan eGovernment	vom 10.08.2004&nbsp;
archiv	Feiertag	Feiertag	115	12	220589	Anordnung über die Erhebung von statistischen Daten in der Verwaltungsgerichtsstatistik (VwG-Statistik)	vom 09.09.2010&nbsp;
archiv	Feiertag	Feiertag	115	12	220413	Anordnung über die Erhebung von statistischen Daten in der Verwaltungsgerichtsbarkeit (VwG-Statistik)	vom 27.10.2009&nbsp;
archiv	Feiertag	Feiertag	115	12	219763	Anordnung über die Erhebung von statistischen Daten in der Verwaltungsgerichtsbarkeit (VwG-Statistik)	vom 26.09.2006&nbsp;
archiv	Feiertag	Feiertag	115	12	221273	Ausführungsvorschrift zur einheitlichen Anwendung der Gebührenordnung für das amtliche Vermessungswesen im Land Brandenburg (AVGebühren)	vom 08.04.2014&nbsp;
archiv	Feiertag	Feiertag	115	12	220972	Richtlinien für den Verkehr mit dem Ausland in strafrechtlichen Angelegenheiten (RiVASt)	vom 06.12.2012&nbsp;
archiv	Feiertage	Feiertage	115	1	212219	Verordnung über den Verkauf bestimmter Waren an Sonn- und Feiertagen in Kur-, Ausflugs- und Erholungsorten (Ladenschluss-Ausnahmeverordnung - LSchlAV)	vom 09.05.2005&nbsp;
archiv	Feiertage	Feiertage	115	1	215127	Verordnung über Ausnahmen von Vorschriften des Jugendarbeitsschutzgesetzes für jugendliche Polizeivollzugsbeamte (JASchGPV)	vom 28.04.1993&nbsp;
archiv	Feiertage	Feiertage	115	1	236105	Allgemeine Ausnahmegenehmigung vom Sonn- und Feiertagsfahrverbot und vom Verkehrsverbot auf Bundesautobahnen und Bundesstraßen während der Ferienzeit für bestimmte Fahrten im Land Brandenburg	vom 21.04.2015&nbsp;
archiv	Feiertage	Feiertage	115	1	215649	Inspektionspflichten	vom 22.06.1991&nbsp;
archiv	Feiertage	Feiertage	115	1	216061	Ausführung des Gesetzes über den Ladenschluss - Muster für Verordnungen der Kreisordnungsbehörden und der örtlichen Ordnungsbehörden	vom 08.08.1994&nbsp;
archiv	Feiertage	Feiertage	115	1	220400	Ausländerrecht; Verlassen des Bereichs der räumlichen Beschränkung" target="window220400">Erlass Nr. 05/2009 Ausländerrecht; Verlassen des Bereichs der räumlichen Beschränkung	vom 17.12.2009&nbsp;
archiv	Feiertage	Feiertage	115	1	244391	Gemeinsamer Runderlass des Ministeriums für Infrastruktur und Landesplanung, Abteilung 4, Nr. 7/2018, und des Ministeriums des Innern und für Kommunales zur Bekanntgabe von straßenverkehrsbehördlichen Anordnungen im Rahmen von § 45 Absatz 4 StVO auf Bundesautobahnen im Land Brandenburg	vom 15.03.2018&nbsp;
archiv	Feiertage	Feiertage	115	1	220879	Gemeinsamer Runderlass des Ministeriums für Infrastruktur und Landwirtschaft und des Ministeriums des Innern zur Bekanntgabe von straßenverkehrsbehördlichen Anordnungen im Rahmen von § 45 Absatz 4 StVO auf Bundesautobahnen im Land Brandenburg	vom 02.08.2012&nbsp;
archiv	Feiertage	Feiertage	115	1	245277	Verwaltungsvorschrift des Ministeriums für Infrastruktur und Landesplanung für die Zuweisung von Mitteln für die Durchführung von PlusBus-Verkehren (VVPlusBus)	vom 24.08.2018&nbsp;
archiv	Feiertage	Feiertage	115	1	215189	Verordnung über die Arbeitszeit der Beamten im Land Brandenburg (Arbeitszeitverordnung - AZV Bbg)	vom 17.11.1997&nbsp;
archiv	Feiertage	Feiertage	115	2	215190	Verordnung über die Arbeitszeit der Polizeivollzugsbeamten des Landes Brandenburg (Arbeitszeitverordnung Polizei - AZV Pol)	vom 04.02.1999&nbsp;
archiv	Feiertage	Feiertage	115	2	220114	Verwaltungsvorschriften über die Organisation der Schulen in inneren und äußeren Schulangelegenheiten (VV-Schulbetrieb - VVSchulB)	vom 01.12.1997&nbsp;
archiv	Feiertage	Feiertage	115	2	248945	Verordnung über Maßnahmen zur Eindämmung des neuartigen Coronavirus SARS-CoV-2 und COVID-19 in Brandenburg (SARS-CoV-2-Eindämmungsverordnung - SARS-CoV-2-EindV)	vom 17.03.2020&nbsp;
archiv	Feiertage	Feiertage	115	2	242887	Richtlinien zur Gewährung von Zuwendungen an Schülerinnen und Schüler, mit einem Berufsausbildungsvertrag nach dem Berufsbildungsgesetz oder der Handwerksordnung zu den Kosten für Unterkunft und Verpflegung bei notwendiger auswärtiger Unterbringung (RL-Unterkunft-Verpflegung - RL-UV)	vom 03.08.2017&nbsp;
archiv	Feiertage	Feiertage	115	2	237433	Richtlinien zur Gewährung von Zuwendungen an Berufsschülerinnen und Berufsschüler zu den Kosten für Unterkunft und Verpflegung bei notwendiger auswärtiger Unterkunft (RL-Unterkunft-Verpflegung - RL-UV)	vom 10.08.2015&nbsp;
archiv	Feiertage	Feiertage	115	2	221088	Richtlinien zur Gewährung von Zuwendungen an Berufsschülerinnen und Berufsschüler zu den Kosten für Unterkunft und Verpflegung bei notwendiger auswärtiger Unterkunft (RL-Unterkunft-Verpflegung - RL-UV)	vom 29.07.2013&nbsp;
archiv	Feiertage	Feiertage	115	2	220749	Richtlinien zur Gewährung von Zuwendungen an Berufsschülerinnen und Berufsschüler zu den Kosten für Unterkunft und Verpflegung bei notwendiger auswärtiger Unterkunft (RL-Unterkunft-Verpflegung - RL-UV)	vom 04.11.2011&nbsp;
archiv	Feiertage	Feiertage	115	2	220339	Richtlinien zur Gewährung von Zuwendungen an Berufsschülerinnen und Berufsschüler zu den Kosten für Unterkunft und Verpflegung bei notwendiger auswärtiger Unterkunft (RL-Unterkunft-Verpflegung - RL-UV)	vom 13.08.2009&nbsp;
archiv	Feiertage	Feiertage	115	2	220060	Richtlinien zur Gewährung von Zuwendungen an Berufsschülerinnen und Berufsschüler zu den Kosten für Unterkunft und Verpflegung bei notwendiger auswärtiger Unterkunft (RL Unterkunft-Verpflegung - RLU-V)	vom 28.02.2008&nbsp;
archiv	Feiertage	Feiertage	115	2	215165	Verordnung über den Erholungsurlaub der Beamten und Richter im Land Brandenburg (Erholungsurlaubsverordnung - EUrlV Bbg)	vom 10.10.1994&nbsp;
archiv	Feiertage	Feiertage	115	3	218739	Richtlinien zur Gewährung von Zuwendungen an Berufsschülerinnen und Berufsschüler zu den Kosten für Unterkunft und Verpflegung bei notwendiger auswärtiger Unterkunft (RL Unterkunft-Verpflegung - RLU-V)	vom 15.06.2005&nbsp;
archiv	Feiertage	Feiertage	115	3	215503	Kostenordnung zum Verwaltungsvollstreckungsgesetz für das Land Brandenburg (Bbg KostO)	vom 16.06.1992&nbsp;
archiv	Feiertage	Feiertage	115	3	248997	Verordnung über Maßnahmen zur Eindämmung des neuartigen Coronavirus SARS-CoV-2 und COVID-19 in Brandenburg (SARS-CoV-2-Eindämmungsverordnung - SARS-CoV-2-EindV)	vom 22.03.2020&nbsp;
archiv	Feiertage	Feiertage	115	3	214658	Verwaltungsverfahrensgesetz für das Land Brandenburg (VwVfGBbg)	vom 26.02.1993&nbsp;
archiv	Feiertage	Feiertage	115	3	215689	Allgemeine Verwaltungsvorschrift für den Vollzug des Titels IV der Gewerbeordnung (MarktgewVwV)	vom 17.02.1992&nbsp;
archiv	Feiertage	Feiertage	115	3	220670	Geschäftsordnung für die Gerichte und die Staatsanwaltschaften des Landes Brandenburg	vom 24.10.1994&nbsp;
archiv	Feiertage	Feiertage	115	3	216231	Erste Änderung der Allgemeinen Verwaltungsvorschrift für den Vollzug des Titels III der Gewerbeordnung (ReisegewVwV)	vom 25.01.1996&nbsp;
archiv	Feiertage	Feiertage	115	3	215688	Allgemeine Verwaltungsvorschrift für den Vollzug des Titels III der Gewerbeordnung (ReisegewVwV)	vom 17.02.1992&nbsp;
archiv	Feiertage	Feiertage	115	3	256111	Richtlinien zur Gewährung von Zuwendungen an Schülerinnen und Schüler mit einem Berufsausbildungsvertrag nach dem Berufsbildungsgesetz oder der Handwerksordnung zu den Kosten für Unterkunft und Verpflegung bei notwendiger auswärtiger Unterkunft (RL-Unterkunft-Verpflegung - RL-UV)	vom 10.05.2023&nbsp;
archiv	Feiertage	Feiertage	115	3	248081	Richtlinien zur Gewährung von Zuwendungen an Schülerinnen und Schüler mit einem Berufsausbildungsvertrag nach dem Berufsbildungsgesetz oder der Handwerksordnung zu den Kosten für Unterkunft und Verpflegung bei notwendiger auswärtiger Unterkunft (RL-Unterkunft-Verpflegung - RL-UV)	vom 31.08.2019&nbsp;
archiv	Feiertage	Feiertage	115	4	249165	Verordnung über Maßnahmen zur Eindämmung des neuartigen Coronavirus SARS-CoV-2 und COVID-19 in Brandenburg (SARS-CoV-2-Eindämmungsverordnung - SARS-CoV-2-EindV)	vom 17.04.2020&nbsp;
archiv	Feiertage	Feiertage	115	4	216400	Geschäftsanweisung für die Sozialen Dienste der Justiz	vom 07.07.1992&nbsp;
archiv	Feiertage	Feiertage	115	4	219971	Richtlinie zur Erstattung der Fahrgeldausfälle im Nahverkehr nach § 148 des Neunten Buches Sozialgesetzbuch (Fahrgelderstattungs-Richtlinie)	vom 06.09.2007&nbsp;
archiv	Feiertage	Feiertage	115	4	216232	Erste Änderung der Allgemeinen Verwaltungsvorschrift für den Vollzug des Titels IV der Gewerbeordnung (MarktgewVwV)	vom 25.01.1996&nbsp;
archiv	Feiertage	Feiertage	115	4	212888	Verordnung über die Vergabe von Studienplätzen in zulassungsbeschränkten Studiengängen durch die Hochschulen des Landes Brandenburg (Hochschulvergabeverordnung - HVV)	vom 16.05.2014&nbsp;
archiv	Feiertage	Feiertage	115	4	214886	Verordnung über die Vergabe von Studienplätzen in zulassungsbeschränkten Studiengängen durch die Hochschulen des Landes Brandenburg (Hochschulvergabeverordnung - HVV)	vom 11.05.2005&nbsp;
archiv	Feiertage	Feiertage	115	4	212431	Verordnung über die Vergütung der Leistungen von Hebammen und Entbindungspflegern gegenüber Selbstzahlerinnen im Land Brandenburg (BbgHebVergV)	vom 22.09.2009&nbsp;
archiv	Feiertage	Feiertage	115	4	215192	Verordnung über die Bestimmung von Zuständigkeiten im Gewerberecht und über die Übertragung von Ermächtigungen zum Erlaß von Rechtsverordnungen auf den Minister für Wirtschaft, Mittelstand und Technologie (Gewerberechtszuständigkeitsverordnung - GewRZV)	vom 04.09.1991&nbsp;
archiv	Feiertage	Feiertage	115	4	218859	Richtlinie des Landes Brandenburg zur Begleitung eines freiwilligen Ausscheidens aus dem Beschäftigungsverhältnis für Arbeitnehmerinnen und Arbeitnehmer in der Landesverwaltung (Abfindungsrichtlinie)	vom 04.05.2004&nbsp;
archiv	Feiertage	Feiertage	115	4	215360	Verordnung über die Wahl der Vertreter der Beschäftigten in den Verwaltungsräten der Sparkassen (Sparkassenwahlverordnung Beschäftigte - SpkWBV)	vom 03.08.1998&nbsp;
archiv	Feiertage	Feiertage	115	5	215847	Ausführungsvorschriften über die Verfolgung und Ahndung von Zuwiderhandlungen gegen Bestimmungen des Jugendarbeitsschutzgesetzes (AV-JArbSchG)	vom 15.01.1993&nbsp;
archiv	Feiertage	Feiertage	115	5	215365	Verordnung über die Arbeitszeit für die Beamten des feuerwehrtechnischen Dienstes in den Feuerwehren und den Leitstellen der Landkreise im Land Brandenburg (Arbeitszeitverordnung Feuerwehr - AZV Feu)	vom 21.04.1999&nbsp;
archiv	Feiertage	Feiertage	115	5	212624	Verordnung über die Ausbildung und Prüfung für die Laufbahn des mittleren feuerwehrtechnischen Dienstes im Land Brandenburg (Ausbildungs- und Prüfungsordnung mittlerer feuerwehrtechnischer Dienst - APO mD-Feu)	vom 06.03.2000&nbsp;
archiv	Feiertage	Feiertage	115	5	244796	Richtlinie des Ministeriums für Bildung, Jugend und Sport des Landes Brandenburg zur Förderung berufspädagogischer Maßnahmen der Jugendhilfe in der EU-Förderperiode 2014 - 2020 (RL-berpädJuhi)	vom 19.07.2018&nbsp;
archiv	Feiertage	Feiertage	115	5	242214	Richtlinie des Ministeriums für Bildung, Jugend und Sport zur Förderung des Programms "Projekte Schule/Jugendhilfe 2020" in der EU-Förderperiode 2014 - 2020	vom 22.02.2017&nbsp;
archiv	Feiertage	Feiertage	115	5	250686	Zweite Verordnung über befristete Eindämmungsmaßnahmen aufgrund des SARS-CoV-2-Virus und COVID-19 im Land Brandenburg (Zweite SARS-CoV-2-Eindämmungsverordnung - 2. SARS-CoV-2-EindV)	vom 30.11.2020&nbsp;
archiv	Feiertage	Feiertage	115	5	212947	Verordnung über Zuständigkeiten im Gewerberecht (Gewerberechtszuständigkeitsverordnung - GewRZV)	vom 17.08.2009&nbsp;
archiv	Feiertage	Feiertage	115	5	237350	Richtlinie des Ministeriums für Bildung, Jugend und Sport zur Förderung des Programms "Projekte Schule/Jugendhilfe 2020" in der EU-Förderperiode 2014 - 2020	vom 28.07.2015&nbsp;
archiv	Feiertage	Feiertage	115	5	237358	Richtlinie des Ministeriums für Bildung, Jugend und Sport des Landes Brandenburg zur Förderung berufspädagogischer Maßnahmen der Jugendhilfe in der EU-Förderperiode 2014 - 2020 (RL-berpädJuhi)	vom 23.07.2015&nbsp;
archiv	Feiertage	Feiertage	115	5	214591	Gesetz über den Vollzug der Jugendstrafe im Land Brandenburg (Brandenburgisches Jugendstrafvollzugsgesetz - BbgJStVollzG)	vom 18.12.2007&nbsp;
archiv	Feiertage	Feiertage	115	6	215077	Geschäftsordnung des Landtages Brandenburg	vom 31.01.2005&nbsp;
archiv	Feiertage	Feiertage	115	6	216221	Erste Änderung der Allgemeinen Verwaltungsvorschrift zum § 34 b der Gewerbeordnung und zur Versteigererverordnung (VerstVwV)	vom 25.01.1996&nbsp;
archiv	Feiertage	Feiertage	115	6	215891	Richtlinien zur Erstattung der Fahrgeldausfälle im Nahverkehr nach § 62 des Schwerbehindertengesetzes (SchwbG)	vom 01.06.1993&nbsp;
archiv	Feiertage	Feiertage	115	6	215848	Ausführungsvorschriften über die Verfolgung und Ahndung von Zuwiderhandlungen gegen Bestimmungen des Gesetzes zum Schutze der erwerbstätigen Mutter (AV-MuSchG)	vom 15.01.1993&nbsp;
archiv	Feiertage	Feiertage	115	6	215676	Allgemeine Verwaltungsvorschrift zum § 34 b der Gewerbeordnung und zur Versteigererverordnung (VerstVwV)	vom 25.11.1991&nbsp;
archiv	Feiertage	Feiertage	115	6	217044	Geschäftsanweisung für Gerichtsvollzieher (GVGA) und Gerichtsvollzieherordnung (GVO) (GVGA)	vom 16.06.1992&nbsp;
archiv	Feiertage	Feiertage	115	6	251422	Sechste Verordnung über befristete Eindämmungsmaßnahmen aufgrund des SARS-CoV-2-Virus und COVID-19 im Land Brandenburg (Sechste SARS-CoV-2-Eindämmungsverordnung - 6. SARS-CoV-2-EindV)	vom 12.02.2021&nbsp;
archiv	Feiertage	Feiertage	115	6	251244	Fünfte Verordnung über befristete Eindämmungsmaßnahmen aufgrund des SARS-CoV-2-Virus und COVID-19 im Land Brandenburg (Fünfte SARS-CoV-2-Eindämmungsverordnung - 5. SARS-CoV-2-EindV)	vom 22.01.2021&nbsp;
archiv	Feiertage	Feiertage	115	6	251085	Vierte Verordnung über befristete Eindämmungsmaßnahmen aufgrund des SARS-CoV-2-Virus und COVID-19 im Land Brandenburg (Vierte SARS-CoV-2-Eindämmungsverordnung - 4. SARS-CoV-2-EindV)	vom 08.01.2021&nbsp;
archiv	Feiertage	Feiertage	115	6	250837	Dritte Verordnung über befristete Eindämmungsmaßnahmen aufgrund des SARS-CoV-2-Virus und COVID-19 im Land Brandenburg (Dritte SARS-CoV-2-Eindämmungsverordnung - 3. SARS-CoV-2-EindV)	vom 15.12.2020&nbsp;
archiv	Feiertage	Feiertage	115	7	235548	Geschäftsordnung des Landtages Brandenburg	vom 24.03.2015&nbsp;
archiv	Feiertage	Feiertage	115	7	237802	Gemeinsame Richtlinie des Ministeriums für Arbeit, Soziales, Gesundheit, Frauen und Familie und des Ministeriums für Ländliche Entwicklung, Umwelt und Landwirtschaft zur Förderung des "Programms zur qualifizierten Ausbildung im Verbundsystem" (PAV) im Land Brandenburg in der EU-Förderperiode 2014 - 2020	vom 29.07.2015&nbsp;
archiv	Feiertage	Feiertage	115	7	220901	Gemeinsame Richtlinie des Ministeriums für Arbeit, Soziales, Frauen und Familie und des Ministeriums für Infrastruktur und Landwirtschaft zur Förderung des "Programms zur qualifizierten Ausbildung im Verbundsystem" im Land Brandenburg	vom 01.10.2012&nbsp;
archiv	Feiertage	Feiertage	115	7	220712	Gemeinsame Richtlinie des Ministeriums für Arbeit, Soziales, Frauen und Familie und des Ministeriums für Infrastruktur und Landwirtschaft zur Förderung des "Programms zur qualifizierten Ausbildung im Verbundsystem" im Land Brandenburg	vom 29.08.2011&nbsp;
archiv	Feiertage	Feiertage	115	7	220631	Kammerordnung für die Justizvollzugsanstalten des Landes Brandenburg	vom 17.05.2011&nbsp;
archiv	Feiertage	Feiertage	115	7	214995	Verordnung über die Ausführung von Schornsteinfegerarbeiten und über die Gebühren und Auslagen (Kehr-, Überprüfungs- und Gebührenordnung - KÜGO)	vom 15.08.2003&nbsp;
archiv	Feiertage	Feiertage	115	7	217360	Richtlinie für die betriebliche Ausbildung im Ausbildungsberuf Vermessungstechniker/Vermessungstechnikerin	vom 21.01.2003&nbsp;
archiv	Feiertage	Feiertage	115	7	260073	Vorläufige Geschäftsordnung des Landtages Brandenburg	vom 05.11.2024&nbsp;
archiv	Feiertage	Feiertage	115	7	249725	Geschäftsordnung des Landtages Brandenburg	vom 25.06.2020&nbsp;
archiv	Feiertage	Feiertage	115	7	212738	Geschäftsordnung des Landtages Brandenburg	vom 11.05.2010&nbsp;
archiv	Feiertage	Feiertage	115	8	215011	Verordnung über die Arbeitszeit der Beamten des feuerwehrtechnischen Dienstes in den Feuerwehren und den Leitstellen der Landkreise im Land Brandenburg (Arbeitszeitverordnung Feuerwehr - AZV Feu)	vom 03.08.2007&nbsp;
archiv	Feiertage	Feiertage	115	8	219643	Allgemeine Ausnahmegenehmigung vom Feiertagsfahrverbot für Lastkraftwagen mit einem zulässigen Gesamtgewicht über 7,5 t und für Anhänger hinter Lastkraftwagen am 31. Oktober (Reformationstag) der Jahre 2006 bis 2009 auf bestimmten Strecken im Land Brandenburg für Fahrten nach und von Berlin	vom 27.09.2006&nbsp;
archiv	Feiertage	Feiertage	115	8	258604	Ausführungsbestimmungen zu § 3 Nr. 6, 8 bis 13 der Verordnung über die Zuständigkeiten im Ausländerrecht (Allgemeine Weisung im Ausländerrecht Nr. 2024.02 - AW-AuslR 2024.02)	vom 03.05.2024&nbsp;
archiv	Feiertage	Feiertage	115	8	220873	Geschäftsanweisung für Gerichtsvollzieher (GVGA) und Gerichtsvollzieherordnung (GVO) (GVGA)	vom 24.07.2012&nbsp;
archiv	Feiertage	Feiertage	115	8	216908	Verwaltungsvorschrift des Ministeriums für Stadtentwicklung, Wohnen und Verkehr zur Einkommensermittlung nach §§ 20 bis 24 des Wohnraumförderungsgesetzes (Einkommensermittlungserlass - WoFG)	vom 06.05.2002&nbsp;
archiv	Feiertage	Feiertage	115	8	212733	Brandenburgisches Spielhallengesetz (BbgSpielhG)	vom 04.04.2013&nbsp;
archiv	Feiertage	Feiertage	115	8	256553	Verwaltungsvorschrift des Ministeriums des Innern und für Kommunales über die produktorientierte Gliederung der Haushaltspläne, die Kontierung der kommunalen Bilanzen und der Ergebnis- und Finanzhaushalte sowie über die Verwendung verbindlicher Muster zur Kommunalen Haushalts- und Kassenverordnung (VV Produkt- und Kontenrahmen)	vom 23.06.2023&nbsp;
archiv	Feiertage	Feiertage	115	8	251512	Siebte Verordnung über befristete Eindämmungsmaßnahmen aufgrund des SARS-CoV-2-Virus und COVID-19 im Land Brandenburg (Siebte SARS-CoV-2-Eindämmungsverordnung - 7. SARS-CoV-2-EindV)	vom 06.03.2021&nbsp;
archiv	Feiertage	Feiertage	115	8	244798	Gemeinsame Richtlinie des Ministeriums für Arbeit, Soziales, Gesundheit, Frauen und Familie und des Ministeriums für Ländliche Entwicklung, Umwelt und Landwirtschaft zur Förderung des „Programms zur qualifizierten Ausbildung im Verbundsystem“ (PAV) im Land Brandenburg in der EU-Förderperiode 2014 - 2020	vom 25.06.2018&nbsp;
archiv	Feiertage	Feiertage	115	8	214962	Verordnung über die Verwaltungsgebühren im Geschäftsbereich des Ministers für Wirtschaft (MWGebO)	vom 12.12.2001&nbsp;
archiv	Feiertage	Feiertage	115	9	216055	Richtlinien zum Jugendgerichtsgesetz (RiJGG)	vom 18.07.1994&nbsp;
archiv	Feiertage	Feiertage	115	9	216058	Richtlinien zum Jugendgerichtsgesetz (RiJGG)	vom 18.07.1994&nbsp;
archiv	Feiertage	Feiertage	115	9	250829	Ausführungsbestimmungen zu § 3 Nr. 6 und § 4 der Verordnung über die Zuständigkeiten im Ausländerrecht (Allgemeine Weisung Nr. 09/2020 im Aufenthaltsrecht - AW-AuslR Nr. 9/2020)	vom 10.12.2020&nbsp;
archiv	Feiertage	Feiertage	115	9	212706	Staatsvertrag für Rundfunk und Telemedien (Rundfunkstaatsvertrag - RStV)	vom 31.08.1991&nbsp;
archiv	Feiertage	Feiertage	115	9	221335	Richtlinien für das Strafverfahren und das Bußgeldverfahren (RiStBV)	vom 25.11.1991&nbsp;
archiv	Feiertage	Feiertage	115	9	214689	Gesetz über die Zulassung öffentlicher Spielbanken im Land Brandenburg (Spielbankgesetz - SpielbG)	vom 22.05.1996&nbsp;
archiv	Feiertage	Feiertage	115	9	220872	Geschäftsanweisung für Gerichtsvollzieher (GVGA) und Gerichtsvollzieherordnung (GVO) (GVO)	vom 24.07.2012&nbsp;
archiv	Feiertage	Feiertage	115	9	217045	Geschäftsanweisung für Gerichtsvollzieher (GVGA) und Gerichtsvollzieherordnung (GVO) (GVO)	vom 16.06.1992&nbsp;
archiv	Feiertage	Feiertage	115	9	215185	Verordnung über die Hoheitszeichen des Landes Brandenburg (Hoheitszeichenverordnung - HzV)	vom 06.09.2000&nbsp;
archiv	Feiertage	Feiertage	115	9	214956	Verordnung über das Ausschreibungsverfahren und die Auswahl der Bewerber für die Tätigkeit als Bezirksschornsteinfegermeister oder als bevollmächtigter Bezirksschornsteinfeger (Brandenburgische Bezirksschornsteinfeger-Ausschreibungsverordnung - BbgBAV)	vom 30.09.2009&nbsp;
archiv	Feiertage	Feiertage	115	10	219904	Brandenburgische Aktenordnung (AktOBbg)	vom 22.03.2007&nbsp;
archiv	Feiertage	Feiertage	115	10	219765	Brandenburgische Aktenordnung (AktOBbg)	vom 30.11.2006&nbsp;
archiv	Feiertage	Feiertage	115	10	219173	Brandenburgische Aktenordnung (AktOBbg)	vom 10.01.2006&nbsp;
archiv	Feiertage	Feiertage	115	10	219575	Rundschreiben 10/06 (RS 10/06)	vom 05.04.2006&nbsp;
archiv	Feiertage	Feiertage	115	10	217716	Brandenburgische Aktenordnung (AktOBbg)	vom 06.02.2005&nbsp;
archiv	Feiertage	Feiertage	115	10	215001	Verordnung über die Gebühren für Amtshandlungen im Geschäftsbereich des Ministers des Innern (GebOMI)	vom 08.05.2000&nbsp;
archiv	Feiertage	Feiertage	115	10	221028	Asylverfahrensrecht und Aufenthaltsrecht; Räumliche Beschränkung des Aufenthalts von Asylsuchenden und geduldeten Ausländern Neufassung der Anwendungshinweise (Erlass Nr. 7/2010)" target="window221028">Erlass Nr. 05/2013 Asylverfahrensrecht und Aufenthaltsrecht; Räumliche Beschränkung des Aufenthalts von Asylsuchenden und geduldeten Ausländern Neufassung der Anwendungshinweise (Erlass Nr. 7/2010)	vom 18.04.2013&nbsp;
archiv	Feiertage	Feiertage	115	10	220049	Verwaltungsvorschrift über die produktorientierte Gliederung der Haushaltspläne, die Kontierung der kommunalen Bilanzen und der Ergebnis- und Finanzhaushalte sowie über die Verwendung verbindlicher Muster zur Kommunalen Haushalts- und Kassenverordnung (VV Produkt- und Kontenrahmen)	vom 18.03.2008&nbsp;
archiv	Feiertage	Feiertage	115	10	220761	Förderrichtlinie des Ministeriums des Innern zum Aufbau der Geodateninfrastruktur im Land Brandenburg (GDI-Förderrichtlinie)	vom 17.11.2011&nbsp;
archiv	Feiertage	Feiertage	115	10	215598	Förderrichtlinie des Ministeriums des Innern zum Aufbau der Geodateninfrastruktur im Land Brandenburg (- GDI-Förderrichtlinie -)	vom 18.12.2009&nbsp;
archiv	Feiertage	Feiertage	115	11	255834	2 -armen Produktionsweise (Richtlinie Brandenburg Paket Energie 2023/2024 - RiLi BEn 2023/2024)" target="window255834">Richtlinie des Ministeriums für Wirtschaft, Arbeit und Energie zur Förderung von Maßnahmen zur Reduzierung der Abhängigkeit von fossilen Energiequellen und für einen Transformationsprozess hin zu einer CO 2 -armen Produktionsweise (Richtlinie Brandenburg Paket Energie 2023/2024 - RiLi BEn 2023/2024)	vom 03.03.2023&nbsp;
archiv	Feiertage	Feiertage	115	11	251317	Richtlinie des Ministeriums für Wirtschaft, Arbeit und Energie zur Förderung der wirtschaftsnahen kommunalen Infrastruktur im Rahmen der Gemeinschaftsaufgabe „Verbesserung der regionalen Wirtschaftsstruktur“ - GRW - (GRW-I)	vom 29.12.2020&nbsp;
archiv	Feiertage	Feiertage	115	11	243487	2 -Emissionen im Rahmen der Umsetzung der Energiestrategie des Landes Brandenburg (RENplus 2014 - 2020) für Organisationen, die im Zusammenhang mit der Fördermaßnahme nicht wirtschaftlich tätig 1 sind" target="window243487">Richtlinie des Ministeriums für Wirtschaft und Energie zur Förderung von Maßnahmen zur Senkung der energiebedingten CO 2 -Emissionen im Rahmen der Umsetzung der Energiestrategie des Landes Brandenburg (RENplus 2014 - 2020) für Organisationen, die im Zusammenhang mit der Fördermaßnahme nicht wirtschaftlich tätig 1 sind	vom 29.11.2017&nbsp;
archiv	Feiertage	Feiertage	115	11	243814	Richtlinie des Ministeriums für Wirtschaft und Energie zur Förderung der wirtschaftsnahen kommunalen Infrastruktur im Rahmen der Gemeinschaftsaufgabe „Verbesserung der regionalen Wirtschaftsstruktur“ - GRW - (GRW-I)	vom 08.01.2018&nbsp;
archiv	Feiertage	Feiertage	115	11	217395	Hinweise zur Konstituierung der Organe kommunaler Gebietskörperschaften" target="window217395">Runderlass III Nr. 130/1993 Hinweise zur Konstituierung der Organe kommunaler Gebietskörperschaften	vom 16.12.1993&nbsp;
archiv	Feiertage	Feiertage	115	11	243488	2 -Emissionen im Rahmen der Umsetzung der Energiestrategie des Landes Brandenburg (RENplus 2014 - 2020) für Organisationen, die im Zusammenhang mit der Fördermaßnahme wirtschaftlich tätig 1 sind" target="window243488">Richtlinie des Ministeriums für Wirtschaft und Energie zur Förderung von Maßnahmen zur Senkung der energiebedingten CO 2 -Emissionen im Rahmen der Umsetzung der Energiestrategie des Landes Brandenburg (RENplus 2014 - 2020) für Organisationen, die im Zusammenhang mit der Fördermaßnahme wirtschaftlich tätig 1 sind	vom 29.11.2017&nbsp;
archiv	Feiertage	Feiertage	115	11	257307	Richtlinie des Ministeriums für Wirtschaft, Arbeit und Energie zur Förderung der wirtschaftsnahen kommunalen Infrastruktur im Rahmen der Gemeinschaftsaufgabe „Verbesserung der regionalen Wirtschaftsstruktur“ - GRW - (GRW-I)	vom 13.09.2023&nbsp;
archiv	Feiertage	Feiertage	115	11	253598	Richtlinie des Ministeriums für Wirtschaft, Arbeit und Energie zur Förderung der wirtschaftsnahen kommunalen Infrastruktur im Rahmen der Gemeinschaftsaufgabe „Verbesserung der regionalen Wirtschaftsstruktur“ - GRW - (GRW-I)	vom 15.02.2022&nbsp;
archiv	Feiertage	Feiertage	115	11	220195	Anordnung über die Erhebung von statistischen Daten in der Verwaltungsgerichtsbarkeit (VwG-Statistik)	vom 23.08.2008&nbsp;
archiv	Feiertage	Feiertage	115	11	217903	Aktionsplan eGovernment	vom 10.08.2004&nbsp;
archiv	Feiertage	Feiertage	115	12	220589	Anordnung über die Erhebung von statistischen Daten in der Verwaltungsgerichtsstatistik (VwG-Statistik)	vom 09.09.2010&nbsp;
archiv	Feiertage	Feiertage	115	12	220413	Anordnung über die Erhebung von statistischen Daten in der Verwaltungsgerichtsbarkeit (VwG-Statistik)	vom 27.10.2009&nbsp;
archiv	Feiertage	Feiertage	115	12	219763	Anordnung über die Erhebung von statistischen Daten in der Verwaltungsgerichtsbarkeit (VwG-Statistik)	vom 26.09.2006&nbsp;
archiv	Feiertage	Feiertage	115	12	221273	Ausführungsvorschrift zur einheitlichen Anwendung der Gebührenordnung für das amtliche Vermessungswesen im Land Brandenburg (AVGebühren)	vom 08.04.2014&nbsp;
archiv	Feiertage	Feiertage	115	12	220972	Richtlinien für den Verkehr mit dem Ausland in strafrechtlichen Angelegenheiten (RiVASt)	vom 06.12.2012&nbsp;
archiv	Feiertagsgesetz	Feiertagsgesetz	115	1	214689	Gesetz über die Zulassung öffentlicher Spielbanken im Land Brandenburg (Spielbankgesetz - SpielbG)	vom 22.05.1996&nbsp;
archiv	Feiertagsgesetz	Feiertagsgesetz	115	1	216231	Erste Änderung der Allgemeinen Verwaltungsvorschrift für den Vollzug des Titels III der Gewerbeordnung (ReisegewVwV)	vom 25.01.1996&nbsp;
archiv	Feiertagsgesetz	Feiertagsgesetz	115	1	215688	Allgemeine Verwaltungsvorschrift für den Vollzug des Titels III der Gewerbeordnung (ReisegewVwV)	vom 17.02.1992&nbsp;
archiv	Feiertagsgesetz	Feiertagsgesetz	115	1	215001	Verordnung über die Gebühren für Amtshandlungen im Geschäftsbereich des Ministers des Innern (GebOMI)	vom 08.05.2000&nbsp;
archiv	Feiertagsgesetz	Feiertagsgesetz	115	1	236105	Allgemeine Ausnahmegenehmigung vom Sonn- und Feiertagsfahrverbot und vom Verkehrsverbot auf Bundesautobahnen und Bundesstraßen während der Ferienzeit für bestimmte Fahrten im Land Brandenburg	vom 21.04.2015&nbsp;
archiv	Feiertagsgesetz	Feiertagsgesetz	115	1	215365	Verordnung über die Arbeitszeit für die Beamten des feuerwehrtechnischen Dienstes in den Feuerwehren und den Leitstellen der Landkreise im Land Brandenburg (Arbeitszeitverordnung Feuerwehr - AZV Feu)	vom 21.04.1999&nbsp;
archiv	Feiertagsgesetz	Feiertagsgesetz	115	1	220195	Anordnung über die Erhebung von statistischen Daten in der Verwaltungsgerichtsbarkeit (VwG-Statistik)	vom 23.08.2008&nbsp;
archiv	Feiertagsgesetz	Feiertagsgesetz	115	1	215127	Verordnung über Ausnahmen von Vorschriften des Jugendarbeitsschutzgesetzes für jugendliche Polizeivollzugsbeamte (JASchGPV)	vom 28.04.1993&nbsp;
archiv	Feiertagsgesetz	Feiertagsgesetz	115	1	215011	Verordnung über die Arbeitszeit der Beamten des feuerwehrtechnischen Dienstes in den Feuerwehren und den Leitstellen der Landkreise im Land Brandenburg (Arbeitszeitverordnung Feuerwehr - AZV Feu)	vom 03.08.2007&nbsp;
archiv	Feiertagsgesetz	Feiertagsgesetz	115	1	219643	Allgemeine Ausnahmegenehmigung vom Feiertagsfahrverbot für Lastkraftwagen mit einem zulässigen Gesamtgewicht über 7,5 t und für Anhänger hinter Lastkraftwagen am 31. Oktober (Reformationstag) der Jahre 2006 bis 2009 auf bestimmten Strecken im Land Brandenburg für Fahrten nach und von Berlin	vom 27.09.2006&nbsp;
archiv	Feiertagsgesetz	Feiertagsgesetz	115	2	220589	Anordnung über die Erhebung von statistischen Daten in der Verwaltungsgerichtsstatistik (VwG-Statistik)	vom 09.09.2010&nbsp;
archiv	Feiertagsgesetz	Feiertagsgesetz	115	2	220413	Anordnung über die Erhebung von statistischen Daten in der Verwaltungsgerichtsbarkeit (VwG-Statistik)	vom 27.10.2009&nbsp;
archiv	Feiertagsgesetz	Feiertagsgesetz	115	2	219763	Anordnung über die Erhebung von statistischen Daten in der Verwaltungsgerichtsbarkeit (VwG-Statistik)	vom 26.09.2006&nbsp;
archiv	Feiertagsgesetz	Feiertagsgesetz	115	2	212733	Brandenburgisches Spielhallengesetz (BbgSpielhG)	vom 04.04.2013&nbsp;
archiv	Feiertagsgesetz	Feiertagsgesetz	115	2	215649	Inspektionspflichten	vom 22.06.1991&nbsp;
archiv	Feiertagsgesetz	Feiertagsgesetz	115	2	216061	Ausführung des Gesetzes über den Ladenschluss - Muster für Verordnungen der Kreisordnungsbehörden und der örtlichen Ordnungsbehörden	vom 08.08.1994&nbsp;
archiv	Feiertagsgesetz	Feiertagsgesetz	115	2	220400	Ausländerrecht; Verlassen des Bereichs der räumlichen Beschränkung" target="window220400">Erlass Nr. 05/2009 Ausländerrecht; Verlassen des Bereichs der räumlichen Beschränkung	vom 17.12.2009&nbsp;
archiv	Feiertagsgesetz	Feiertagsgesetz	115	2	220114	Verwaltungsvorschriften über die Organisation der Schulen in inneren und äußeren Schulangelegenheiten (VV-Schulbetrieb - VVSchulB)	vom 01.12.1997&nbsp;
archiv	Feiertagsgesetz	Feiertagsgesetz	115	2	215190	Verordnung über die Arbeitszeit der Polizeivollzugsbeamten des Landes Brandenburg (Arbeitszeitverordnung Polizei - AZV Pol)	vom 04.02.1999&nbsp;
archiv	Feiertagsgesetz	Feiertagsgesetz	115	2	244391	Gemeinsamer Runderlass des Ministeriums für Infrastruktur und Landesplanung, Abteilung 4, Nr. 7/2018, und des Ministeriums des Innern und für Kommunales zur Bekanntgabe von straßenverkehrsbehördlichen Anordnungen im Rahmen von § 45 Absatz 4 StVO auf Bundesautobahnen im Land Brandenburg	vom 15.03.2018&nbsp;
archiv	Feiertagsgesetz	Feiertagsgesetz	115	3	220879	Gemeinsamer Runderlass des Ministeriums für Infrastruktur und Landwirtschaft und des Ministeriums des Innern zur Bekanntgabe von straßenverkehrsbehördlichen Anordnungen im Rahmen von § 45 Absatz 4 StVO auf Bundesautobahnen im Land Brandenburg	vom 02.08.2012&nbsp;
archiv	Feiertagsgesetz	Feiertagsgesetz	115	3	212219	Verordnung über den Verkauf bestimmter Waren an Sonn- und Feiertagen in Kur-, Ausflugs- und Erholungsorten (Ladenschluss-Ausnahmeverordnung - LSchlAV)	vom 09.05.2005&nbsp;
archiv	Feiertagsgesetz	Feiertagsgesetz	115	3	215185	Verordnung über die Hoheitszeichen des Landes Brandenburg (Hoheitszeichenverordnung - HzV)	vom 06.09.2000&nbsp;
archiv	Feiertagsgesetz	Feiertagsgesetz	115	3	245277	Verwaltungsvorschrift des Ministeriums für Infrastruktur und Landesplanung für die Zuweisung von Mitteln für die Durchführung von PlusBus-Verkehren (VVPlusBus)	vom 24.08.2018&nbsp;
archiv	Feiertagsgesetz	Feiertagsgesetz	115	3	215189	Verordnung über die Arbeitszeit der Beamten im Land Brandenburg (Arbeitszeitverordnung - AZV Bbg)	vom 17.11.1997&nbsp;
archiv	Feiertagsgesetz	Feiertagsgesetz	115	3	214956	Verordnung über das Ausschreibungsverfahren und die Auswahl der Bewerber für die Tätigkeit als Bezirksschornsteinfegermeister oder als bevollmächtigter Bezirksschornsteinfeger (Brandenburgische Bezirksschornsteinfeger-Ausschreibungsverordnung - BbgBAV)	vom 30.09.2009&nbsp;
archiv	Feiertagsgesetz	Feiertagsgesetz	115	3	248945	Verordnung über Maßnahmen zur Eindämmung des neuartigen Coronavirus SARS-CoV-2 und COVID-19 in Brandenburg (SARS-CoV-2-Eindämmungsverordnung - SARS-CoV-2-EindV)	vom 17.03.2020&nbsp;
archiv	Feiertagsgesetz	Feiertagsgesetz	115	3	242887	Richtlinien zur Gewährung von Zuwendungen an Schülerinnen und Schüler, mit einem Berufsausbildungsvertrag nach dem Berufsbildungsgesetz oder der Handwerksordnung zu den Kosten für Unterkunft und Verpflegung bei notwendiger auswärtiger Unterbringung (RL-Unterkunft-Verpflegung - RL-UV)	vom 03.08.2017&nbsp;
archiv	Feiertagsgesetz	Feiertagsgesetz	115	3	237433	Richtlinien zur Gewährung von Zuwendungen an Berufsschülerinnen und Berufsschüler zu den Kosten für Unterkunft und Verpflegung bei notwendiger auswärtiger Unterkunft (RL-Unterkunft-Verpflegung - RL-UV)	vom 10.08.2015&nbsp;
archiv	Feiertagsgesetz	Feiertagsgesetz	115	3	221088	Richtlinien zur Gewährung von Zuwendungen an Berufsschülerinnen und Berufsschüler zu den Kosten für Unterkunft und Verpflegung bei notwendiger auswärtiger Unterkunft (RL-Unterkunft-Verpflegung - RL-UV)	vom 29.07.2013&nbsp;
archiv	Feiertagsgesetz	Feiertagsgesetz	115	4	220749	Richtlinien zur Gewährung von Zuwendungen an Berufsschülerinnen und Berufsschüler zu den Kosten für Unterkunft und Verpflegung bei notwendiger auswärtiger Unterkunft (RL-Unterkunft-Verpflegung - RL-UV)	vom 04.11.2011&nbsp;
archiv	Feiertagsgesetz	Feiertagsgesetz	115	4	220339	Richtlinien zur Gewährung von Zuwendungen an Berufsschülerinnen und Berufsschüler zu den Kosten für Unterkunft und Verpflegung bei notwendiger auswärtiger Unterkunft (RL-Unterkunft-Verpflegung - RL-UV)	vom 13.08.2009&nbsp;
archiv	Feiertagsgesetz	Feiertagsgesetz	115	4	219971	Richtlinie zur Erstattung der Fahrgeldausfälle im Nahverkehr nach § 148 des Neunten Buches Sozialgesetzbuch (Fahrgelderstattungs-Richtlinie)	vom 06.09.2007&nbsp;
archiv	Feiertagsgesetz	Feiertagsgesetz	115	4	220060	Richtlinien zur Gewährung von Zuwendungen an Berufsschülerinnen und Berufsschüler zu den Kosten für Unterkunft und Verpflegung bei notwendiger auswärtiger Unterkunft (RL Unterkunft-Verpflegung - RLU-V)	vom 28.02.2008&nbsp;
archiv	Feiertagsgesetz	Feiertagsgesetz	115	4	215165	Verordnung über den Erholungsurlaub der Beamten und Richter im Land Brandenburg (Erholungsurlaubsverordnung - EUrlV Bbg)	vom 10.10.1994&nbsp;
archiv	Feiertagsgesetz	Feiertagsgesetz	115	4	218739	Richtlinien zur Gewährung von Zuwendungen an Berufsschülerinnen und Berufsschüler zu den Kosten für Unterkunft und Verpflegung bei notwendiger auswärtiger Unterkunft (RL Unterkunft-Verpflegung - RLU-V)	vom 15.06.2005&nbsp;
archiv	Feiertagsgesetz	Feiertagsgesetz	115	4	215503	Kostenordnung zum Verwaltungsvollstreckungsgesetz für das Land Brandenburg (Bbg KostO)	vom 16.06.1992&nbsp;
archiv	Feiertagsgesetz	Feiertagsgesetz	115	4	215360	Verordnung über die Wahl der Vertreter der Beschäftigten in den Verwaltungsräten der Sparkassen (Sparkassenwahlverordnung Beschäftigte - SpkWBV)	vom 03.08.1998&nbsp;
archiv	Feiertagsgesetz	Feiertagsgesetz	115	4	248997	Verordnung über Maßnahmen zur Eindämmung des neuartigen Coronavirus SARS-CoV-2 und COVID-19 in Brandenburg (SARS-CoV-2-Eindämmungsverordnung - SARS-CoV-2-EindV)	vom 22.03.2020&nbsp;
archiv	Feiertagsgesetz	Feiertagsgesetz	115	4	214658	Verwaltungsverfahrensgesetz für das Land Brandenburg (VwVfGBbg)	vom 26.02.1993&nbsp;
archiv	Feiertagsgesetz	Feiertagsgesetz	115	5	219575	Rundschreiben 10/06 (RS 10/06)	vom 05.04.2006&nbsp;
archiv	Feiertagsgesetz	Feiertagsgesetz	115	5	215689	Allgemeine Verwaltungsvorschrift für den Vollzug des Titels IV der Gewerbeordnung (MarktgewVwV)	vom 17.02.1992&nbsp;
archiv	Feiertagsgesetz	Feiertagsgesetz	115	5	220670	Geschäftsordnung für die Gerichte und die Staatsanwaltschaften des Landes Brandenburg	vom 24.10.1994&nbsp;
archiv	Feiertagsgesetz	Feiertagsgesetz	115	5	256111	Richtlinien zur Gewährung von Zuwendungen an Schülerinnen und Schüler mit einem Berufsausbildungsvertrag nach dem Berufsbildungsgesetz oder der Handwerksordnung zu den Kosten für Unterkunft und Verpflegung bei notwendiger auswärtiger Unterkunft (RL-Unterkunft-Verpflegung - RL-UV)	vom 10.05.2023&nbsp;
archiv	Feiertagsgesetz	Feiertagsgesetz	115	5	248081	Richtlinien zur Gewährung von Zuwendungen an Schülerinnen und Schüler mit einem Berufsausbildungsvertrag nach dem Berufsbildungsgesetz oder der Handwerksordnung zu den Kosten für Unterkunft und Verpflegung bei notwendiger auswärtiger Unterkunft (RL-Unterkunft-Verpflegung - RL-UV)	vom 31.08.2019&nbsp;
archiv	Feiertagsgesetz	Feiertagsgesetz	115	5	249165	Verordnung über Maßnahmen zur Eindämmung des neuartigen Coronavirus SARS-CoV-2 und COVID-19 in Brandenburg (SARS-CoV-2-Eindämmungsverordnung - SARS-CoV-2-EindV)	vom 17.04.2020&nbsp;
archiv	Feiertagsgesetz	Feiertagsgesetz	115	5	221028	Asylverfahrensrecht und Aufenthaltsrecht; Räumliche Beschränkung des Aufenthalts von Asylsuchenden und geduldeten Ausländern Neufassung der Anwendungshinweise (Erlass Nr. 7/2010)" target="window221028">Erlass Nr. 05/2013 Asylverfahrensrecht und Aufenthaltsrecht; Räumliche Beschränkung des Aufenthalts von Asylsuchenden und geduldeten Ausländern Neufassung der Anwendungshinweise (Erlass Nr. 7/2010)	vom 18.04.2013&nbsp;
archiv	Feiertagsgesetz	Feiertagsgesetz	115	5	216400	Geschäftsanweisung für die Sozialen Dienste der Justiz	vom 07.07.1992&nbsp;
archiv	Feiertagsgesetz	Feiertagsgesetz	115	5	215848	Ausführungsvorschriften über die Verfolgung und Ahndung von Zuwiderhandlungen gegen Bestimmungen des Gesetzes zum Schutze der erwerbstätigen Mutter (AV-MuSchG)	vom 15.01.1993&nbsp;
archiv	Feiertagsgesetz	Feiertagsgesetz	115	5	216232	Erste Änderung der Allgemeinen Verwaltungsvorschrift für den Vollzug des Titels IV der Gewerbeordnung (MarktgewVwV)	vom 25.01.1996&nbsp;
archiv	Feiertagsgesetz	Feiertagsgesetz	115	6	212888	Verordnung über die Vergabe von Studienplätzen in zulassungsbeschränkten Studiengängen durch die Hochschulen des Landes Brandenburg (Hochschulvergabeverordnung - HVV)	vom 16.05.2014&nbsp;
archiv	Feiertagsgesetz	Feiertagsgesetz	115	6	214886	Verordnung über die Vergabe von Studienplätzen in zulassungsbeschränkten Studiengängen durch die Hochschulen des Landes Brandenburg (Hochschulvergabeverordnung - HVV)	vom 11.05.2005&nbsp;
archiv	Feiertagsgesetz	Feiertagsgesetz	115	6	220761	Förderrichtlinie des Ministeriums des Innern zum Aufbau der Geodateninfrastruktur im Land Brandenburg (GDI-Förderrichtlinie)	vom 17.11.2011&nbsp;
archiv	Feiertagsgesetz	Feiertagsgesetz	115	6	215598	Förderrichtlinie des Ministeriums des Innern zum Aufbau der Geodateninfrastruktur im Land Brandenburg (- GDI-Förderrichtlinie -)	vom 18.12.2009&nbsp;
archiv	Feiertagsgesetz	Feiertagsgesetz	115	6	212431	Verordnung über die Vergütung der Leistungen von Hebammen und Entbindungspflegern gegenüber Selbstzahlerinnen im Land Brandenburg (BbgHebVergV)	vom 22.09.2009&nbsp;
archiv	Feiertagsgesetz	Feiertagsgesetz	115	6	215192	Verordnung über die Bestimmung von Zuständigkeiten im Gewerberecht und über die Übertragung von Ermächtigungen zum Erlaß von Rechtsverordnungen auf den Minister für Wirtschaft, Mittelstand und Technologie (Gewerberechtszuständigkeitsverordnung - GewRZV)	vom 04.09.1991&nbsp;
archiv	Feiertagsgesetz	Feiertagsgesetz	115	6	218859	Richtlinie des Landes Brandenburg zur Begleitung eines freiwilligen Ausscheidens aus dem Beschäftigungsverhältnis für Arbeitnehmerinnen und Arbeitnehmer in der Landesverwaltung (Abfindungsrichtlinie)	vom 04.05.2004&nbsp;
archiv	Feiertagsgesetz	Feiertagsgesetz	115	6	215847	Ausführungsvorschriften über die Verfolgung und Ahndung von Zuwiderhandlungen gegen Bestimmungen des Jugendarbeitsschutzgesetzes (AV-JArbSchG)	vom 15.01.1993&nbsp;
archiv	Feiertagsgesetz	Feiertagsgesetz	115	6	255834	2 -armen Produktionsweise (Richtlinie Brandenburg Paket Energie 2023/2024 - RiLi BEn 2023/2024)" target="window255834">Richtlinie des Ministeriums für Wirtschaft, Arbeit und Energie zur Förderung von Maßnahmen zur Reduzierung der Abhängigkeit von fossilen Energiequellen und für einen Transformationsprozess hin zu einer CO 2 -armen Produktionsweise (Richtlinie Brandenburg Paket Energie 2023/2024 - RiLi BEn 2023/2024)	vom 03.03.2023&nbsp;
archiv	Feiertagsgesetz	Feiertagsgesetz	115	6	212624	Verordnung über die Ausbildung und Prüfung für die Laufbahn des mittleren feuerwehrtechnischen Dienstes im Land Brandenburg (Ausbildungs- und Prüfungsordnung mittlerer feuerwehrtechnischer Dienst - APO mD-Feu)	vom 06.03.2000&nbsp;
archiv	Feiertagsgesetz	Feiertagsgesetz	115	7	244796	Richtlinie des Ministeriums für Bildung, Jugend und Sport des Landes Brandenburg zur Förderung berufspädagogischer Maßnahmen der Jugendhilfe in der EU-Förderperiode 2014 - 2020 (RL-berpädJuhi)	vom 19.07.2018&nbsp;
archiv	Feiertagsgesetz	Feiertagsgesetz	115	7	242214	Richtlinie des Ministeriums für Bildung, Jugend und Sport zur Förderung des Programms "Projekte Schule/Jugendhilfe 2020" in der EU-Förderperiode 2014 - 2020	vom 22.02.2017&nbsp;
archiv	Feiertagsgesetz	Feiertagsgesetz	115	7	251317	Richtlinie des Ministeriums für Wirtschaft, Arbeit und Energie zur Förderung der wirtschaftsnahen kommunalen Infrastruktur im Rahmen der Gemeinschaftsaufgabe „Verbesserung der regionalen Wirtschaftsstruktur“ - GRW - (GRW-I)	vom 29.12.2020&nbsp;
archiv	Feiertagsgesetz	Feiertagsgesetz	115	7	243487	2 -Emissionen im Rahmen der Umsetzung der Energiestrategie des Landes Brandenburg (RENplus 2014 - 2020) für Organisationen, die im Zusammenhang mit der Fördermaßnahme nicht wirtschaftlich tätig 1 sind" target="window243487">Richtlinie des Ministeriums für Wirtschaft und Energie zur Förderung von Maßnahmen zur Senkung der energiebedingten CO 2 -Emissionen im Rahmen der Umsetzung der Energiestrategie des Landes Brandenburg (RENplus 2014 - 2020) für Organisationen, die im Zusammenhang mit der Fördermaßnahme nicht wirtschaftlich tätig 1 sind	vom 29.11.2017&nbsp;
archiv	Feiertagsgesetz	Feiertagsgesetz	115	7	250686	Zweite Verordnung über befristete Eindämmungsmaßnahmen aufgrund des SARS-CoV-2-Virus und COVID-19 im Land Brandenburg (Zweite SARS-CoV-2-Eindämmungsverordnung - 2. SARS-CoV-2-EindV)	vom 30.11.2020&nbsp;
archiv	Feiertagsgesetz	Feiertagsgesetz	115	7	212947	Verordnung über Zuständigkeiten im Gewerberecht (Gewerberechtszuständigkeitsverordnung - GewRZV)	vom 17.08.2009&nbsp;
archiv	Feiertagsgesetz	Feiertagsgesetz	115	7	243814	Richtlinie des Ministeriums für Wirtschaft und Energie zur Förderung der wirtschaftsnahen kommunalen Infrastruktur im Rahmen der Gemeinschaftsaufgabe „Verbesserung der regionalen Wirtschaftsstruktur“ - GRW - (GRW-I)	vom 08.01.2018&nbsp;
archiv	Feiertagsgesetz	Feiertagsgesetz	115	7	237350	Richtlinie des Ministeriums für Bildung, Jugend und Sport zur Förderung des Programms "Projekte Schule/Jugendhilfe 2020" in der EU-Förderperiode 2014 - 2020	vom 28.07.2015&nbsp;
archiv	Feiertagsgesetz	Feiertagsgesetz	115	7	237358	Richtlinie des Ministeriums für Bildung, Jugend und Sport des Landes Brandenburg zur Förderung berufspädagogischer Maßnahmen der Jugendhilfe in der EU-Förderperiode 2014 - 2020 (RL-berpädJuhi)	vom 23.07.2015&nbsp;
archiv	Feiertagsgesetz	Feiertagsgesetz	115	7	214591	Gesetz über den Vollzug der Jugendstrafe im Land Brandenburg (Brandenburgisches Jugendstrafvollzugsgesetz - BbgJStVollzG)	vom 18.12.2007&nbsp;
archiv	Feiertagsgesetz	Feiertagsgesetz	115	8	215077	Geschäftsordnung des Landtages Brandenburg	vom 31.01.2005&nbsp;
archiv	Feiertagsgesetz	Feiertagsgesetz	115	8	217044	Geschäftsanweisung für Gerichtsvollzieher (GVGA) und Gerichtsvollzieherordnung (GVO) (GVGA)	vom 16.06.1992&nbsp;
archiv	Feiertagsgesetz	Feiertagsgesetz	115	8	216221	Erste Änderung der Allgemeinen Verwaltungsvorschrift zum § 34 b der Gewerbeordnung und zur Versteigererverordnung (VerstVwV)	vom 25.01.1996&nbsp;
archiv	Feiertagsgesetz	Feiertagsgesetz	115	8	217395	Hinweise zur Konstituierung der Organe kommunaler Gebietskörperschaften" target="window217395">Runderlass III Nr. 130/1993 Hinweise zur Konstituierung der Organe kommunaler Gebietskörperschaften	vom 16.12.1993&nbsp;
archiv	Feiertagsgesetz	Feiertagsgesetz	115	8	215891	Richtlinien zur Erstattung der Fahrgeldausfälle im Nahverkehr nach § 62 des Schwerbehindertengesetzes (SchwbG)	vom 01.06.1993&nbsp;
archiv	Feiertagsgesetz	Feiertagsgesetz	115	8	215676	Allgemeine Verwaltungsvorschrift zum § 34 b der Gewerbeordnung und zur Versteigererverordnung (VerstVwV)	vom 25.11.1991&nbsp;
archiv	Feiertagsgesetz	Feiertagsgesetz	115	8	251422	Sechste Verordnung über befristete Eindämmungsmaßnahmen aufgrund des SARS-CoV-2-Virus und COVID-19 im Land Brandenburg (Sechste SARS-CoV-2-Eindämmungsverordnung - 6. SARS-CoV-2-EindV)	vom 12.02.2021&nbsp;
archiv	Feiertagsgesetz	Feiertagsgesetz	115	8	251244	Fünfte Verordnung über befristete Eindämmungsmaßnahmen aufgrund des SARS-CoV-2-Virus und COVID-19 im Land Brandenburg (Fünfte SARS-CoV-2-Eindämmungsverordnung - 5. SARS-CoV-2-EindV)	vom 22.01.2021&nbsp;
archiv	Feiertagsgesetz	Feiertagsgesetz	115	8	251085	Vierte Verordnung über befristete Eindämmungsmaßnahmen aufgrund des SARS-CoV-2-Virus und COVID-19 im Land Brandenburg (Vierte SARS-CoV-2-Eindämmungsverordnung - 4. SARS-CoV-2-EindV)	vom 08.01.2021&nbsp;
archiv	Feiertagsgesetz	Feiertagsgesetz	115	8	243488	2 -Emissionen im Rahmen der Umsetzung der Energiestrategie des Landes Brandenburg (RENplus 2014 - 2020) für Organisationen, die im Zusammenhang mit der Fördermaßnahme wirtschaftlich tätig 1 sind" target="window243488">Richtlinie des Ministeriums für Wirtschaft und Energie zur Förderung von Maßnahmen zur Senkung der energiebedingten CO 2 -Emissionen im Rahmen der Umsetzung der Energiestrategie des Landes Brandenburg (RENplus 2014 - 2020) für Organisationen, die im Zusammenhang mit der Fördermaßnahme wirtschaftlich tätig 1 sind	vom 29.11.2017&nbsp;
archiv	Feiertagsgesetz	Feiertagsgesetz	115	9	250837	Dritte Verordnung über befristete Eindämmungsmaßnahmen aufgrund des SARS-CoV-2-Virus und COVID-19 im Land Brandenburg (Dritte SARS-CoV-2-Eindämmungsverordnung - 3. SARS-CoV-2-EindV)	vom 15.12.2020&nbsp;
archiv	Feiertagsgesetz	Feiertagsgesetz	115	9	235548	Geschäftsordnung des Landtages Brandenburg	vom 24.03.2015&nbsp;
archiv	Feiertagsgesetz	Feiertagsgesetz	115	9	237802	Gemeinsame Richtlinie des Ministeriums für Arbeit, Soziales, Gesundheit, Frauen und Familie und des Ministeriums für Ländliche Entwicklung, Umwelt und Landwirtschaft zur Förderung des "Programms zur qualifizierten Ausbildung im Verbundsystem" (PAV) im Land Brandenburg in der EU-Förderperiode 2014 - 2020	vom 29.07.2015&nbsp;
archiv	Feiertagsgesetz	Feiertagsgesetz	115	9	220901	Gemeinsame Richtlinie des Ministeriums für Arbeit, Soziales, Frauen und Familie und des Ministeriums für Infrastruktur und Landwirtschaft zur Förderung des "Programms zur qualifizierten Ausbildung im Verbundsystem" im Land Brandenburg	vom 01.10.2012&nbsp;
archiv	Feiertagsgesetz	Feiertagsgesetz	115	9	220712	Gemeinsame Richtlinie des Ministeriums für Arbeit, Soziales, Frauen und Familie und des Ministeriums für Infrastruktur und Landwirtschaft zur Förderung des "Programms zur qualifizierten Ausbildung im Verbundsystem" im Land Brandenburg	vom 29.08.2011&nbsp;
archiv	Feiertagsgesetz	Feiertagsgesetz	115	9	220631	Kammerordnung für die Justizvollzugsanstalten des Landes Brandenburg	vom 17.05.2011&nbsp;
archiv	Feiertagsgesetz	Feiertagsgesetz	115	9	214995	Verordnung über die Ausführung von Schornsteinfegerarbeiten und über die Gebühren und Auslagen (Kehr-, Überprüfungs- und Gebührenordnung - KÜGO)	vom 15.08.2003&nbsp;
archiv	Feiertagsgesetz	Feiertagsgesetz	115	9	217360	Richtlinie für die betriebliche Ausbildung im Ausbildungsberuf Vermessungstechniker/Vermessungstechnikerin	vom 21.01.2003&nbsp;
archiv	Feiertagsgesetz	Feiertagsgesetz	115	9	260073	Vorläufige Geschäftsordnung des Landtages Brandenburg	vom 05.11.2024&nbsp;
archiv	Feiertagsgesetz	Feiertagsgesetz	115	9	257307	Richtlinie des Ministeriums für Wirtschaft, Arbeit und Energie zur Förderung der wirtschaftsnahen kommunalen Infrastruktur im Rahmen der Gemeinschaftsaufgabe „Verbesserung der regionalen Wirtschaftsstruktur“ - GRW - (GRW-I)	vom 13.09.2023&nbsp;
archiv	Feiertagsgesetz	Feiertagsgesetz	115	10	253598	Richtlinie des Ministeriums für Wirtschaft, Arbeit und Energie zur Förderung der wirtschaftsnahen kommunalen Infrastruktur im Rahmen der Gemeinschaftsaufgabe „Verbesserung der regionalen Wirtschaftsstruktur“ - GRW - (GRW-I)	vom 15.02.2022&nbsp;
archiv	Feiertagsgesetz	Feiertagsgesetz	115	10	249725	Geschäftsordnung des Landtages Brandenburg	vom 25.06.2020&nbsp;
archiv	Feiertagsgesetz	Feiertagsgesetz	115	10	212738	Geschäftsordnung des Landtages Brandenburg	vom 11.05.2010&nbsp;
archiv	Feiertagsgesetz	Feiertagsgesetz	115	10	220873	Geschäftsanweisung für Gerichtsvollzieher (GVGA) und Gerichtsvollzieherordnung (GVO) (GVGA)	vom 24.07.2012&nbsp;
archiv	Feiertagsgesetz	Feiertagsgesetz	115	10	258604	Ausführungsbestimmungen zu § 3 Nr. 6, 8 bis 13 der Verordnung über die Zuständigkeiten im Ausländerrecht (Allgemeine Weisung im Ausländerrecht Nr. 2024.02 - AW-AuslR 2024.02)	vom 03.05.2024&nbsp;
archiv	Feiertagsgesetz	Feiertagsgesetz	115	10	212706	Staatsvertrag für Rundfunk und Telemedien (Rundfunkstaatsvertrag - RStV)	vom 31.08.1991&nbsp;
archiv	Feiertagsgesetz	Feiertagsgesetz	115	10	216908	Verwaltungsvorschrift des Ministeriums für Stadtentwicklung, Wohnen und Verkehr zur Einkommensermittlung nach §§ 20 bis 24 des Wohnraumförderungsgesetzes (Einkommensermittlungserlass - WoFG)	vom 06.05.2002&nbsp;
archiv	Feiertagsgesetz	Feiertagsgesetz	115	10	256553	Verwaltungsvorschrift des Ministeriums des Innern und für Kommunales über die produktorientierte Gliederung der Haushaltspläne, die Kontierung der kommunalen Bilanzen und der Ergebnis- und Finanzhaushalte sowie über die Verwendung verbindlicher Muster zur Kommunalen Haushalts- und Kassenverordnung (VV Produkt- und Kontenrahmen)	vom 23.06.2023&nbsp;
archiv	Feiertagsgesetz	Feiertagsgesetz	115	10	251512	Siebte Verordnung über befristete Eindämmungsmaßnahmen aufgrund des SARS-CoV-2-Virus und COVID-19 im Land Brandenburg (Siebte SARS-CoV-2-Eindämmungsverordnung - 7. SARS-CoV-2-EindV)	vom 06.03.2021&nbsp;
archiv	Feiertagsgesetz	Feiertagsgesetz	115	10	244798	Gemeinsame Richtlinie des Ministeriums für Arbeit, Soziales, Gesundheit, Frauen und Familie und des Ministeriums für Ländliche Entwicklung, Umwelt und Landwirtschaft zur Förderung des „Programms zur qualifizierten Ausbildung im Verbundsystem“ (PAV) im Land Brandenburg in der EU-Förderperiode 2014 - 2020	vom 25.06.2018&nbsp;
archiv	Feiertagsgesetz	Feiertagsgesetz	115	11	214962	Verordnung über die Verwaltungsgebühren im Geschäftsbereich des Ministers für Wirtschaft (MWGebO)	vom 12.12.2001&nbsp;
archiv	Feiertagsgesetz	Feiertagsgesetz	115	11	216055	Richtlinien zum Jugendgerichtsgesetz (RiJGG)	vom 18.07.1994&nbsp;
archiv	Feiertagsgesetz	Feiertagsgesetz	115	11	216058	Richtlinien zum Jugendgerichtsgesetz (RiJGG)	vom 18.07.1994&nbsp;
archiv	Feiertagsgesetz	Feiertagsgesetz	115	11	250829	Ausführungsbestimmungen zu § 3 Nr. 6 und § 4 der Verordnung über die Zuständigkeiten im Ausländerrecht (Allgemeine Weisung Nr. 09/2020 im Aufenthaltsrecht - AW-AuslR Nr. 9/2020)	vom 10.12.2020&nbsp;
archiv	Feiertagsgesetz	Feiertagsgesetz	115	11	221335	Richtlinien für das Strafverfahren und das Bußgeldverfahren (RiStBV)	vom 25.11.1991&nbsp;
archiv	Feiertagsgesetz	Feiertagsgesetz	115	11	220872	Geschäftsanweisung für Gerichtsvollzieher (GVGA) und Gerichtsvollzieherordnung (GVO) (GVO)	vom 24.07.2012&nbsp;
archiv	Feiertagsgesetz	Feiertagsgesetz	115	11	217903	Aktionsplan eGovernment	vom 10.08.2004&nbsp;
archiv	Feiertagsgesetz	Feiertagsgesetz	115	11	217045	Geschäftsanweisung für Gerichtsvollzieher (GVGA) und Gerichtsvollzieherordnung (GVO) (GVO)	vom 16.06.1992&nbsp;
archiv	Feiertagsgesetz	Feiertagsgesetz	115	11	221273	Ausführungsvorschrift zur einheitlichen Anwendung der Gebührenordnung für das amtliche Vermessungswesen im Land Brandenburg (AVGebühren)	vom 08.04.2014&nbsp;
archiv	Feiertagsgesetz	Feiertagsgesetz	115	11	220972	Richtlinien für den Verkehr mit dem Ausland in strafrechtlichen Angelegenheiten (RiVASt)	vom 06.12.2012&nbsp;
archiv	Feiertagsgesetz	Feiertagsgesetz	115	12	219904	Brandenburgische Aktenordnung (AktOBbg)	vom 22.03.2007&nbsp;
archiv	Feiertagsgesetz	Feiertagsgesetz	115	12	219765	Brandenburgische Aktenordnung (AktOBbg)	vom 30.11.2006&nbsp;
archiv	Feiertagsgesetz	Feiertagsgesetz	115	12	219173	Brandenburgische Aktenordnung (AktOBbg)	vom 10.01.2006&nbsp;
archiv	Feiertagsgesetz	Feiertagsgesetz	115	12	217716	Brandenburgische Aktenordnung (AktOBbg)	vom 06.02.2005&nbsp;
archiv	Feiertagsgesetz	Feiertagsgesetz	115	12	220049	Verwaltungsvorschrift über die produktorientierte Gliederung der Haushaltspläne, die Kontierung der kommunalen Bilanzen und der Ergebnis- und Finanzhaushalte sowie über die Verwendung verbindlicher Muster zur Kommunalen Haushalts- und Kassenverordnung (VV Produkt- und Kontenrahmen)	vom 18.03.2008&nbsp;
archiv	einmalig	einmalig	255	1	253758	Gesetz zur Gewährung einer einmaligen Sonderzahlung aus Anlass der COVID-19-Pandemie an Besoldungsempfängerinnen und Besoldungsempfänger für das Land Brandenburg (Brandenburgisches Corona-Sonderzahlungsgesetz - BbgCorSZG)	vom 20.01.2022&nbsp;
archiv	einmalig	einmalig	255	1	220099	Verwaltungsvorschrift über einmalige Zuweisungen an Landkreise zum Ausgleich von Haushaltsdefiziten (Rderl. 5/2008)" target="window220099">Runderlass Nr. 5/2008 in kommunalen Angelegenheiten Verwaltungsvorschrift über einmalige Zuweisungen an Landkreise zum Ausgleich von Haushaltsdefiziten (Rderl. 5/2008)	vom 19.03.2008&nbsp;
archiv	einmalig	einmalig	255	1	214651	Brandenburgisches Sonderzahlungsgesetz (BbgSZG)	vom 16.06.2004&nbsp;
archiv	einmalig	einmalig	255	1	216601	Grundsatzbeschluss Nr. 26 des Landespersonalaussschusses des Landes Brandenburg	vom 11.08.1999&nbsp;
archiv	einmalig	einmalig	255	1	249123	Richtlinie des Ministeriums für Wirtschaft, Arbeit und Energie des Landes Brandenburg zur Gewährung einer Soforthilfe für von der Corona-Krise 2020 unter Berücksichtigung der Vollzugshinweise für die Soforthilfen des Bundes für die Gewährung von Überbrückungshilfen als Billigkeitsleistungen für von der Corona-Krise in ihrer Existenz bedrohte kleine Unternehmen und Soloselbständige	vom 31.03.2020&nbsp;
archiv	einmalig	einmalig	255	1	216022	Richtlinien für die Gewährung von Gehaltsvorschüssen an die Gerichtsvollzieher	vom 22.09.1992&nbsp;
archiv	einmalig	einmalig	255	1	252757	Richtlinie des Ministeriums für Soziales, Gesundheit, Integration und Verbraucherschutz über die Gewährung von Billigkeitsleistungen zum Ausgleich asylbedingter Mehraufwendungen aus Anlass der COVID-19-Pandemie im Jahr 2021 (Corona-Sonderprogramm asylbedingte Mehraufwendungen)	vom 22.10.2021&nbsp;
archiv	einmalig	einmalig	255	1	212444	Verordnung zur Festsetzung der pauschalen Förderung nach dem Brandenburgischen Krankenhausentwicklungsgesetz für das Jahr 2010 (BbgKHEGPFV)	vom 26.11.2010&nbsp;
archiv	einmalig	einmalig	255	1	214999	Verordnung zur Festsetzung der pauschalen Förderung nach dem Krankenhausgesetz des Landes Brandenburg für das Jahr 2009 (LKGPFV)	vom 07.07.2009&nbsp;
archiv	einmalig	einmalig	255	1	215016	Verordnung zur Festsetzung der pauschalen Förderung nach dem Krankenhausgesetz des Landes Brandenburg für das Jahr 2008 (LKGPFV)	vom 13.11.2008&nbsp;
archiv	einmalig	einmalig	255	2	219891	Verwaltungsvorschrift über die Zuweisungen an Gemeinden zur Überwindung besonderer Härten infolge der Neuregelung zur Verteilung der Schlüsselzuweisungen im Jahr 2007 (Rderl. 1/2007)" target="window219891">Runderlass Nr. 1/2007 in kommunalen Angelegenheiten Verwaltungsvorschrift über die Zuweisungen an Gemeinden zur Überwindung besonderer Härten infolge der Neuregelung zur Verteilung der Schlüsselzuweisungen im Jahr 2007 (Rderl. 1/2007)	vom 26.02.2007&nbsp;
archiv	einmalig	einmalig	255	2	217819	Rundschreiben 3/98 (RS 3/98)	vom 03.02.1998&nbsp;
archiv	einmalig	einmalig	255	2	218313	Kassenmittel, Betriebsmittel	vom 26.03.1991&nbsp;
archiv	einmalig	einmalig	255	2	219936	Leistungs- und Entgeltverzeichnis 2006 des Landesbetriebes für Datenverarbeitung und Statistik	vom &nbsp;
archiv	einmalig	einmalig	255	2	255004	Richtlinie des Ministeriums für Soziales, Gesundheit, Integration und Verbraucherschutz über die Gewährung von Billigkeitsleistungen zum Ausgleich asylbedingter Mehraufwendungen aus Anlass der COVID-19-Pandemie im Jahr 2022 (2. Corona-Sonderprogramm asylbedingte Mehraufwendungen)	vom 02.11.2022&nbsp;
archiv	einmalig	einmalig	255	2	250253	Rundschreiben 19/20 (RS 19/20)	vom 23.09.2020&nbsp;
archiv	einmalig	einmalig	255	2	214911	Verordnung zur Festsetzung der pauschalen Förderung nach dem Brandenburgischen Krankenhausentwicklungsgesetz für das Jahr 2012 (Krankenhauspauschalfördermittelverordnung - BbgKHEGPFV)	vom 19.06.2012&nbsp;
archiv	einmalig	einmalig	255	2	212589	Verordnung zur Festsetzung der pauschalen Förderung nach dem Brandenburgischen Krankenhausentwicklungsgesetz für das Jahr 2011 (BbgKHEGPFV)	vom 01.12.2011&nbsp;
archiv	einmalig	einmalig	255	2	212224	Verordnung zur Festsetzung der pauschalen Förderung nach dem Krankenhausgesetz des Landes Brandenburg für das Jahr 2007 (LKGPFV)	vom 08.10.2007&nbsp;
archiv	einmalig	einmalig	255	2	215204	Verordnung zur Festsetzung der pauschalen Förderung nach dem Krankenhausgesetz des Landes Brandenburg (LKGPFV)	vom 24.10.2006&nbsp;
archiv	einmalig	einmalig	255	3	218010	Rundschreiben 32/03 (RS 32/03)	vom 11.11.2003&nbsp;
archiv	einmalig	einmalig	255	3	241407	Verordnung über die Erstattung des Zusatzaufwandes aus der Anwendung des Sorben/Wenden-Gesetzes (SWGKostenV)	vom 25.10.2016&nbsp;
archiv	einmalig	einmalig	255	3	248634	Richtlinie zur Förderung von selbst genutztem Wohneigentum in Innenstädten (WohneigentumInnenstadtR)	vom 09.12.2019&nbsp;
archiv	einmalig	einmalig	255	3	249823	Richtlinie des Landes Brandenburg für die Gewährung von Billigkeitsleistungen zum Ausgleich kommunaler Mehrausgaben im Zusammenhang mit dem Ausbruch von COVID-19 im Jahr 2020 (RL Kommunaler Rettungsschirm Corona 2020)	vom 10.07.2020&nbsp;
archiv	einmalig	einmalig	255	3	249044	Richtlinie des Ministeriums für Wirtschaft, Arbeit und Energie des Landes Brandenburg zur Gewährung einer Soforthilfe für von der Coronakrise 2020 besonders geschädigte gewerbliche Unternehmen und Angehörige Freier Berufe	vom 24.03.2020&nbsp;
archiv	einmalig	einmalig	255	3	212342	Verordnung über die Förderung von Investitionen zur Schaffung einer leistungsfähigen, zahlenmäßig ausreichenden und wirtschaftlichen Versorgungsstruktur im Pflegebereich (Pflegeinvestitionsverordnung - PflInvV)	vom 13.03.1996&nbsp;
archiv	einmalig	einmalig	255	3	214670	Vergnügungssteuergesetz für das Land Brandenburg (VergnügStG)	vom 27.06.1991&nbsp;
archiv	einmalig	einmalig	255	3	216095	Richtlinien über die Gewährung von Zuwendungen an Junglandwirte für die erstmalige Niederlassung in einem landwirtschaftlichen Betrieb	vom 18.03.1993&nbsp;
archiv	einmalig	einmalig	255	3	211447	Gesetz zur Regelung der Zuweisungen des Landes Brandenburg an die Gemeinden und Landkreise im Haushaltsjahr 1991 (Gemeindefinanzierungsgesetz - GFG 1991)	vom 19.07.1991&nbsp;
archiv	einmalig	einmalig	255	3	248214	Richtlinie des Ministeriums für Arbeit, Soziales, Gesundheit, Frauen und Familie des Landes Brandenburg über die Gewährung von Zuwendungen an Beratungsstellen sowie an eine Landesstelle zur Vermeidung und Bekämpfung der Glücksspielsucht im Land Brandenburg	vom 03.09.2019&nbsp;
archiv	einmalig	einmalig	255	4	218636	Rundschreiben 7/05 (RS 7/05)	vom 22.04.2005&nbsp;
archiv	einmalig	einmalig	255	4	243834	Richtlinie zur Förderung von selbst genutztem Wohneigentum in Innenstädten (WohneigentumInnenstadtR)	vom 10.01.2018&nbsp;
archiv	einmalig	einmalig	255	4	255964	Richtlinie des Ministeriums für Wirtschaft, Arbeit und Energie des Landes Brandenburg über die Gewährung von Härtefallhilfen als Billigkeitsleistungen an kleine und mittlere Unternehmen (KMU), die infolge der Energiekrise von besonders stark gestiegenen Energiepreisen betroffen sind - „Härtefallhilfe KMU Energie“ -	vom 15.03.2023&nbsp;
archiv	einmalig	einmalig	255	4	220595	Richtlinie des Ministeriums des Innern über die Unterstützung von Aufgabenträgern der Abwasserentsorgung und der Trinkwasserversorgung bei der wirtschaftlichen Stabilisierung und der Zusammenarbeit von Aufgabenträgern (Richtlinie Schuldenmanagementfonds - RLSchMF)	vom 28.02.2011&nbsp;
archiv	einmalig	einmalig	255	4	220417	Richtlinie des Ministeriums für Umwelt, Gesundheit und Verbraucherschutz über die Unterstützung von Aufgabenträgern der Abwasserentsorgung bei der wirtschaftlichen Stabilisierung und der Zusammenarbeit von Aufgabenträgern (Schuldenmanagementfonds - SchMF)	vom 01.02.2010&nbsp;
archiv	einmalig	einmalig	255	4	220205	Richtlinie zur Förderung von selbst genutztem Wohneigentum in Innenstädten (WohneigentumInnenstadtR)	vom 24.04.2009&nbsp;
archiv	einmalig	einmalig	255	4	219830	Richtlinie des Ministeriums für Ländliche Entwicklung, Umwelt und Verbraucherschutz über die Unterstützung von Aufgabenträgern der Abwasserentsorgung bei der wirtschaftlichen Stabilisierung und der Zusammenarbeit von Aufgabenträgern (Schuldenmanagementfonds - SchMF)	vom 20.12.2006&nbsp;
archiv	einmalig	einmalig	255	4	219776	Richtlinie zur Förderung von selbstgenutztem Wohneigentum in Innenstädten (WohneigentumInnenstadtR - WohneigentumInnenstadtR)	vom 02.02.2007&nbsp;
archiv	einmalig	einmalig	255	4	257684	Richtlinie zur Förderung von selbst genutztem Wohneigentum (WohneigentumförderR)	vom 12.02.2024&nbsp;
archiv	einmalig	einmalig	255	4	248216	Richtlinie des Ministeriums für Arbeit, Soziales, Gesundheit, Frauen und Familie des Landes Brandenburg über die Gewährung von Zuwendungen an überregionale Suchtpräventionsfachstellen (ÜSPF) sowie an eine Zentralstelle Suchtprävention im Land Brandenburg	vom 03.09.2019&nbsp;
archiv	einmalig	einmalig	255	5	243424	Richtlinie des Ministeriums für Arbeit, Soziales, Gesundheit, Frauen und Familie des Landes Brandenburg über die Gewährung von Zuwendungen an Beratungsstellen zur Vermeidung und Bekämpfung der Glücksspielsucht im Land Brandenburg sowie an eine Landesstelle zur Vermeidung und Bekämpfung der Glücksspielsucht im Land Brandenburg	vom 20.07.2017&nbsp;
archiv	einmalig	einmalig	255	5	237966	Richtlinie des Ministeriums für Wirtschaft und Energie des Landes Brandenburg für die Förderung von Existenzgründungen und Unternehmensnachfolgen im Handwerk im Land Brandenburg (Meistergründungsprämie Brandenburg)	vom 19.10.2015&nbsp;
archiv	einmalig	einmalig	255	5	233594	Richtlinie des Ministeriums für Wirtschaft und Energie des Landes Brandenburg für das Programm "Brandenburgischer Innovationsgutschein (BIG)" zur Förderung von Innovationsprojekten von kleinen und mittleren Unternehmen inklusive Handwerksbetrieben	vom 19.01.2015&nbsp;
archiv	einmalig	einmalig	255	5	215086	Gebührenordnung des Ministeriums für Ländliche Entwicklung, Umwelt und Verbraucherschutz (GebOMLUV)	vom 17.12.2001&nbsp;
archiv	einmalig	einmalig	255	5	215363	Verordnung über die Ausbildung und Prüfung für die Laufbahn des mittleren Polizeivollzugsdienstes des Landes Brandenburg (Ausbildungs- und Prüfungsordnung mittlerer Polizeivollzugsdienst - APOmPolD)	vom 21.04.1999&nbsp;
archiv	einmalig	einmalig	255	5	215364	Verordnung über die Ausbildung und Prüfung für die Laufbahn des gehobenen Polizeivollzugsdienstes des Landes Brandenburg (Ausbildungs- und Prüfungsordnung gehobener Polizeivollzugsdienst - APOgPolD)	vom 07.07.1998&nbsp;
archiv	einmalig	einmalig	255	5	257965	Billigkeitsrichtlinie des Ministeriums für Soziales, Gesundheit, Integration und Verbraucherschutz zur Gewährung einer Soforthilfe zur Aufrechterhaltung der Strukturen bei gemeinnützigen Tierschutzorganisationen im Bereich des Tierschutzes (Tierschutz-Soforthilfe-Billigkeitsrichtlinie)	vom 05.03.2024&nbsp;
archiv	einmalig	einmalig	255	5	256108	Billigkeitsrichtlinie des Ministeriums für Soziales, Gesundheit, Integration und Verbraucherschutz zur Gewährung einer Soforthilfe zur Aufrechterhaltung der Strukturen bei gemeinnützigen Tierschutzorganisationen im Bereich des Tierschutzes (Tierschutz-Soforthilfe-Billigkeitsrichtlinie)	vom 25.04.2023&nbsp;
archiv	einmalig	einmalig	255	5	250139	Verordnung über die Ausbildung und Prüfung für die Laufbahnen des Polizeivollzugsdienstes im Land Brandenburg (Polizeiausbildungs- und Prüfungsordnung - PAPO)	vom 02.09.2020&nbsp;
archiv	einmalig	einmalig	255	5	249423	Gewährung einer Soforthilfe für von der Coronakrise geschädigte gemeinnützige Träger von Tierheimen und tierheimähnlichen Einrichtungen (RL-MSGIV-Corona-Tierheim-Soforthilfe)	vom 14.05.2020&nbsp;
archiv	einmalig	einmalig	255	6	249243	Richtlinie des Ministeriums für Bildung, Jugend und Sport des Landes Brandenburg zur Gewährung einer Soforthilfe für von der Coronakrise geschädigte gemeinnützige Träger der Bereiche Bildung, Jugend und Sport (RL-MBJS-Corona-Soforthilfe)	vom 29.04.2020&nbsp;
archiv	einmalig	einmalig	255	6	249208	Rundschreiben 11/20 (RS 11/20)	vom 21.04.2020&nbsp;
archiv	einmalig	einmalig	255	6	242919	Rundschreiben 13/17 (RS 13/17)	vom 11.08.2017&nbsp;
archiv	einmalig	einmalig	255	6	212196	Gesetz über die Rechtsstellung und Finanzierung der Fraktionen im Landtag Brandenburg (Fraktionsgesetz - FraktG)	vom 29.03.1994&nbsp;
archiv	einmalig	einmalig	255	6	220933	Rundschreiben 14/12 (RS 14/12)	vom 26.09.2012&nbsp;
archiv	einmalig	einmalig	255	6	220601	Richtlinie zur Förderung des Erwerbs von Geschäftsanteilen an Wohnungsgenossenschaften (GenossenschaftsR)	vom 24.02.2011&nbsp;
archiv	einmalig	einmalig	255	6	220272	Richtlinie zur Förderung des Erwerbs von Geschäftsanteilen an Wohnungsgenossenschaften (GenossenschaftsR)	vom 10.06.2009&nbsp;
archiv	einmalig	einmalig	255	6	215062	Verordnung über die Bewilligung von Zuschüssen an die Träger von Ersatzschulen (Ersatzschulzuschussverordnung - ESZV)	vom 16.03.2006&nbsp;
archiv	einmalig	einmalig	255	6	219775	Richtlinie zur Förderung des Erwerbs von Geschäftsanteilen an Wohnungsgenossenschaften (Genossenschaftsrichtlinie - GenossenschaftsR)	vom 05.02.2007&nbsp;
archiv	einmalig	einmalig	255	6	219375	Erlass zur Förderung der behindertengerechten Anpassung von Mietwohnungen (Änderung) (Wohnraumanpassungserlass)	vom 21.12.2005&nbsp;
archiv	einmalig	einmalig	255	7	215074	Verordnung über die Bewilligung von Zuschüssen an die Träger von Ersatzschulen (Ersatzschulzuschußverordnung - ESZV)	vom 14.11.1997&nbsp;
archiv	einmalig	einmalig	255	7	219873	Richtlinie über die Zulassung von Beamtinnen und Beamten des mittleren Dienstes der Steuerverwaltung des Landes Brandenburg für den Aufstieg in die Laufbahn des gehobenen Dienstes derselben Fachrichtung ab 2006	vom 06.03.2006&nbsp;
archiv	einmalig	einmalig	255	7	211830	Gesetz zur Regelung der Zuweisungen des Landes Brandenburg an die Gemeinden und Landkreise im Haushaltsjahr 1992 (Gemeindefinanzierungsgesetz - GFG 1992)	vom 04.03.1992&nbsp;
archiv	einmalig	einmalig	255	7	217210	Richtlinie zur Förderung des Erwerbs von Geschäftsanteilen an neu gegründeten Wohnungsgenossenschaften (GenossenschaftsR)	vom 23.03.2004&nbsp;
archiv	einmalig	einmalig	255	7	217191	Erlass des Ministeriums für Stadtentwicklung, Wohnen und Verkehr zur Förderung der behindertengerechten Anpassung von Mietwohnungen (Wohnraumanpassungserlass)	vom 16.03.2004&nbsp;
archiv	einmalig	einmalig	255	7	248665	Richtlinie über den Inhalt und die Darstellung sowie die Gliederung der Regionalpläne (Darstellungsrichtlinie)	vom 09.01.1997&nbsp;
archiv	einmalig	einmalig	255	7	217436	Öffentlichkeitsarbeit der Kommunen, insbesondere in der Vorwahlzeit" target="window217436">Runderlass III Nr. 39/1994 Öffentlichkeitsarbeit der Kommunen, insbesondere in der Vorwahlzeit	vom 28.04.1994&nbsp;
archiv	einmalig	einmalig	255	7	253611	Richtlinie zur Förderung von selbst genutztem Wohneigentum (WohneigentumförderR)	vom 23.02.2022&nbsp;
archiv	einmalig	einmalig	255	7	257005	Richtlinie des Ministeriums für Bildung, Jugend und Sport des Landes Brandenburg zur Gewährung von Billigkeitsleistungen zur Aufrechterhaltung der sozialen Infrastrukturen der gemeinnützigen Träger und Einrichtungen der Bereiche Bildung, Jugend und Sport sowie der kommunalen Volkshochschulen (RL-Brandenburg-Paket - MBJS)	vom 28.08.2023&nbsp;
archiv	einmalig	einmalig	255	7	253549	Richtlinie des Ministeriums für Bildung, Jugend und Sport über die Gewährung von Zuwendungen zur Unterstützung der örtlichen Träger der öffentlichen Jugendhilfe bei der Umsetzung von Regelungen zur Durchführung von SARS-CoV-2-Virus und COVID-19 Testungen für Kinder in Kindertagesstätten und Kindertagespflegestellen im vorschulischen Bereich im Land Brandenburg durch Eltern (RL SARS-CoV-2-Testungen Kitakinder 2022)	vom 19.01.2022&nbsp;
archiv	einmalig	einmalig	255	8	253596	Richtlinie des Ministeriums für Bildung, Jugend und Sport über die Gewährung von Zuwendungen zur Unterstützung der örtlichen Träger der öffentlichen Jugendhilfe bei der Umsetzung von Regeleungen zur Durchführung von SARS-VoV-2-Virus und COVID-19 Testungen für Kinder in Kindertagesstätten und Kindertagespflegestellen im vorschulischen Bereich im Land Brandenburg durch Eltern (RL SARS-VoV-2-Testungen Kitakinder 2022)	vom 25.02.2022&nbsp;
archiv	einmalig	einmalig	255	8	251371	Richtlinie des Ministeriums für Soziales, Gesundheit, Integration und Verbraucherschutz des Landes Brandenburg über die Gewährung von Zuwendungen an überregionale Suchtpräventionsfachstellen (ÜSPF) sowie an eine Zentralstelle Suchtprävention im Land Brandenburg	vom 28.12.2020&nbsp;
archiv	einmalig	einmalig	255	8	251712	Richtlinie des Ministeriums für Bildung, Jugend und Sport über die Gewährung von Zuwendungen zur Unterstützung der Jugendhilfeträger bei der Durchführung eines SARS-CoV-2 und COVID-19 Testprogramms (Antigen-Schnelltests) in den Einrichtungen der Kinder- und Jugendhilfe im Land Brandenburg (RL SARS-CoV-2-Testprogramm Jugendhilfe 2021)	vom 25.03.2021&nbsp;
archiv	einmalig	einmalig	255	8	252522	Richtlinie des Ministeriums für Bildung, Jugend und Sport über die Gewährung von Zuwendungen zur Unterstützung der Jugendhilfeträger bei der Durchführung eines SARS-CoV-2 und COVID-19 Testprogramms (Antigen-Schnelltests) in den Einrichtungen der Kinder- und Jugendhilfe im Land Brandenburg (RL SARS-CoV-2-Testprogramm Jugendhilfe 2021)	vom 31.05.2021&nbsp;
archiv	einmalig	einmalig	255	8	242373	Richtlinie des Ministeriums für Wirtschaft und Energie des Landes Brandenburg für das Programm „Brandenburgischer Innovationsgutschein (BIG)“ zur Stärkung der Wettbewerbsfähigkeit und Innovationskraft von kleinen und mittleren Unternehmen inklusive Handwerksbetrieben	vom 18.04.2017&nbsp;
archiv	einmalig	einmalig	255	8	242088	Richtlinie des Ministeriums für Arbeit, Soziales, Gesundheit, Frauen und Familie des Landes Brandenburg über die Gewährung von Zuwendungen an Überregionale Suchtpräventionsfachstellen (ÜSPF) sowie an eine Zentralstelle Suchtprävention im Land Brandenburg	vom 19.12.2016&nbsp;
archiv	einmalig	einmalig	255	8	212576	Verordnung über die Ausbildung und Prüfung für die Laufbahn des mittleren Polizeivollzugsdienstes des Landes Brandenburg (Ausbildungs- und Prüfungsordnung mittlerer Polizeivollzugsdienst - APOmPolD)	vom 25.04.2007&nbsp;
archiv	einmalig	einmalig	255	8	220869	Richtlinie des Ministeriums für Arbeit, Soziales, Frauen und Familie zur Förderung der beruflichen Weiterbildung - Kompetenzentwicklung durch Qualifizierung von Beschäftigten und in kleinen und mittleren Unternehmen im Land Brandenburg (Weiterbildungsrichtlinie)	vom 03.07.2012&nbsp;
archiv	einmalig	einmalig	255	8	211834	Gesetz zur Regelung der Zuweisungen des Landes Brandenburg an die Gemeinden und Landkreise im Haushaltsjahr 2002 und 2003 (Gemeindefinanzierungsgesetz 2002/2003 - GFG 2002/2003)	vom 18.12.2001&nbsp;
archiv	einmalig	einmalig	255	8	218859	Richtlinie des Landes Brandenburg zur Begleitung eines freiwilligen Ausscheidens aus dem Beschäftigungsverhältnis für Arbeitnehmerinnen und Arbeitnehmer in der Landesverwaltung (Abfindungsrichtlinie)	vom 04.05.2004&nbsp;
archiv	einmalig	einmalig	255	9	255917	Billigkeitsrichtlinie des Ministeriums für Soziales, Gesundheit, Integration und Verbraucherschutz zur Gewährung einer Soforthilfe für Privathaushalte, die infolge der gestiegenen Energiepreise und der hohen Inflation von Energiesperren bedroht sind (Energiesperren-Soforthilfe-Billigkeitsrichtlinie)	vom 14.03.2023&nbsp;
archiv	einmalig	einmalig	255	9	251318	Richtlinie des Ministeriums für Landwirtschaft, Umwelt und Klimaschutz des Landes Brandenburg über die Gewährung von Zuwendungen an kommunale Aufgabenträger der Siedlungswasserwirtschaft zur Herausbildung nachhaltiger Strukturen (Richtlinie Strukturanpassung)	vom 06.01.2021&nbsp;
archiv	einmalig	einmalig	255	9	249873	Gewährung einer Soforthilfe für von der Corona-Pandemie geschädigte Träger von sozialen Einrichtungen, Diensten und Beratungsstellen (RL-MSGIV-Corona-Sozialwirtschaft-Soforthilfe)	vom 27.07.2020&nbsp;
archiv	einmalig	einmalig	255	9	248778	Richtlinie zur Förderung des Abbaus von Barrieren bei vorhandenem Wohnraum (WohnraumanpassungsR)	vom 20.12.2019&nbsp;
archiv	einmalig	einmalig	255	9	246660	Richtlinie des Ministeriums für Ländliche Entwicklung, Umwelt und Landwirtschaft des Landes Brandenburg über die Gewährung von Zuwendungen an kommunale Aufgabenträger der Siedlungswasserwirtschaft zur Herausbildung nachhaltiger Strukturen (Richtlinie Strukturanpassung)	vom 20.02.2019&nbsp;
archiv	einmalig	einmalig	255	9	246264	Härtefallfonds für die durch die gesetzlichen Vorschriften über die Abwicklung der Bodenreform in Artikel 233 §§ 11 bis 16 des Einführungsgesetzes zum Bürgerlichen Gesetzbuche betroffenen Erbinnen und Erben mit Wohnsitz im Land Brandenburg	vom 21.12.2018&nbsp;
archiv	einmalig	einmalig	255	9	245123	Richtlinie des Ministeriums für Infrastruktur und Landesplanung zur Förderung der Übertragung des KombiBus-Prinzips (Kombinierte Serviceleistungen als ergänzendes Angebot im Linienverkehr) im Land Brandenburg (Rili KombiBus)	vom 31.07.2018&nbsp;
archiv	einmalig	einmalig	255	9	245072	Rundschreiben 10/18 (RS 10/18)	vom 08.08.2018&nbsp;
archiv	einmalig	einmalig	255	9	221201	Richtlinie zur Förderung des Abbaus von Barrieren bei vorhandenem Wohnraum (WohnraumanpassungsR)	vom 20.06.2014&nbsp;
archiv	einmalig	einmalig	255	9	240432	Richtlinie des Ministeriums für Infrastruktur und Landesplanung zur Förderung der Übertragung des KombiBus-Prinzips (Kombinierte Serviceleistungen als ergänzendes Angebot im Linienverkehr) im Land Brandenburg (Rili KombiBus)	vom 20.05.2016&nbsp;
archiv	einmalig	einmalig	255	10	221350	Richtlinie des Ministeriums für Wirtschaft und Europaangelegenheiten des Landes Brandenburg für das Programm "Innovationsgutscheine" zur Förderung des Technologie- und Wissenstransfers in kleine und mittlere Unternehmen inklusive Handwerksbetriebe	vom 25.08.2014&nbsp;
archiv	einmalig	einmalig	255	10	221163	Richtlinie des Ministeriums für Wirtschaft und Europaangelegenheiten des Landes Brandenburg für das Programm "Innovationsgutscheine" zur Förderung des Technologie- und Wissenstransfers in kleine und mittlere Unternehmen inklusive Handwerksbetriebe (Innovationsgutscheine)	vom 23.01.2014&nbsp;
archiv	einmalig	einmalig	255	10	212684	Verordnung über die Ausbildung und Prüfung für die Laufbahn des gehobenen Polizeivollzugsdienstes des Landes Brandenburg (Ausbildungs- und Prüfungsordnung gehobener Polizeivollzugsdienst - APOgPol D )	vom 24.08.2012&nbsp;
archiv	einmalig	einmalig	255	10	220741	Richtlinie des Ministeriums für Wirtschaft und Europaangelegenheiten des Landes Brandenburg für das Programm "Innovationsgutscheine" zur Förderung des Technologie- und Wissenstransfers in kleine und mittlere Unternehmen inklusive Handwerksbetriebe	vom 11.10.2011&nbsp;
archiv	einmalig	einmalig	255	10	220599	Richtlinie zur Förderung der behindertengerechten Anpassung von vorhandenem Wohnraum (WohnraumanpassungsR)	vom 08.07.2011&nbsp;
archiv	einmalig	einmalig	255	10	220383	Richtlinie des Ministeriums für Wirtschaft und Europaangelegenheiten des Landes Brandenburg für das Programm „Innovationsgutscheine“ zur Förderung des Technologie- und Wissenstransfers in kleine und mittlere Unternehmen inklusive Handwerksbetrieben (Innovationsgutscheine)	vom 30.11.2009&nbsp;
archiv	einmalig	einmalig	255	10	220212	Richtlinie des Ministeriums für Ländliche Entwicklung, Umwelt und Verbraucherschutz über die Gewährung von Zuwendungen für die Förderung der Breitbandversorgung ländlicher Räume	vom 01.06.2009&nbsp;
archiv	einmalig	einmalig	255	10	220208	Richtlinie zur Förderung der behindertengerechten Anpassung von vorhandenem Wohnraum (WohnraumanpassungsR)	vom 01.09.2009&nbsp;
archiv	einmalig	einmalig	255	10	220150	Richtlinie des Ministeriums für Ländliche Entwicklung, Umwelt und Verbraucherschutz über die Gewährung von Zuwendungen für die Förderung der Breitbandversorgung ländlicher Räume	vom 06.11.2008&nbsp;
archiv	einmalig	einmalig	255	10	219894	Richtlinie des Ministeriums für Wirtschaft über die Gewährung von Zuschüssen an kleinen und mittlere Unternehmen im Land Brandenburg zur Beschäftigung von Innovationsassistenten (Innoassi - IA)	vom &nbsp;
archiv	einmalig	einmalig	255	11	219784	Richtlinie des Ministeriums für Wirtschaft des Landes Brandenburg zur Förderung von Gemeinschaftsprojekten wirtschaftsnaher Institutionen zur Markterschließung im gesamtwirtschaftlichen Interesse des Landes Brandenburg (Markterschließungsrichtlinie Teil B)	vom 13.02.2007&nbsp;
archiv	einmalig	einmalig	255	11	219781	Richtlinie zur Förderung der behindertengerechten Anpassung von Mietwohnungen (WohnraumanpassungsR)	vom 05.02.2007&nbsp;
archiv	einmalig	einmalig	255	11	219740	Richtlinie des Ministeriums für Wirtschaft über die Gewährung von zuschüssen an kleinen und mittlere Unternehmen im Land Brandenburg zur Beschäftigung von Innovationsassistenten vom 23. Februar 2004 (Innoassi - IA)	vom 24.02.2004&nbsp;
archiv	einmalig	einmalig	255	11	212208	Verordnung über Zuständigkeiten des Landesamtes für Soziales und Versorgung im sozialen Entschädigungsrecht und nach dem Schwerbehindertenrecht (Versorgungsverwaltungszuständigkeitsverordnung - VersVwZV)	vom 11.08.2006&nbsp;
archiv	einmalig	einmalig	255	11	218716	Richtlinie zur Förderung des Stadtumbaus durch Wohneigentumsbildung in innerstädtischen Altbauquartieren (WohneigentumStadtumbauR) (WohneigentumStadtumbauR)	vom &nbsp;
archiv	einmalig	einmalig	255	11	218075	Richtlinie des Ministeriums für Wirtschaft des Landes Brandenburg zur Förderung von Gemeinschaftsprojekten wirtschaftsnaherInstitutionen zur Markterschließung im Gesamtinteresse des Landes Brandenburg (MER Teil B)	vom 14.12.2004&nbsp;
archiv	einmalig	einmalig	255	11	217460	Haushaltsmittel für Fraktionen in Vertretungen kommunaler Körperschaften" target="window217460">Runderlass III Nr. 74/1994 Haushaltsmittel für Fraktionen in Vertretungen kommunaler Körperschaften	vom 07.12.1997&nbsp;
archiv	einmalig	einmalig	255	11	211831	Gesetz zur Regelung der Zuweisungen des Landes Brandenburg an die Gemeinden und Landkreise im Haushaltsjahr 1993 (Gemeindefinanzierungsgesetz - GFG 1993)	vom 24.12.1992&nbsp;
archiv	einmalig	einmalig	255	11	246593	Richtlinie des Ministeriums für Bildung, Jugend und Sport des Landes Brandenburg zur Förderung von Lokalen Koordinierungsstellen an Oberstufenzentren im Land Brandenburg zur Optimierung des Überganges von der Schule in den Beruf in der EU-Förderperiode 2014 - 2020 "Türöffner: Zukunft Beruf 2019"	vom 15.02.2019&nbsp;
archiv	einmalig	einmalig	255	11	239578	Richtlinie zur Förderung von selbst genutztem Wohneigentum in Innenstädten (WohneigentumInnenstadtR)	vom &nbsp;
archiv	einmalig	einmalig	255	12	221122	Richtlinie zur Förderung von selbst genutztem Wohneigentum in Innenstädten (WohneigentumInnenstadtR)	vom 24.04.2013&nbsp;
archiv	einmalig	einmalig	255	12	237950	Förderrichtlinie des Ministeriums für Wirtschaft und Energie zur Gewährung von Zuwendungen zur Konsolidierung und Standortsicherung für kleine und mittlere Unternehmen im Land Brandenburg (Konsolidierungs- und Standortsicherungsprogramm - KoSta)	vom 30.09.2015&nbsp;
archiv	einmalig	einmalig	255	12	220596	Richtlinie zur Förderung von selbst genutztem Wohneigentum in Innenstädten (WohneigentumInnenstadtR)	vom 23.12.2010&nbsp;
archiv	einmalig	einmalig	255	12	220193	Richtlinie des Ministeriums für Ländliche Entwicklung, Umwelt und Verbraucherschutz über die Unterstützung von Aufgabenträgern der Abwasserentsorgung bei der wirtschaftlichen Stabilisierung und der Zusammenarbeit von Aufgabenträgern (Schuldenmanagementfonds - SchMF)	vom 03.08.2009&nbsp;
archiv	einmalig	einmalig	255	12	216908	Verwaltungsvorschrift des Ministeriums für Stadtentwicklung, Wohnen und Verkehr zur Einkommensermittlung nach §§ 20 bis 24 des Wohnraumförderungsgesetzes (Einkommensermittlungserlass - WoFG)	vom 06.05.2002&nbsp;
archiv	einmalig	einmalig	255	12	216487	Allgemeine Hinweise zum Gesetz zur Umsetzung des Versorgungsberichts (Versorgungsreformgesetz 1998 - VReformG)	vom 30.07.1998&nbsp;
archiv	einmalig	einmalig	255	12	252679	Richtlinie des Ministeriums für Bildung, Jugend und Sport des Landes Brandenburg zur Umsetzung der Zusatz-Verwaltungsvereinbarung "Administration" zum DigitalPakt Schule 2019 bis 2024 (RL IT-Administration)	vom 26.08.2021&nbsp;
archiv	einmalig	einmalig	255	12	247094	Ausführungsbestimmungen zur Verwaltungsvorschrift des Ministeriums des Innern und für Kommunales über die dienstliche Beurteilung der Beamtinnen und Beamten im Landesdienst (BeurtVV)	vom 03.05.2019&nbsp;
archiv	einmalig	einmalig	255	12	251769	Richtlinie des Ministeriums für Landwirtschaft, Umwelt und Klimaschutz über die Gewährung von Zuwendungen zur Förderung von Maßnahmen zur Verbesserung von Gesundheit und Robustheit landwirtschaftlicher Nutztiere	vom 08.02.2021&nbsp;
archiv	einmalig	einmalig	255	12	250093	Richtlinie des Ministeriums für Bildung, Jugend und Sport des Landes Brandenburg zur Gewährung einer Überbrückungshilfe für von der Coronakrise geschädigte gemeinnützige Träger der Bereiche Bildung, Jugend und Sport (RL-MBJS-Corona-Überbrückungshilfe)	vom 24.08.2020&nbsp;
archiv	einmalig	einmalig	255	13	247907	Kita-Beitragsbefreiungsverordnung (KitaBBV)	vom 16.08.2019&nbsp;
archiv	einmalig	einmalig	255	13	242536	Rundschreiben 8/17 (RS 8/17)	vom 29.05.2017&nbsp;
archiv	einmalig	einmalig	255	13	239343	Richtlinie des Ministeriums für Ländliche Entwicklung, Umwelt und Landwirtschaft des Landes Brandenburg zur Gewährung von Zuwendungen für die Förderung forstwirtschaftlicher Zusammenschlüsse (MLUL-Forst-RL-FWZ)	vom 01.01.2016&nbsp;
archiv	einmalig	einmalig	255	13	221395	Richtlinie des Ministeriums für Wirtschaft und Energie des Landes Brandenburg zur Förderung von Gemeinschaftsprojekten wirtschaftsnaher Institutionen zur Markterschließung im gesamtwirtschaftlichen Interesse des Landes Brandenburg (Markterschließungsrichtlinie)	vom 10.12.2014&nbsp;
archiv	einmalig	einmalig	255	13	221016	Richtlinie des Ministeriums für Wirtschaft des Landes Brandenburg zur Förderung von Gemeinschaftsprojekten wirtschaftsnaher Institutionen zur Markterschließung im gesamtwirtschaftlichen Interesse des Landes Brandenburg (Markterschließungsrichtlinie)	vom 18.02.2009&nbsp;
archiv	einmalig	einmalig	255	13	221007	Richtlinie des Ministeriums für Wirtschaft und Europaangelegenheiten über die Gewährung von Zuschüssen an kleine und mittlere Unternehmen im Land Brandenburg zur Beschäftigung von Innovationsassistenten/-assistentinnen	vom 01.07.2007&nbsp;
archiv	einmalig	einmalig	255	13	214583	Gesetz über die Rechtsverhältnisse der Mitglieder des Landtages Brandenburg (Abgeordnetengesetz - AbgG)	vom 15.03.1991&nbsp;
archiv	einmalig	einmalig	255	13	220881	Rundschreiben 9/12 (RS 9/12)	vom 22.05.2012&nbsp;
archiv	einmalig	einmalig	255	13	214934	Verordnung über den Aufstieg in die Laufbahn des gehobenen Polizeivollzugsdienstes des Landes Brandenburg (Aufstiegsordnung gehobener Polizeivollzugsdienst - AOgPolD)	vom 16.06.1998&nbsp;
archiv	einmalig	einmalig	255	13	220390	Richtlinie des Ministeriums für Bildung, Jugend und Sport des Landes Brandenburg zur Förderung berufspädagogischer Maßnahmen im Rahmen der Jugendhilfe (RL berufspädagogische Maßnahmen - RLberpäd)	vom 07.10.2009&nbsp;
archiv	einmalig	einmalig	255	14	220405	Richtlinie zur nachhaltigen Energieeinsparung durch Modernisierung und Instandsetzung von selbst genutztem Wohneigentum in Innenstädten (WohneigentumMod./Inst.R)	vom 04.01.2010&nbsp;
archiv	einmalig	einmalig	255	14	220296	Richtlinie zur Förderung der Herstellung des barrierefreien und generationsgerechten Zuganges zu den Wohnungen in Mietwohngebäuden (AufzugsR)	vom 08.07.2009&nbsp;
archiv	einmalig	einmalig	255	14	220092	Richtlinie des Ministeriums für Wirtschaft über die Gewährung von Zuwendungen an kleine Unternehmen im Land Brandenburg zur Verbilligung von Darlehen im Rahmen der Gründungs- und Wachstumsfinanzierung (GuW)	vom 10.01.2006&nbsp;
archiv	einmalig	einmalig	255	14	215018	Verordnung über die Bewilligung von Zuschüssen an die Träger von Ersatzschulen (Ersatzschulzuschussverordnung - ESZV)	vom 07.04.2008&nbsp;
archiv	einmalig	einmalig	255	14	219986	Richtlinie zur Förderung berufspädagogischer Maßnahmen im Rahmen der Jugendhilfe (RL berufspädagogische Maßnahmen - RLberpäd)	vom 05.06.2007&nbsp;
archiv	einmalig	einmalig	255	14	219872	Richtlinie zur Förderung der Herstellung des barrierefreien und generationsgerechten Zuganges zu den Wohnungen in Mietwohngebäuden (Aufzugsrichtlinie - AufzugsR)	vom 15.02.2007&nbsp;
archiv	einmalig	einmalig	255	14	217205	Richtlinie des Ministeriums für Wirtschaft über die Gewährung von Zuschüssen an kleine und mittlere Unternehmen im Land Brandenburg zur Beschäftigung von Innovationsassistenten (Innoassi - IA)	vom 23.02.2004&nbsp;
archiv	einmalig	einmalig	255	14	244368	Richtlinie des Ministeriums für Wirtschaft, Arbeit und Energie des Landes Brandenburg für das Programm „Brandenburgischer Innovationsgutschein (BIG)“ zur Stärkung der Wettbewerbsfähigkeit und Innovationskraft von kleinen und mittleren Unternehmen inklusive Handwerksbetrieben	vom 06.04.2018&nbsp;
archiv	einmalig	einmalig	255	14	241278	Richtlinie des Ministeriums für Bildung, Jugend und Sport des Landes Brandenburg zur Förderung von Lokalen Koordinierungsstellen an Obertufenzentren im Land Brandenburg zur Optimierung des Überganges von der Schule in den Beruf in der EU-Förderperiode 2014 - 2020 "Türöffner: Zukunft Beruf"	vom 30.09.2016&nbsp;
archiv	einmalig	einmalig	255	14	219561	Richtlinie zur Förderung von selbst genutztem Wohneigentum - Neufassung (WohneigentumsR)	vom &nbsp;
archiv	einmalig	einmalig	255	15	219560	Richtlinie zur Förderung von selbst genutztem Wohneigentum - 2. Änderung (WohneigentumsR)	vom &nbsp;
archiv	einmalig	einmalig	255	15	219796	Richtlinie des Ministeriums für Ländliche Entwicklung, Umwelt und Verbraucherschutz des Landes Brandenburg zur Förderung umweltgerechter landwirtschaftlicher Produktionsverfahren und zur Erhaltung der Kulturlandschaft der Länder Brandenburg und Berlin (KULAP 2007)	vom 20.11.2007&nbsp;
archiv	einmalig	einmalig	255	15	257685	Richtlinie zur Förderung des Abbaus von Barrieren bei vorhandenem Wohnraum (WohnraumanpassungsR)	vom 12.02.2024&nbsp;
archiv	einmalig	einmalig	255	15	254942	Rundschreiben 09/22 (RS 09/22)	vom 19.10.2022&nbsp;
archiv	einmalig	einmalig	255	15	254234	Richtlinie des Ministeriums für Landwirtschaft, Umwelt und Klimaschutz über die Gewährung von Zuwendungen zur Förderung von Maßnahmen zur Verbesserung von Gesundheit und Robustheit landwirtschaftlicher Nutztiere	vom 04.04.2022&nbsp;
archiv	einmalig	einmalig	255	15	253602	Richtlinie zur Förderung des Abbaus von Barrieren bei vorhandenem Wohnraum (WohnraumanpassungsR)	vom 16.02.2022&nbsp;
archiv	einmalig	einmalig	255	15	253577	Richtlinie des Ministeriums für Bildung, Jugend und Sport des Landes Brandenburg zur Gewährung einer Hilfe für von der Coronakrise geschädigte gemeinnützige Träger der Bereiche Bildung, Jugend und Sport (RL-MBJS-Corona-Hilfe 2022)	vom 24.01.2022&nbsp;
archiv	einmalig	einmalig	255	15	251822	Ausführungsbestimmungen zu den Verwaltungsvorschriften des Ministeriums des Innern und für Kommunales über die dienstliche Beurteilung der Beamtinnen und Beamten im Landesdienst (BeurtVV) und zu den fachlichen Bewährungsfeststellungen (BewährVV)	vom 05.05.2021&nbsp;
archiv	einmalig	einmalig	255	15	251568	Richtlinie des Ministeriums für Bildung, Jugend und Sport des Landes Brandenburg zur Gewährung einer Hilfe für von der Coronakrise geschädigte gemeinnützige Träger der Bereiche Bildung, Jugend und Sport (RL-MBJS-Corona-Hilfe 2021)	vom 08.03.2021&nbsp;
archiv	einmalig	einmalig	255	15	251319	Richtlinie des Ministeriums für Landwirtschaft, Umwelt und Klimaschutz des Landes Brandenburg zur Gewährung von Zuwendungen für die Förderung forstwirtschaftlicher Zusammenschlüsse (MLUK-Forst-RL-FWZ)	vom 01.01.2021&nbsp;
archiv	einmalig	einmalig	255	16	235784	Richtlinie des Ministeriums für Arbeit, Soziales, Gesundheit, Frauen und Familie zur Förderung von Neugründungen und Übernahmen innovativer Unternehmen im Land Brandenburg (Gründung innovativ)	vom 17.03.2015&nbsp;
archiv	einmalig	einmalig	255	16	249057	Richtlinie des Ministeriums für Wirtschaft, Arbeit und Energie zur Gewährung von Zuwendungen zur Konsolidierung und Standortsicherung für kleine und mittlere Unternehmen im Land Brandenburg (Konsolidierungs- und Standortsicherungsprogramm - KoSta)	vom 24.03.2020&nbsp;
archiv	einmalig	einmalig	255	16	237801	Richtlinie des Ministeriums für Arbeit, Soziales, Gesundheit, Frauen und Familie des Landes Brandenburg zur Förderung von Deutschkursen für Flüchtlinge (DfF) im Land Brandenburg in der EU-Förderperiode 2014 - 2020	vom 21.08.2015&nbsp;
archiv	einmalig	einmalig	255	16	246267	Richtlinie des Ministeriums für Ländliche Entwicklung, Umwelt und Landwirtschaft des Landes Brandenburg zur Gewährung von Zuwendungen für die Förderung forstwirtschaftlicher Zusammenschlüsse (MLUL-Forst-RL-FWZ)	vom 01.01.2019&nbsp;
archiv	einmalig	einmalig	255	16	212681	Verordnung über die Laufbahnen der Polizeivollzugsbeamten des Landes Brandenburg (Laufbahnverordnung der Polizei - LVPol)	vom 30.01.2006&nbsp;
archiv	einmalig	einmalig	255	16	221166	Förderrichtlinie des Ministeriums für Wirtschaft und Europaangelegenheiten zur Gewährung von Zuwendungen zur Konsolidierung und Standortsicherung für kleine und mittlere Unternehmen im Land Brandenburg (Konsolidierungs- und Standortsicherungsprogramm - KoSta)	vom 19.09.2013&nbsp;
archiv	einmalig	einmalig	255	16	221162	Richtlinie des Ministeriums für Wirtschaft und Europaangelegenheiten zur Förderung von Forschungs- und Entwicklungsvorhaben im Land Brandenburg - Große Richtlinie	vom 23.01.2014&nbsp;
archiv	einmalig	einmalig	255	16	221195	Richtlinie zur Förderung der Herstellung des barrierefreien und generationsgerechten Zuganges zu den Wohnungen in Mietwohngebäuden (AufzugsR)	vom 26.02.2014&nbsp;
archiv	einmalig	einmalig	255	16	221022	Richtlinie zur Förderung der Herstellung des barrierefreien und generationsgerechten Zuganges zu den Wohnungen in Mietwohngebäuden (AufzugsR)	vom 24.02.2011&nbsp;
archiv	einmalig	einmalig	255	16	221008	Richtlinie des Ministeriums für Wirtschaft und Europaangelegenheiten zur Förderung von Forschungs- und Entwicklungsvorhaben im Land Brandenburg - Große Richtlinie	vom 04.12.2008&nbsp;
archiv	einmalig	einmalig	255	17	220905	Förderrichtlinie des Ministeriums für Wirtschaft und Europaangelegenheiten zur Gewährung von Zuwendungen zur Konsolidierung und Standortsicherung für kleine und mittlere Unternehmen im Land Brandenburg - Konsolidierungs- und Standortsicherungsprogramm (KoSta)	vom 06.03.2012&nbsp;
archiv	einmalig	einmalig	255	17	220908	Richtlinie des Ministeriums für Arbeit, Soziales, Frauen und Familie über die Gewährung von Zuschüssen an kleine und mittlere Unternehmen im Land Brandenburg zur Beschäftigung von Innovationsassistentinnen beziehungsweise Innovationsassistenten	vom 01.10.2012&nbsp;
archiv	einmalig	einmalig	255	17	220347	Förderrichtlinie des Ministeriums für Wirtschaft zur Gewährung von Zuwendungen zur Konsolidierung und Standortsicherung für kleine und mittlere Unternehmen im Land Brandenburg (Konsolidierungs- und Standortsicherungsprogramm - KoSta)	vom 09.04.2009&nbsp;
archiv	einmalig	einmalig	255	17	220035	Förderrichtlinie des Ministeriums für Wirtschaft zur Gewährung von Zuwendungen zur Konsolidierung und Standortsicherung für kleine und mittlere Unternehmen im Land Brandenburg (Konsolidierungs- und Standortsicherungsprogramm - KoSta)	vom 20.04.2007&nbsp;
archiv	einmalig	einmalig	255	17	219761	Vordringliche Arbeiten für das amtliche Vermessungswesen (Prioritätenerlass II (mit Anlage))	vom 22.12.2006&nbsp;
archiv	einmalig	einmalig	255	17	211807	Verordnung über den Bildungsgang der Berufsfachschule zum Erwerb eines Berufsabschlusses nach dem Berufsbildungsgesetz oder der Handwerksordnung (Berufsfachschulverordnung Berufsabschluß nach BBiG oder HwO - BBHwBFSV)	vom 03.07.1997&nbsp;
archiv	einmalig	einmalig	255	17	217134	Hinweise zum Gesetz über Sonderzahlungen im Land Brandenburg - Durchführungshinweise zum Brandenburgischen Sonderzahlungsgesetz für die Jahre 2004 bis 2006 -	vom 07.10.2004&nbsp;
archiv	einmalig	einmalig	255	17	217920	Rundschreiben 11/02 (RS 11/02)	vom 26.04.2002&nbsp;
archiv	einmalig	einmalig	255	17	211632	Gesetz zur Regelung der Zuweisungen des Landes Brandenburg an die Gemeinden und Landkreise im Haushaltsjahr 2001 (Gemeindefinanzierungsgesetz 2001 - GFG 2001)	vom 19.12.2000&nbsp;
archiv	einmalig	einmalig	255	17	211634	Gesetz zur Regelung der Zuweisungen des Landes Brandenburg an die Gemeinden und Landkreise im Haushaltsjahr 2000 (Gemeindefinanzierungsgesetz 2000 - GFG 2000)	vom 15.02.2000&nbsp;
archiv	einmalig	einmalig	255	18	216168	Richtlinie des Ministeriums für Wirtschaft, Mittelstand und Technologie über die Gewährung von Mitteln aus dem Konsolidierungsfonds zur Sicherung mittelständischer Unternehmen der gewerblichen Wirtschaft - KONSI -	vom &nbsp;
archiv	einmalig	einmalig	255	18	218218	Abwasserbeseitigungspflicht der Gemeinden im Zusammenhang mit Betreibermodellen" target="window218218">Runderlaß II Nr. 4/1995 Abwasserbeseitigungspflicht der Gemeinden im Zusammenhang mit Betreibermodellen	vom 05.07.1995&nbsp;
archiv	einmalig	einmalig	255	18	214658	Verwaltungsverfahrensgesetz für das Land Brandenburg (VwVfGBbg)	vom 26.02.1993&nbsp;
archiv	einmalig	einmalig	255	18	218495	Kreditwesen der Kommunen (Runderlass Nr. 7/2003)" target="window218495">Runderlass in kommunalen Angelegenheiten des Ministeriums des Innern, Nr. 7/2003 Kreditwesen der Kommunen (Runderlass Nr. 7/2003)	vom 01.08.2003&nbsp;
archiv	einmalig	einmalig	255	18	220704	Richtlinie des Ministeriums für Infrastruktur und Landwirtschaft des Landes Brandenburg zur Förderung umweltgerechter landwirtschaftlicher Produktionsverfahren und zur Erhaltung der Kulturlandschaft der Länder Brandenburg und Berlin (KULAP 2007)	vom 27.08.2010&nbsp;
archiv	einmalig	einmalig	255	18	252379	Richtlinie des Ministeriums für Soziales, Gesundheit, Integration und Verbraucherschutz des Landes Brandenburg zur Förderung und Weiterentwicklung der pflegerischen Versorgungsstruktur (Pflegezukunftsinvestitions-Richtlinie 2021 - 2024)	vom 30.07.2021&nbsp;
archiv	einmalig	einmalig	255	18	248667	Richtlinie des Ministeriums für Arbeit, Soziales, Gesundheit, Frauen und Familie des Landes Brandenburg zur Förderung von Deutschkursen für Flüchtlinge (DfF 2019) im Land Brandenburg in der EU-Förderperiode 2014 - 2020	vom 06.11.2019&nbsp;
archiv	einmalig	einmalig	255	18	253558	Richtlinie des Ministeriums für Landwirtschaft, Umwelt und Klimaschutz des Landes Brandenburg zur Gewährung von Zuwendungen für die Förderung forstwirtschaftlicher Zusammenschlüsse (MLUK-Forst-RL-FWZ)	vom 01.01.2022&nbsp;
archiv	einmalig	einmalig	255	18	248340	Richtlinie zur Förderung der generationsgerechten und barrierefreien Anpassung von Mietwohngebäuden durch Modernisierung und Instandsetzung und des Mietwohnungsneubaus (MietwohnungsbauförderR)	vom 10.10.2019&nbsp;
archiv	einmalig	einmalig	255	18	239636	Richtlinie zur Förderung der generationsgerechten und barrierefreien Anpassung von Mietwohngebäuden durch Modernisierung und Instandsetzung und des Mietwohnungsneubaus (MietwohnungsbauförderungsR)	vom 23.02.2016&nbsp;
archiv	einmalig	einmalig	255	19	241668	Ordnung des Vorbereitungsdienstes und der Zweiten Staatsprüfung für Lehrämter an Schulen (Ordnung für den Vorbereitungsdienst - OVP)	vom 14.11.2016&nbsp;
archiv	einmalig	einmalig	255	19	221203	Richtlinie zur Förderung der generationsgerechten Anpassung von Mietwohngebäuden durch Modernisierung und Instandsetzung und des Mietwohnungsneubaus (MietwohnungsbauförderungsR)	vom 26.02.2014&nbsp;
archiv	einmalig	einmalig	255	19	212825	Ordnung des Vorbereitungsdienstes und der Zweiten Staatsprüfung für Lehrämter an Schulen (Ordnung für den Vorbereitungsdienst - OVP)	vom 31.07.2001&nbsp;
archiv	einmalig	einmalig	255	19	221196	Brandenburgische Aktenordnung (BbgAktO)	vom 16.01.2014&nbsp;
archiv	einmalig	einmalig	255	19	221023	Richtlinie zur Förderung der generationsgerechten Anpassung von Mietwohngebäuden durch Modernisierung und Instandsetzung und des Mietwohnungsneubaus (MietwohnungsbauförderungsR)	vom 21.03.2011&nbsp;
archiv	einmalig	einmalig	255	19	220959	Brandenburgische Aktenordnung (BbgAktO)	vom 10.01.2013&nbsp;
archiv	einmalig	einmalig	255	19	220776	Brandenburgische Aktenordnung (BbgAktO)	vom 08.12.2011&nbsp;
archiv	einmalig	einmalig	255	19	214928	Verordnung über den Bildungsgang in der gymnasialen Oberstufe und über die Abiturprüfung (Gymnasiale-Oberstufe-Verordnung - GOSTV)	vom 25.11.2008&nbsp;
archiv	einmalig	einmalig	255	19	220265	Richtlinie zur Förderung der generationsgerechten Anpassung von Mietwohngebäuden durch Modernisierung und Instandsetzung (GenerationsgerechtModInstR)	vom 04.05.2009&nbsp;
archiv	einmalig	einmalig	255	19	220157	Rundschreiben 12/08 (RS 12/08)	vom 09.10.2008&nbsp;
archiv	einmalig	einmalig	255	20	220046	Rundschreiben 10/07 (RS 10/07)	vom 06.11.2007&nbsp;
archiv	einmalig	einmalig	255	20	219969	Förderung der generationsgerechten Anpassung von Mietwohngebäuden durch Modernisierung und Instandsetzung (GenerationsgerechtModInstR)	vom 05.09.2007&nbsp;
archiv	einmalig	einmalig	255	20	219755	Ausländerrecht; Bleiberechtsregelung für im Bundesgebiet wirtschaftlich und sozial integrierte ausreisepflichtige ausländische Staatsangehörige" target="window219755">Erlass Nr. 09/06 Ausländerrecht; Bleiberechtsregelung für im Bundesgebiet wirtschaftlich und sozial integrierte ausreisepflichtige ausländische Staatsangehörige	vom 08.12.2006&nbsp;
archiv	einmalig	einmalig	255	20	215077	Geschäftsordnung des Landtages Brandenburg	vom 31.01.2005&nbsp;
archiv	einmalig	einmalig	255	20	215191	Gebühren- und Kostenordnung für das Kataster- und Vermessungswesen im Land Brandenburg (Vermessungsgebühren- und Kostenordnung - VermGebKO)	vom 22.07.1999&nbsp;
archiv	einmalig	einmalig	255	20	217254	Durchführung der Trinkwasserverordnung 2001Teil 1Ausführungsbestimmungen zu den §§ 15 Abs. 3 bis 5, 19 Abs. 2 und 21 Abs. 2 (Ausführungsbestimmungen -Teil 1- zur Trinkwasserverordnung 2001)	vom 23.06.2003&nbsp;
archiv	einmalig	einmalig	255	20	217215	Richtlinie zur Förderung von selbst genutztem Wohneigentum (WohneigentumsR)	vom &nbsp;
archiv	einmalig	einmalig	255	20	216868	Beschleunigte Erledigung von Strafverfahren im Bereich der geringfügigen und mittleren Kriminalität; Täter-Opfer-Ausgleich	vom 24.08.2000&nbsp;
archiv	einmalig	einmalig	255	20	216230	Erste Änderung der Allgemeinen Verwaltungsvorschrift zum § 35 der Gewerbeordnung (GewUVwV)	vom 25.01.1996&nbsp;
archiv	einmalig	einmalig	255	20	215675	Allgemeine Verwaltungsvorschrift zum § 35 der Gewerbeordnung (GewUVwV)	vom 25.11.1991&nbsp;
archiv	einmalig	einmalig	255	21	243417	Verwaltungsvorschrift zum Wohnraumförderungs- und Wohnungsbindungsgesetz (VV - WoFGWoBindG)	vom 27.11.2017&nbsp;
archiv	einmalig	einmalig	255	21	212326	Verordnung über die Bildungsgänge der Fachoberschule und den Erwerb der Fachhochschulreife in beruflichen Bildungsgängen (Fachoberschul- und Fachhochschulreifeverordnung - FOSFHRV)	vom 08.08.2008&nbsp;
archiv	einmalig	einmalig	255	21	215197	Verordnung über die Ausbildung und Prüfung in der gymnasialen Oberstufe (Gymnasiale-Oberstufe-Verordnung - GOSTV)	vom 01.03.2002&nbsp;
archiv	einmalig	einmalig	255	21	216939	Verwaltungsvorschrift des Ministeriums für Stadtentwicklung, Wohnen und Verkehr zum Wohnraumförderungs- und Wohnungsbindungsgesetz (VV-WoFGWoBindG)	vom 15.10.2002&nbsp;
archiv	einmalig	einmalig	255	21	257319	Richtlinie zur Förderung der generationsgerechten und barrierefreien Anpassung von Mietwohngebäuden durch Modernisierung und Instandsetzung und des Mietwohnungsneubaus (MietwohnungsbauförderR)	vom 01.12.2023&nbsp;
archiv	einmalig	einmalig	255	21	254018	Richtlinie zur Förderung der generationsgerechten und barrierefreien Anpassung von Mietwohngebäuden durch Modernisierung und Instandsetzung und des Mietwohnungsneubaus (MietwohnungsbauförderR)	vom 17.03.2022&nbsp;
archiv	einmalig	einmalig	255	21	212763	Gebührenordnung für das amtliche Vermessungswesen im Land Brandenburg (Vermessungsgebührenordnung - VermGebO)	vom 16.09.2011&nbsp;
archiv	einmalig	einmalig	255	21	235548	Geschäftsordnung des Landtages Brandenburg	vom 24.03.2015&nbsp;
archiv	einmalig	einmalig	255	21	221215	Richtlinie des Ministeriums für Infrastruktur und Landwirtschaft des Landes Brandenburg zur Gewährung von Zuwendungen für die Förderung forstwirtschaftlicher Maßnahmen (MIL-Forst-RL)	vom 01.01.2011&nbsp;
archiv	einmalig	einmalig	255	21	221017	Angelegenheiten der Notare (AVNot)	vom 18.03.1999&nbsp;
archiv	einmalig	einmalig	255	22	220669	Verwaltungsvorschriften zur Haushaltssystematik des Landes Brandenburg (VV-HSBbg)	vom 04.06.2009&nbsp;
archiv	einmalig	einmalig	255	22	215022	Verordnung über die Laufbahnen der Beamten des Landes Brandenburg (Laufbahnverordnung - LVO)	vom 25.02.1997&nbsp;
archiv	einmalig	einmalig	255	22	217213	Richtlinie zur Förderung der Modernisierung und Instandsetzung von Mietwohnungen (ModInstR)	vom &nbsp;
archiv	einmalig	einmalig	255	22	217484	Rundschreiben 11/01 (RS 11/01)	vom 11.05.2001&nbsp;
archiv	einmalig	einmalig	255	22	217379	Rundschreiben 3/01 (RS 3/01)	vom 16.01.2001&nbsp;
archiv	einmalig	einmalig	255	22	216735	Förderrichtlinie des Ministeriums für Stadtentwicklung, Wohnen und Verkehr zur Handlungsinitiative des Landes Brandenburg für städtische Gebiete mit besonderem Entwicklungsbedarf "Zukunft im Stadtteil - ZiS 2000"	vom 21.12.2000&nbsp;
archiv	einmalig	einmalig	255	22	215689	Allgemeine Verwaltungsvorschrift für den Vollzug des Titels IV der Gewerbeordnung (MarktgewVwV)	vom 17.02.1992&nbsp;
archiv	einmalig	einmalig	255	22	216690	Hinweise zur Vollstreckung von Geldforderungen nach dem Verwaltungsvollstreckungsgesetz für das Land Brandenburg	vom 05.06.2000&nbsp;
archiv	einmalig	einmalig	255	22	220049	Verwaltungsvorschrift über die produktorientierte Gliederung der Haushaltspläne, die Kontierung der kommunalen Bilanzen und der Ergebnis- und Finanzhaushalte sowie über die Verwendung verbindlicher Muster zur Kommunalen Haushalts- und Kassenverordnung (VV Produkt- und Kontenrahmen)	vom 18.03.2008&nbsp;
archiv	einmalig	einmalig	255	22	260073	Vorläufige Geschäftsordnung des Landtages Brandenburg	vom 05.11.2024&nbsp;
archiv	einmalig	einmalig	255	23	212633	Verordnung über die Ausbildung und Prüfung für die Laufbahn des gehobenen feuerwehrtechnischen Dienstes im Land Brandenburg (Ausbildungs- und Prüfungsordnung gehobener feuerwehrtechnischer Dienst - APOgDFeu)	vom 30.05.2008&nbsp;
archiv	einmalig	einmalig	255	23	247270	Richtlinie des Ministeriums für Arbeit, Soziales, Gesundheit, Frauen und Familie über die Gewährung von Zuschüssen an kleine und mittlere Unternehmen im Land Brandenburg zur Beschäftigung von Werkstudierenden und Innovationsassistentinnen beziehungsweise Innovationsassistenten - „Brandenburger Innovationsfachkräfte (BIF 2019)“	vom 16.05.2019&nbsp;
archiv	einmalig	einmalig	255	23	249725	Geschäftsordnung des Landtages Brandenburg	vom 25.06.2020&nbsp;
archiv	einmalig	einmalig	255	23	212426	Verordnung über die Laufbahnen der Beamten des Landes Brandenburg (Laufbahnverordnung - LVO)	vom 16.09.2009&nbsp;
archiv	einmalig	einmalig	255	23	212738	Geschäftsordnung des Landtages Brandenburg	vom 11.05.2010&nbsp;
archiv	einmalig	einmalig	255	23	214595	Gesetz über den Naturschutz und die Landschaftspflege im Land Brandenburg (Brandenburgisches Naturschutzgesetz - BbgNatSchG)	vom 25.06.1992&nbsp;
archiv	einmalig	einmalig	255	23	220231	Verwaltungsvorschriften zur Haushaltssystematik des Landes Brandenburg (VV-HSBbg)	vom 18.07.2000&nbsp;
archiv	einmalig	einmalig	255	23	217964	Rundschreiben 29/02 (RS 29/02)	vom 22.10.2002&nbsp;
archiv	einmalig	einmalig	255	23	216232	Erste Änderung der Allgemeinen Verwaltungsvorschrift für den Vollzug des Titels IV der Gewerbeordnung (MarktgewVwV)	vom 25.01.1996&nbsp;
archiv	einmalig	einmalig	255	23	258608	Richtlinie des Ministeriums für Wirtschaft, Arbeit und Energie zur Förderung der gewerblichen Wirtschaft im Rahmen der Gemeinschaftsaufgabe „Verbesserung der regionalen Wirtschaftsstruktur“ - GRW - (GRW-G) - Wachstumsprogramm für kleine Unternehmen - Kleine Richtlinie	vom 26.03.2024&nbsp;
archiv	einmalig	einmalig	255	24	256553	Verwaltungsvorschrift des Ministeriums des Innern und für Kommunales über die produktorientierte Gliederung der Haushaltspläne, die Kontierung der kommunalen Bilanzen und der Ergebnis- und Finanzhaushalte sowie über die Verwendung verbindlicher Muster zur Kommunalen Haushalts- und Kassenverordnung (VV Produkt- und Kontenrahmen)	vom 23.06.2023&nbsp;
archiv	einmalig	einmalig	255	24	216732	Richtlinien zu haushaltsrechtlichen Bestimmungen der Teilnehmergemeinschaften und des Verbandes für Landentwicklung und Flurneuordnung in Verfahren nach dem Flurbereinigungsgesetz und in Verfahren nach dem 8. Abschnitt des Landwirtschaftsanpassungsgesetzes (RFlurbTGH)	vom 13.11.2000&nbsp;
archiv	einmalig	einmalig	255	24	216685	Allgemeine Verwaltungsvorschrift zum § 34 c der Gewerbeordnung und zur Makler- und Bauträgerverordnung (MaBVwV)	vom 24.03.1992&nbsp;
archiv	einmalig	einmalig	255	24	253599	Haushaltstechnische Richtlinien des Landes Brandenburg (HRL-Bbg)	vom 14.02.2022&nbsp;
archiv	einmalig	einmalig	255	24	221211	Verwaltungsvorschriften zur Haushaltssystematik des Landes Brandenburg	vom 24.11.2013&nbsp;
archiv	einmalig	einmalig	255	24	254147	Verwaltungsvorschriften zur Haushaltssystematik des Landes Brandenburg (VV-HSBbg)	vom 10.03.2022&nbsp;
archiv	einmalig	einmalig	255	24	251049	Verwaltungsvorschriften zur Haushaltssystematik des Landes Brandenburg	vom 13.10.2020&nbsp;
archiv	einmalig	einmalig	255	24	221273	Ausführungsvorschrift zur einheitlichen Anwendung der Gebührenordnung für das amtliche Vermessungswesen im Land Brandenburg (AVGebühren)	vom 08.04.2014&nbsp;
archiv	einmalig	einmalig	255	24	258604	Ausführungsbestimmungen zu § 3 Nr. 6, 8 bis 13 der Verordnung über die Zuständigkeiten im Ausländerrecht (Allgemeine Weisung im Ausländerrecht Nr. 2024.02 - AW-AuslR 2024.02)	vom 03.05.2024&nbsp;
archiv	einmalig	einmalig	255	24	258605	Richtlinie des Ministeriums für Wirtschaft, Arbeit und Energie zur Förderung der gewerblichen Wirtschaft im Rahmen der Gemeinschaftsaufgabe „Verbesserung der regionalen Wirtschaftsstruktur“ - GRW - (GRW-G) - Große Richtlinie	vom 26.03.2024&nbsp;
archiv	einmalig	einmalig	255	25	217718	Zählkartenerhebung in der Verwaltungsgerichtsbarkeit (VwG-Statistik)	vom 12.02.1992&nbsp;
archiv	einmalig	einmalig	255	25	250829	Ausführungsbestimmungen zu § 3 Nr. 6 und § 4 der Verordnung über die Zuständigkeiten im Ausländerrecht (Allgemeine Weisung Nr. 09/2020 im Aufenthaltsrecht - AW-AuslR Nr. 9/2020)	vom 10.12.2020&nbsp;
archiv	einmalig	einmalig	255	25	220056	Brandenburgische Aktenordnung (AktOBbg)	vom 27.02.2008&nbsp;
archiv	einmalig	einmalig	255	25	219999	Brandenburgische Aktenordnung (AktOBbg)	vom 14.12.2007&nbsp;
archiv	einmalig	einmalig	255	25	212261	Ordnung der Ersten Staatsprüfungen für Lehrämter an Schulen (Lehramtsprüfungsordnung - LPO)	vom 31.07.2001&nbsp;
archiv	einmalig	einmalig	255	25	217044	Geschäftsanweisung für Gerichtsvollzieher (GVGA) und Gerichtsvollzieherordnung (GVO) (GVGA)	vom 16.06.1992&nbsp;
archiv	einmalig	einmalig	255	25	237906	Staatsvertrag über die Zusammenarbeit zwischen Berlin und Brandenburg im Bereich der Medien	vom 29.02.1992&nbsp;
archiv	einmalig	einmalig	255	25	241449	Staatsvertrag zwischen dem Land Berlin und dem Land Brandenburg über die Einrichtung und den Betrieb eines klinischen Krebsregisters nach § 65c des Fünften Buches Sozialgesetzbuch	vom 12.04.2016&nbsp;
archiv	einmalig	einmalig	255	25	220873	Geschäftsanweisung für Gerichtsvollzieher (GVGA) und Gerichtsvollzieherordnung (GVO) (GVGA)	vom 24.07.2012&nbsp;
archiv	einmalig	einmalig	255	25	217903	Aktionsplan eGovernment	vom 10.08.2004&nbsp;
archiv	einmalig	einmalig	255	26	219904	Brandenburgische Aktenordnung (AktOBbg)	vom 22.03.2007&nbsp;
archiv	einmalig	einmalig	255	26	219765	Brandenburgische Aktenordnung (AktOBbg)	vom 30.11.2006&nbsp;
archiv	einmalig	einmalig	255	26	219173	Brandenburgische Aktenordnung (AktOBbg)	vom 10.01.2006&nbsp;
archiv	einmalig	einmalig	255	26	212706	Staatsvertrag für Rundfunk und Telemedien (Rundfunkstaatsvertrag - RStV)	vom 31.08.1991&nbsp;
archiv	einmalig	einmalig	255	26	217716	Brandenburgische Aktenordnung (AktOBbg)	vom 06.02.2005&nbsp;
aktuell	Feiertag	Feiertag	95	1	211767	Gesetz über die Sonn- und Feiertage (Feiertagsgesetz - FTG)	vom 21.03.1991&nbsp;
aktuell	Feiertag	Feiertag	95	1	212239	Verordnung zur Übertragung der Zuständigkeit nach § 8 Satz 1 des Feiertagsgesetzes (FTGZüV)	vom 18.01.2007&nbsp;
aktuell	Feiertag	Feiertag	95	1	211768	Gesetz über den Verdienstorden des Landes Brandenburg (Brandenburgisches Ordensgesetz - BbgOrdG)	vom 10.07.2003&nbsp;
aktuell	Feiertag	Feiertag	95	1	258512	Verordnung über den Verkauf bestimmter Waren an Sonn- und Feiertagen in Kur-, Ausflugs- und Erholungsorten im Land Brandenburg (Brandenburgische Ladenschluss-Ausnahmeverordnung - BbgLSchlAV)	vom 16.04.2024&nbsp;
aktuell	Feiertag	Feiertag	95	1	212033	Verordnung über die Zulassung der Beschäftigung von Arbeitnehmern an Sonn- und Feiertagen zur Befriedigung täglicher oder an diesen Tagen besonders hervortretender Bedürfnisse der Bevölkerung (Bedarfsgewerbeverordnung - BedGewV)	vom 13.11.1998&nbsp;
aktuell	Feiertag	Feiertag	95	1	212537	Brandenburgisches Ladenöffnungsgesetz (BbgLöG)	vom 27.11.2006&nbsp;
aktuell	Feiertag	Feiertag	95	1	217912	Urteil des Bundesverwaltungsgerichts vom 21. Dezember 2000 - 2 C 40.99" target="window217912">Durchführung des § 3 a Bundesbesoldungsgesetz (BBesG) Urteil des Bundesverwaltungsgerichts vom 21. Dezember 2000 - 2 C 40.99	vom 21.05.2002&nbsp;
aktuell	Feiertag	Feiertag	95	1	217100	Widerruf von Ausnahmegenehmigungen vom Sonn-/Feiertagsfahrverbot des § 30 Abs. 3 und 4 der Straßenverkehrs-Ordnung für in Richtung Polen fahrende beziehungsweise aus Richtung Polen kommende Lastkraftwagen mit einem zulässigen Gesamtgewicht über 7,5 Tonnen und für Anhänger hinter Lastkraftwagen gemäß § 49 Abs. 2 Nr. 1 des Verwaltungsverfahrensgesetzes für das Land Brandenburg	vom 29.06.2004&nbsp;
aktuell	Feiertag	Feiertag	95	1	244637	Verwaltungsvorschrift zur Durchführung des § 5 Absatz 1 bis 3 des Brandenburgischen Ladenöffnungsgesetzes (VV BbgLöG)	vom 16.05.2018&nbsp;
aktuell	Feiertag	Feiertag	95	1	212683	Verordnung über Ausnahmen von Vorschriften des Jugendarbeitsschutzgesetzes für jugendliche Polizeivollzugsbeamtinnen und Polizeivollzugsbeamte (JASchGPV)	vom 24.08.2012&nbsp;
aktuell	Feiertag	Feiertag	95	2	220466	Gewährung einer Mehrarbeitszulage für Gefangene nach der Strafvollzugsvergütungsordnung	vom 19.02.2010&nbsp;
aktuell	Feiertag	Feiertag	95	2	237424	Steuerliche Behandlung der Zulage für Dienst zu wechselnden Zeiten bzw. der Zulagen für Schicht- und Wechselschichtdienst	vom 01.01.2014&nbsp;
aktuell	Feiertag	Feiertag	95	2	218810	Maßgebliches Feiertagsrecht" target="window218810">Anwendung des § 108 Abs. 3 AO bei der Zugangsvermutung nach § 122 Abs. 2 Nr. 1 AO Maßgebliches Feiertagsrecht	vom 24.06.2004&nbsp;
aktuell	Feiertag	Feiertag	95	2	218812	(Kurzinformation Verfahrensrecht, Ausgabe 27/03)" target="window218812">Anwendung des § 108 Abs. 3 AO bei den Zugangsvermutungen nach § 122 AO bzw. 123 AO (Kurzinformation Verfahrensrecht, Ausgabe 27/03)	vom 29.10.2003&nbsp;
aktuell	Feiertag	Feiertag	95	2	216363	Ausnahmegenehmigungen vom Sonn- und Feiertagsfahrverbot des § 30 Absatz 3 der Straßenverkehrs-Ordnung (StVO) für bestimmte Erntetransporte	vom 06.06.1997&nbsp;
aktuell	Feiertag	Feiertag	95	2	212949	Verordnung über die Arbeitszeit für die Beamten des Polizeivollzugsdienstes, des feuerwehrtechnischen Dienstes und des Justizvollzugsdienstes des Landes Brandenburg (Brandenburgische Arbeitszeitverordnung Polizei, Feuerwehr, Justizvollzug - BbgAZVPFJ)	vom 16.09.2009&nbsp;
aktuell	Feiertag	Feiertag	95	2	216555	Erlass des Ministeriums des Innern zur Aufhebung der Vorläufigen Verwaltungsvorschriften zur Durchführung des Feiertagsgesetzes	vom 15.12.1998&nbsp;
aktuell	Feiertag	Feiertag	95	2	212948	Verordnung über die Arbeitszeit der Beamten im Land Brandenburg (Arbeitszeitverordnung - AZV)	vom 16.09.2009&nbsp;
aktuell	Feiertag	Feiertag	95	2	217049	Informations- und Berichtspflichten auf dem Gebiet des Veterinärwesens und der Lebensmittelüberwachung sowie der Futtermittelüberwachung	vom 11.11.2003&nbsp;
aktuell	Feiertag	Feiertag	95	2	212080	Verordnung zur Regelung des Verfahrens der Anhörung der Bürgerinnen und Bürger der Gemeinde Horno zur Wiederansiedlung auf dem Gebiet der Gemeinde Jänschwalde oder dem Gebiet der Gemeinde Turnow oder dem Gebiet der Städte Peitz oder Forst (Lausitz) (Wiederansiedlungsanhörungsverordnung Horno - WAnhV)	vom 12.11.1997&nbsp;
aktuell	Feiertag	Feiertag	95	3	244346	Vertrag zwischen dem Land Brandenburg und der Jüdischen Gemeinde – Land Brandenburg	vom 11.01.2005&nbsp;
aktuell	Feiertag	Feiertag	95	3	221271	Verwaltungsvorschriften über die Organisation der Schulen in inneren und äußeren Schulangelegenheiten (VV-Schulbetrieb - VVSchulB)	vom 29.06.2010&nbsp;
aktuell	Feiertag	Feiertag	95	3	216275	Leitlinie des Ministers für Umwelt, Naturschutz und Raumordnung zur Ermittlung, Beurteilung und Verminderung von Geräuschimmissionen	vom 12.08.1996&nbsp;
aktuell	Feiertag	Feiertag	95	3	259274	Bundesweiter Pilotbetrieb für digitale Beifahrer bei Großraum- und Schwertransporten - Ergänzung zur RGST-Auflage 21	vom 04.06.2024&nbsp;
aktuell	Feiertag	Feiertag	95	3	212917	Landesimmissionsschutzgesetz (LImschG)	vom 03.03.1992&nbsp;
aktuell	Feiertag	Feiertag	95	3	261749	Verwaltungsvorschrift des Ministeriums für Infrastruktur und Landesplanung für die Zuweisung von Mitteln für die Durchführung von PlusBus-Verkehren für die Jahre 2025/2026 (VVPlusBus 2025/2026)	vom 10.10.2025&nbsp;
aktuell	Feiertag	Feiertag	95	3	220143	Rundschreiben 10/08 (RS 10/08)	vom 10.09.2008&nbsp;
aktuell	Feiertag	Feiertag	95	3	262410	Verordnung über die Durchführung des Sondervermögens „Zukunftspaket Brandenburg“ (Zukunftspaket-Brandenburg-Durchführungsverordnung - ZuPakBbg-DV)	vom 03.03.2026&nbsp;
aktuell	Feiertag	Feiertag	95	3	212758	Verordnung zur Regelung von Zuständigkeiten auf dem Gebiet des Arbeitsschutzes (Arbeitsschutzzuständigkeitsverordnung - ASZV)	vom 24.06.2005&nbsp;
aktuell	Feiertag	Feiertag	95	3	212407	Verordnung über die Gewährung von Trennungsgeld an Beamte im Land Brandenburg (Brandenburgische Trennungsgeldverordnung - BbgTGV)	vom 05.04.2005&nbsp;
aktuell	Feiertag	Feiertag	95	4	212792	Verfassung des Landes Brandenburg	vom 20.08.1992&nbsp;
aktuell	Feiertag	Feiertag	95	4	242586	Vertrag zwischen dem Heiligen Stuhl und dem Land Brandenburg	vom 12.11.2003&nbsp;
aktuell	Feiertag	Feiertag	95	4	242589	Vertrag zwischen dem Land Brandenburg und den evangelischen Landeskirchen in Brandenburg (Evangelischer Kirchenvertrag Brandenburg)	vom 08.11.1996&nbsp;
aktuell	Feiertag	Feiertag	95	4	261600	Richtlinien zur Gewährung von Zuwendungen an Schülerinnen und Schüler mit einem Berufsausbildungsvertrag nach dem Berufsbildungsgesetz oder der Handwerksordnung zu den Kosten für Unterkunft und Verpflegung bei notwendiger auswärtiger Unterkunft (RL-Unterkunft-Verpflegung - RL-UV)	vom 19.08.2025&nbsp;
aktuell	Feiertag	Feiertag	95	4	215659	Sicherstellung von Fahrzeugen durch die Polizei	vom 09.09.1991&nbsp;
aktuell	Feiertag	Feiertag	95	4	262681	Verordnung für die Studienplatzvergabe im Zentralen Vergabeverfahren und für das Dialogorientierte Serviceverfahren (Zentrale Studienplatzvergabeverordnung - ZSV)	vom 27.03.2026&nbsp;
aktuell	Feiertag	Feiertag	95	4	243591	Richtlinie des Ministeriums für Arbeit, Soziales, Gesundheit, Frauen und Familie zur Erstattung der Fahrgeldausfälle im Nahverkehr nach § 231 des Neunten Buches Sozialgesetzbuch (Fahrgelderstattungs-Richtlinie)	vom 24.11.2017&nbsp;
aktuell	Feiertag	Feiertag	95	4	241540	Geschäftsordnung für die Gerichte und Staatsanwaltschaften des Landes Brandenburg (GO)	vom 24.10.2016&nbsp;
aktuell	Feiertag	Feiertag	95	4	217129	Strafvollzugsgesetz und bundeseinheitliche Verwaltungsvorschriften zum Strafvollzugsgesetz (VVStVollzG)	vom 01.03.1991&nbsp;
aktuell	Feiertag	Feiertag	95	4	239877	Geschäftsanweisung für die Sozialen Dienste der Justiz im Land Brandenburg bei dem Brandenburgischen Oberlandesgericht	vom 14.03.2016&nbsp;
aktuell	Feiertag	Feiertag	95	5	212929	Verwaltungsvollstreckungsgesetz für das Land Brandenburg (VwVGBbg)	vom 16.05.2013&nbsp;
aktuell	Feiertag	Feiertag	95	5	212901	Verordnung über Erholungsurlaub und Dienstbefreiung der Beamtinnen, Beamten, Richterinnen und Richter im Land Brandenburg (Erholungsurlaubs- und Dienstbefreiungsverordnung - EUrlDbV)	vom 16.09.2009&nbsp;
aktuell	Feiertag	Feiertag	95	5	212314	Verordnung über die Wahl der Vertreter der Beschäftigten in den Verwaltungsräten der Sparkassen (Sparkassenwahlverordnung Beschäftigte - SpkWBV)	vom 03.06.2008&nbsp;
aktuell	Feiertag	Feiertag	95	5	218692	Gesetz zur Reform des Reisekostenrechts - Allgemeine Durchführungshinweise -	vom 11.08.2005&nbsp;
aktuell	Feiertag	Feiertag	95	5	216498	Verfahren zur Durchführung der Abschiebungshaft außerhalb von Justizvollzugsanstalten (Gewahrsamsordnung)	vom 16.07.1998&nbsp;
aktuell	Feiertag	Feiertag	95	5	212893	Wahlgesetz für den Landtag Brandenburg (Brandenburgisches Landeswahlgesetz - BbgLWahlG)	vom 02.03.1994&nbsp;
aktuell	Feiertag	Feiertag	95	5	251914	Neufassung der Allgemeinen Durchführungshinweise zur Trennungsgeldverordnung im Land Brandenburg	vom 30.04.2021&nbsp;
aktuell	Feiertag	Feiertag	95	5	216600	Hinweise für die Vollziehungsbeamten bei den Kassen der Landkreise, kreisfreien Städte, Ämter, amtsfreien Gemeinden und Zweckverbände	vom 06.08.1999&nbsp;
aktuell	Feiertag	Feiertag	95	5	217158	Bundeseinheitliche Verwaltungsvorschriften zum Jugendstrafvollzug (VVJug)	vom 20.03.1991&nbsp;
aktuell	Feiertag	Feiertag	95	5	212791	Gesetz über die Kommunalwahlen im Land Brandenburg (Brandenburgisches Kommunalwahlgesetz - BbgKWahlG)	vom 22.04.1993&nbsp;
aktuell	Feiertag	Feiertag	95	6	217810	Wechselschichtdienst- und Schichtdienstzulage nach § 20 EZulV (neu)	vom 07.12.1998&nbsp;
aktuell	Feiertag	Feiertag	95	6	217399	Rundschreiben Begehen von Jahrestagen brandenburgischer Städte und Gemeinden	vom 13.06.2003&nbsp;
aktuell	Feiertag	Feiertag	95	6	212967	Wahlordnung zum Sorben/Wenden-Gesetz (WO-SWG)	vom 15.09.2014&nbsp;
aktuell	Feiertag	Feiertag	95	6	212815	Verordnung über die Gewährung von Erschwerniszulagen im Land Brandenburg (Brandenburgische Erschwerniszulagenverordnung - BbgEZulV)	vom 10.09.2014&nbsp;
aktuell	Feiertag	Feiertag	95	6	212578	Wahlordnung zum Brandenburgischen Richtergesetz (RiWO)	vom 22.09.2011&nbsp;
aktuell	Feiertag	Feiertag	95	6	216289	Tarifvertrag über die Versorgung der Arbeitnehmer des Bundes und der Länder sowie von Arbeitnehmern kommunaler Verwaltungen und Betriebe (Versorgungs-TV)	vom 08.10.1996&nbsp;
aktuell	Feiertag	Feiertag	95	6	212614	Gesetz über das Verfahren bei Volksinitiative, Volksbegehren und Volksentscheid (Volksabstimmungsgesetz - VAGBbg)	vom 14.04.1993&nbsp;
aktuell	Feiertag	Feiertag	95	6	215805	Hinweise und Anordnungen zur Durchführung der Smog-Verordnung des Landes Brandenburg	vom 06.10.1992&nbsp;
aktuell	Feiertag	Feiertag	95	6	254494	Richtlinie des Ministeriums für Bildung, Jugend und Sport zur Förderung des Programms Projekte Schule/Jugendhilfe 2030 in der EU-Förderperiode 2021-2027	vom 23.06.2022&nbsp;
aktuell	Feiertag	Feiertag	95	6	239489	Verordnung über die Zulassung zu Studienplätzen in zulassungsbeschränkten Studiengängen durch die Hochschulen des Landes Brandenburg (Hochschulzulassungsverordnung - HZV)	vom 17.02.2016&nbsp;
aktuell	Feiertag	Feiertag	95	7	244708	Allgemeine Verwaltungsvorschrift des Landes Brandenburg zum Bundesreisekostengesetz (Bbg BRKGVwV)	vom 02.08.2005&nbsp;
aktuell	Feiertag	Feiertag	95	7	212410	Wahlordnung zum Landespersonalvertretungsgesetz (WO-LPersVG)	vom 26.08.1994&nbsp;
aktuell	Feiertag	Feiertag	95	7	220926	Verwaltungsvorschrift des Ministeriums für Infrastruktur und Landwirtschaft zur Einkommensermittlung nach den §§ 20 bis 24 des Wohnraumförderungsgesetzes (Einkommensermittlungserlass - WoFG)	vom 01.10.2012&nbsp;
aktuell	Feiertag	Feiertag	95	7	215818	Durchführung des Gesetzes zum Schutze der erwerbstätigen Mütter (Mutterschutzgesetz - MuSchG) für die Arbeitnehmerinnen des öffentlichen Dienstes	vom 30.10.1992&nbsp;
aktuell	Feiertag	Feiertag	95	7	262609	Geschäftsordnung des Landtages Brandenburg (GOLT)	vom 18.03.2026&nbsp;
aktuell	Feiertag	Feiertag	95	7	212956	Gesetz über den Vollzug der Freiheitsstrafe, der Jugendstrafe und der Untersuchungshaft im Land Brandenburg (Brandenburgisches Justizvollzugsgesetz - BbgJVollzG)	vom 24.04.2013&nbsp;
aktuell	Feiertag	Feiertag	95	7	216787	Neufassung der Verwaltungsvorschriften des Ministeriums des Innern zum Brandenburgischen Polizeigesetz (Verwaltungsvorschriften zum Brandenburgischen Polizeigesetz - VVBbgPoIG)	vom 05.06.2001&nbsp;
aktuell	Feiertag	Feiertag	95	7	220720	Allgemeine Ausnahmegenehmigung vom Feiertagsfahrverbot für Lastkraftwagen mit einem zulässigen Gesamtgewicht über 7,5 t und für Anhänger hinter Lastkraftwagen am 31. Oktober (Reformationstag) 2011 bis 2015	vom 27.09.2011&nbsp;
aktuell	Feiertag	Feiertag	95	7	263207	Ausführungsbestimmungen zu § 3 Nr. 6, 8 bis 13 der Verordnung über die Zuständigkeiten im Ausländerrecht (Allgemeine Weisung im Ausländerrecht Nr. 2024.02 - AW-AuslR 2024.02)	vom 12.08.2026&nbsp;
aktuell	Feiertag	Feiertag	95	7	221095	Geschäftsanweisung für Gerichtsvollzieher (GVGA)	vom 22.07.2013&nbsp;
aktuell	Feiertag	Feiertag	95	8	255102	Allgemeine Ausnahmegenehmigung vom Feiertagsfahrverbot für Lastkraftwagen mit einem zulässigen Gesamtgewicht über 7,5 t sowie Anhänger hinter Lastkraftwagen am 31. Oktober (Reformationstag) der Jahre 2022 bis 2024 auf bestimmten Streckenabschnitten im Land Brandenburg	vom 13.06.2022&nbsp;
aktuell	Feiertag	Feiertag	95	8	211812	Gesetz zu dem am 2. Oktober 1990 unterzeichneten Vertrag zwischen den Ländern Baden-Württemberg, Freistaat Bayern, Berlin, Freie Hansestadt Bremen, Freie und Hansestadt Hamburg, Hessen, Niedersachsen, Nordrhein-Westfalen, Rheinland-Pfalz, Saarland, Schleswig-Holstein und der Französischen Republik zum Europäischen Fernsehkulturkanal	vom 13.03.1995&nbsp;
aktuell	Feiertag	Feiertag	95	8	252051	Brandenburgisches Spielhallengesetz (BbgSpielhG)	vom 23.06.2021&nbsp;
aktuell	Feiertag	Feiertag	95	8	212430	Verordnung über die Spielordnung in den Spielbanken im Land Brandenburg (Spielordnungsverordnung - SpielOV)	vom 29.08.2009&nbsp;
aktuell	Feiertag	Feiertag	95	8	260581	Verwaltungsvorschrift des Ministeriums des Innern und für Kommunales über die produktorientierte Gliederung der Haushaltspläne, die Kontierung der kommunalen Bilanzen und der Ergebnis- und Finanzhaushalte sowie über die Verwendung verbindlicher Muster zur Kommunalen Haushalts- und Kassenverordnung (VV Produkt- und Kontenrahmen)	vom 27.11.2024&nbsp;
aktuell	Feiertag	Feiertag	95	8	260682	Verwaltungsvorschrift des Ministeriums für Bildung, Jugend und Sport (MBJS) zur Aufnahme, Registrierung, Verteilung und Zuweisung sowie Kostenerstattung von Leistungen und Maßnahmen für unbegleitete minderjährige Ausländerinnen und Ausländer (VV umA)	vom 20.11.2024&nbsp;
aktuell	Feiertag	Feiertag	95	8	254617	Gemeinsame Richtlinie des Ministeriums für Wirtschaft, Arbeit und Energie und des Ministeriums für Landwirtschaft, Umwelt und Klimaschutz zur Förderung des „Programms zur qualifizierten Ausbildung im Verbundsystem“ (PAV) im Land Brandenburg in der EU-Förderperiode 2021 - 2027	vom 22.07.2022&nbsp;
aktuell	Feiertag	Feiertag	95	8	212987	Verordnung über die Verwaltungsgebühren im Geschäftsbereich des Ministers für Wirtschaft, Arbeit, Energie und Klimaschutz (MWAEKGebO)	vom 14.01.2011&nbsp;
aktuell	Feiertag	Feiertag	95	8	249952	Medienstaatsvertrag (MStV)	vom 28.04.2020&nbsp;
aktuell	Feiertag	Feiertag	95	8	215763	Mitteilung bei erstmaliger Ausgabe von Heimarbeit, die Führung und Einsendung von Heimarbeitslisten und die Führung von Entgeltbelegen in der Heimarbeit	vom 27.07.1992&nbsp;
aktuell	Feiertag	Feiertag	95	9	261189	Allgemeine Ausnahmegenehmigung vom Feiertagsfahrverbot für Lastkraftwagen mit einer zulässigen Gesamtmasse über 7,5 t sowie Anhänger hinter Lastkraftwagen am 31. Oktober (Reformationstag) der Jahre 2025 bis 2026 auf bestimmten Streckenabschnitten im Land Brandenburg	vom 01.04.2025&nbsp;
aktuell	Feiertag	Feiertag	95	9	241077	Gerichtsvollzieherordnung (GVO)	vom 22.07.2013&nbsp;
aktuell	Feiertag	Feiertag	95	9	255126	Richtlinien für das Strafverfahren und das Bußgeldverfahren (RiStBV)	vom 13.12.2022&nbsp;
aktuell	Feiertag	Feiertag	95	9	212775	Vierte Verordnung über die Aufhebung von Wasserschutzgebieten	vom 29.08.2013&nbsp;
aktuell	Feiertag	Feiertag	95	9	216771	Richtlinie für die Durchführung des Lehrgangs Fahrschulbetriebswirtschaft nach § 11 Abs. 1 Nr. 5 Fahrlehrergesetz (FahrlG)	vom 24.04.2001&nbsp;
aktuell	Feiertag	Feiertag	95	9	212943	Verordnung zur Erhebung von Verwaltungsgebühren in den Bereichen Land- und Forstwirtschaft sowie Jagd (GebOLandw)	vom 11.07.2014&nbsp;
aktuell	Feiertag	Feiertag	95	9	212771	Verordnung über die Hoheitszeichen des Landes Brandenburg (Hoheitszeichenverordnung - HzV)	vom 20.04.2007&nbsp;
aktuell	Feiertag	Feiertag	95	9	243158	Rundschreiben 15/17 (RS 15/17)	vom 05.10.2017&nbsp;
aktuell	Feiertag	Feiertag	95	9	221323	Verwaltungsvorschrift des Ministeriums des Innern über Dienstkleidung und Abzeichen der Polizei des Landes Brandenburg (Brandenburgische Polizei-Dienstkleidungsverwaltungsvorschrift - BbgPolDkVV)	vom 09.06.2014&nbsp;
aktuell	Feiertag	Feiertag	95	9	212565	Verordnung über das Naturschutzgebiet „Kleine Röder“	vom 01.06.2011&nbsp;
aktuell	Feiertag	Feiertag	95	10	212630	Gesetz über das Leichen-, Bestattungs- und Friedhofswesen im Land Brandenburg (Brandenburgisches Bestattungsgesetz - BbgBestG)	vom 07.11.2001&nbsp;
aktuell	Feiertag	Feiertag	95	10	212726	Verordnung über die Gebühren für öffentliche Leistungen im Geschäftsbereich des Ministeriums des Innern und für Kommunales (Gebührenordnung des Ministeriums des Innern und für Kommunales - GebOMIK)	vom 21.07.2010&nbsp;
aktuell	Feiertag	Feiertag	95	10	255127	Brandenburgische Richtlinie für die Durchführung von Landesbaumaßnahmen (BbgRLBau)	vom 16.09.2022&nbsp;
aktuell	Feiertag	Feiertag	95	10	262264	Richtlinie des Ministeriums für Wirtschaft, Arbeit, Energie und Klimaschutz zur Förderung der wirtschaftsnahen kommunalen Infrastruktur im Rahmen der Gemeinschaftsaufgabe „Verbesserung der regionalen Wirtschaftsstruktur“ - GRW - (GRW-I)	vom 23.12.2025&nbsp;
aktuell	Feiertag	Feiertag	95	10	212411	Verordnung über den Braunkohlenplan Tagebau Welzow-Süd, räumlicher Teilabschnitt I	vom 21.06.2004&nbsp;
aktuell	Feiertage	Feiertage	95	1	211767	Gesetz über die Sonn- und Feiertage (Feiertagsgesetz - FTG)	vom 21.03.1991&nbsp;
aktuell	Feiertage	Feiertage	95	1	212239	Verordnung zur Übertragung der Zuständigkeit nach § 8 Satz 1 des Feiertagsgesetzes (FTGZüV)	vom 18.01.2007&nbsp;
aktuell	Feiertage	Feiertage	95	1	211768	Gesetz über den Verdienstorden des Landes Brandenburg (Brandenburgisches Ordensgesetz - BbgOrdG)	vom 10.07.2003&nbsp;
aktuell	Feiertage	Feiertage	95	1	258512	Verordnung über den Verkauf bestimmter Waren an Sonn- und Feiertagen in Kur-, Ausflugs- und Erholungsorten im Land Brandenburg (Brandenburgische Ladenschluss-Ausnahmeverordnung - BbgLSchlAV)	vom 16.04.2024&nbsp;
aktuell	Feiertage	Feiertage	95	1	212033	Verordnung über die Zulassung der Beschäftigung von Arbeitnehmern an Sonn- und Feiertagen zur Befriedigung täglicher oder an diesen Tagen besonders hervortretender Bedürfnisse der Bevölkerung (Bedarfsgewerbeverordnung - BedGewV)	vom 13.11.1998&nbsp;
aktuell	Feiertage	Feiertage	95	1	212537	Brandenburgisches Ladenöffnungsgesetz (BbgLöG)	vom 27.11.2006&nbsp;
aktuell	Feiertage	Feiertage	95	1	217912	Urteil des Bundesverwaltungsgerichts vom 21. Dezember 2000 - 2 C 40.99" target="window217912">Durchführung des § 3 a Bundesbesoldungsgesetz (BBesG) Urteil des Bundesverwaltungsgerichts vom 21. Dezember 2000 - 2 C 40.99	vom 21.05.2002&nbsp;
aktuell	Feiertage	Feiertage	95	1	217100	Widerruf von Ausnahmegenehmigungen vom Sonn-/Feiertagsfahrverbot des § 30 Abs. 3 und 4 der Straßenverkehrs-Ordnung für in Richtung Polen fahrende beziehungsweise aus Richtung Polen kommende Lastkraftwagen mit einem zulässigen Gesamtgewicht über 7,5 Tonnen und für Anhänger hinter Lastkraftwagen gemäß § 49 Abs. 2 Nr. 1 des Verwaltungsverfahrensgesetzes für das Land Brandenburg	vom 29.06.2004&nbsp;
aktuell	Feiertage	Feiertage	95	1	244637	Verwaltungsvorschrift zur Durchführung des § 5 Absatz 1 bis 3 des Brandenburgischen Ladenöffnungsgesetzes (VV BbgLöG)	vom 16.05.2018&nbsp;
aktuell	Feiertage	Feiertage	95	1	212683	Verordnung über Ausnahmen von Vorschriften des Jugendarbeitsschutzgesetzes für jugendliche Polizeivollzugsbeamtinnen und Polizeivollzugsbeamte (JASchGPV)	vom 24.08.2012&nbsp;
aktuell	Feiertage	Feiertage	95	2	220466	Gewährung einer Mehrarbeitszulage für Gefangene nach der Strafvollzugsvergütungsordnung	vom 19.02.2010&nbsp;
aktuell	Feiertage	Feiertage	95	2	237424	Steuerliche Behandlung der Zulage für Dienst zu wechselnden Zeiten bzw. der Zulagen für Schicht- und Wechselschichtdienst	vom 01.01.2014&nbsp;
aktuell	Feiertage	Feiertage	95	2	218810	Maßgebliches Feiertagsrecht" target="window218810">Anwendung des § 108 Abs. 3 AO bei der Zugangsvermutung nach § 122 Abs. 2 Nr. 1 AO Maßgebliches Feiertagsrecht	vom 24.06.2004&nbsp;
aktuell	Feiertage	Feiertage	95	2	218812	(Kurzinformation Verfahrensrecht, Ausgabe 27/03)" target="window218812">Anwendung des § 108 Abs. 3 AO bei den Zugangsvermutungen nach § 122 AO bzw. 123 AO (Kurzinformation Verfahrensrecht, Ausgabe 27/03)	vom 29.10.2003&nbsp;
aktuell	Feiertage	Feiertage	95	2	216363	Ausnahmegenehmigungen vom Sonn- und Feiertagsfahrverbot des § 30 Absatz 3 der Straßenverkehrs-Ordnung (StVO) für bestimmte Erntetransporte	vom 06.06.1997&nbsp;
aktuell	Feiertage	Feiertage	95	2	212949	Verordnung über die Arbeitszeit für die Beamten des Polizeivollzugsdienstes, des feuerwehrtechnischen Dienstes und des Justizvollzugsdienstes des Landes Brandenburg (Brandenburgische Arbeitszeitverordnung Polizei, Feuerwehr, Justizvollzug - BbgAZVPFJ)	vom 16.09.2009&nbsp;
aktuell	Feiertage	Feiertage	95	2	216555	Erlass des Ministeriums des Innern zur Aufhebung der Vorläufigen Verwaltungsvorschriften zur Durchführung des Feiertagsgesetzes	vom 15.12.1998&nbsp;
aktuell	Feiertage	Feiertage	95	2	212948	Verordnung über die Arbeitszeit der Beamten im Land Brandenburg (Arbeitszeitverordnung - AZV)	vom 16.09.2009&nbsp;
aktuell	Feiertage	Feiertage	95	2	217049	Informations- und Berichtspflichten auf dem Gebiet des Veterinärwesens und der Lebensmittelüberwachung sowie der Futtermittelüberwachung	vom 11.11.2003&nbsp;
aktuell	Feiertage	Feiertage	95	2	212080	Verordnung zur Regelung des Verfahrens der Anhörung der Bürgerinnen und Bürger der Gemeinde Horno zur Wiederansiedlung auf dem Gebiet der Gemeinde Jänschwalde oder dem Gebiet der Gemeinde Turnow oder dem Gebiet der Städte Peitz oder Forst (Lausitz) (Wiederansiedlungsanhörungsverordnung Horno - WAnhV)	vom 12.11.1997&nbsp;
aktuell	Feiertage	Feiertage	95	3	244346	Vertrag zwischen dem Land Brandenburg und der Jüdischen Gemeinde – Land Brandenburg	vom 11.01.2005&nbsp;
aktuell	Feiertage	Feiertage	95	3	221271	Verwaltungsvorschriften über die Organisation der Schulen in inneren und äußeren Schulangelegenheiten (VV-Schulbetrieb - VVSchulB)	vom 29.06.2010&nbsp;
aktuell	Feiertage	Feiertage	95	3	216275	Leitlinie des Ministers für Umwelt, Naturschutz und Raumordnung zur Ermittlung, Beurteilung und Verminderung von Geräuschimmissionen	vom 12.08.1996&nbsp;
aktuell	Feiertage	Feiertage	95	3	259274	Bundesweiter Pilotbetrieb für digitale Beifahrer bei Großraum- und Schwertransporten - Ergänzung zur RGST-Auflage 21	vom 04.06.2024&nbsp;
aktuell	Feiertage	Feiertage	95	3	212917	Landesimmissionsschutzgesetz (LImschG)	vom 03.03.1992&nbsp;
aktuell	Feiertage	Feiertage	95	3	261749	Verwaltungsvorschrift des Ministeriums für Infrastruktur und Landesplanung für die Zuweisung von Mitteln für die Durchführung von PlusBus-Verkehren für die Jahre 2025/2026 (VVPlusBus 2025/2026)	vom 10.10.2025&nbsp;
aktuell	Feiertage	Feiertage	95	3	220143	Rundschreiben 10/08 (RS 10/08)	vom 10.09.2008&nbsp;
aktuell	Feiertage	Feiertage	95	3	262410	Verordnung über die Durchführung des Sondervermögens „Zukunftspaket Brandenburg“ (Zukunftspaket-Brandenburg-Durchführungsverordnung - ZuPakBbg-DV)	vom 03.03.2026&nbsp;
aktuell	Feiertage	Feiertage	95	3	212758	Verordnung zur Regelung von Zuständigkeiten auf dem Gebiet des Arbeitsschutzes (Arbeitsschutzzuständigkeitsverordnung - ASZV)	vom 24.06.2005&nbsp;
aktuell	Feiertage	Feiertage	95	3	212407	Verordnung über die Gewährung von Trennungsgeld an Beamte im Land Brandenburg (Brandenburgische Trennungsgeldverordnung - BbgTGV)	vom 05.04.2005&nbsp;
aktuell	Feiertage	Feiertage	95	4	212792	Verfassung des Landes Brandenburg	vom 20.08.1992&nbsp;
aktuell	Feiertage	Feiertage	95	4	242586	Vertrag zwischen dem Heiligen Stuhl und dem Land Brandenburg	vom 12.11.2003&nbsp;
aktuell	Feiertage	Feiertage	95	4	242589	Vertrag zwischen dem Land Brandenburg und den evangelischen Landeskirchen in Brandenburg (Evangelischer Kirchenvertrag Brandenburg)	vom 08.11.1996&nbsp;
aktuell	Feiertage	Feiertage	95	4	261600	Richtlinien zur Gewährung von Zuwendungen an Schülerinnen und Schüler mit einem Berufsausbildungsvertrag nach dem Berufsbildungsgesetz oder der Handwerksordnung zu den Kosten für Unterkunft und Verpflegung bei notwendiger auswärtiger Unterkunft (RL-Unterkunft-Verpflegung - RL-UV)	vom 19.08.2025&nbsp;
aktuell	Feiertage	Feiertage	95	4	215659	Sicherstellung von Fahrzeugen durch die Polizei	vom 09.09.1991&nbsp;
aktuell	Feiertage	Feiertage	95	4	262681	Verordnung für die Studienplatzvergabe im Zentralen Vergabeverfahren und für das Dialogorientierte Serviceverfahren (Zentrale Studienplatzvergabeverordnung - ZSV)	vom 27.03.2026&nbsp;
aktuell	Feiertage	Feiertage	95	4	243591	Richtlinie des Ministeriums für Arbeit, Soziales, Gesundheit, Frauen und Familie zur Erstattung der Fahrgeldausfälle im Nahverkehr nach § 231 des Neunten Buches Sozialgesetzbuch (Fahrgelderstattungs-Richtlinie)	vom 24.11.2017&nbsp;
aktuell	Feiertage	Feiertage	95	4	241540	Geschäftsordnung für die Gerichte und Staatsanwaltschaften des Landes Brandenburg (GO)	vom 24.10.2016&nbsp;
aktuell	Feiertage	Feiertage	95	4	217129	Strafvollzugsgesetz und bundeseinheitliche Verwaltungsvorschriften zum Strafvollzugsgesetz (VVStVollzG)	vom 01.03.1991&nbsp;
aktuell	Feiertage	Feiertage	95	4	239877	Geschäftsanweisung für die Sozialen Dienste der Justiz im Land Brandenburg bei dem Brandenburgischen Oberlandesgericht	vom 14.03.2016&nbsp;
aktuell	Feiertage	Feiertage	95	5	212929	Verwaltungsvollstreckungsgesetz für das Land Brandenburg (VwVGBbg)	vom 16.05.2013&nbsp;
aktuell	Feiertage	Feiertage	95	5	212901	Verordnung über Erholungsurlaub und Dienstbefreiung der Beamtinnen, Beamten, Richterinnen und Richter im Land Brandenburg (Erholungsurlaubs- und Dienstbefreiungsverordnung - EUrlDbV)	vom 16.09.2009&nbsp;
aktuell	Feiertage	Feiertage	95	5	212314	Verordnung über die Wahl der Vertreter der Beschäftigten in den Verwaltungsräten der Sparkassen (Sparkassenwahlverordnung Beschäftigte - SpkWBV)	vom 03.06.2008&nbsp;
aktuell	Feiertage	Feiertage	95	5	218692	Gesetz zur Reform des Reisekostenrechts - Allgemeine Durchführungshinweise -	vom 11.08.2005&nbsp;
aktuell	Feiertage	Feiertage	95	5	216498	Verfahren zur Durchführung der Abschiebungshaft außerhalb von Justizvollzugsanstalten (Gewahrsamsordnung)	vom 16.07.1998&nbsp;
aktuell	Feiertage	Feiertage	95	5	212893	Wahlgesetz für den Landtag Brandenburg (Brandenburgisches Landeswahlgesetz - BbgLWahlG)	vom 02.03.1994&nbsp;
aktuell	Feiertage	Feiertage	95	5	251914	Neufassung der Allgemeinen Durchführungshinweise zur Trennungsgeldverordnung im Land Brandenburg	vom 30.04.2021&nbsp;
aktuell	Feiertage	Feiertage	95	5	216600	Hinweise für die Vollziehungsbeamten bei den Kassen der Landkreise, kreisfreien Städte, Ämter, amtsfreien Gemeinden und Zweckverbände	vom 06.08.1999&nbsp;
aktuell	Feiertage	Feiertage	95	5	217158	Bundeseinheitliche Verwaltungsvorschriften zum Jugendstrafvollzug (VVJug)	vom 20.03.1991&nbsp;
aktuell	Feiertage	Feiertage	95	5	212791	Gesetz über die Kommunalwahlen im Land Brandenburg (Brandenburgisches Kommunalwahlgesetz - BbgKWahlG)	vom 22.04.1993&nbsp;
aktuell	Feiertage	Feiertage	95	6	217810	Wechselschichtdienst- und Schichtdienstzulage nach § 20 EZulV (neu)	vom 07.12.1998&nbsp;
aktuell	Feiertage	Feiertage	95	6	217399	Rundschreiben Begehen von Jahrestagen brandenburgischer Städte und Gemeinden	vom 13.06.2003&nbsp;
aktuell	Feiertage	Feiertage	95	6	212967	Wahlordnung zum Sorben/Wenden-Gesetz (WO-SWG)	vom 15.09.2014&nbsp;
aktuell	Feiertage	Feiertage	95	6	212815	Verordnung über die Gewährung von Erschwerniszulagen im Land Brandenburg (Brandenburgische Erschwerniszulagenverordnung - BbgEZulV)	vom 10.09.2014&nbsp;
aktuell	Feiertage	Feiertage	95	6	212578	Wahlordnung zum Brandenburgischen Richtergesetz (RiWO)	vom 22.09.2011&nbsp;
aktuell	Feiertage	Feiertage	95	6	216289	Tarifvertrag über die Versorgung der Arbeitnehmer des Bundes und der Länder sowie von Arbeitnehmern kommunaler Verwaltungen und Betriebe (Versorgungs-TV)	vom 08.10.1996&nbsp;
aktuell	Feiertage	Feiertage	95	6	212614	Gesetz über das Verfahren bei Volksinitiative, Volksbegehren und Volksentscheid (Volksabstimmungsgesetz - VAGBbg)	vom 14.04.1993&nbsp;
aktuell	Feiertage	Feiertage	95	6	215805	Hinweise und Anordnungen zur Durchführung der Smog-Verordnung des Landes Brandenburg	vom 06.10.1992&nbsp;
aktuell	Feiertage	Feiertage	95	6	254494	Richtlinie des Ministeriums für Bildung, Jugend und Sport zur Förderung des Programms Projekte Schule/Jugendhilfe 2030 in der EU-Förderperiode 2021-2027	vom 23.06.2022&nbsp;
aktuell	Feiertage	Feiertage	95	6	239489	Verordnung über die Zulassung zu Studienplätzen in zulassungsbeschränkten Studiengängen durch die Hochschulen des Landes Brandenburg (Hochschulzulassungsverordnung - HZV)	vom 17.02.2016&nbsp;
aktuell	Feiertage	Feiertage	95	7	244708	Allgemeine Verwaltungsvorschrift des Landes Brandenburg zum Bundesreisekostengesetz (Bbg BRKGVwV)	vom 02.08.2005&nbsp;
aktuell	Feiertage	Feiertage	95	7	212410	Wahlordnung zum Landespersonalvertretungsgesetz (WO-LPersVG)	vom 26.08.1994&nbsp;
aktuell	Feiertage	Feiertage	95	7	220926	Verwaltungsvorschrift des Ministeriums für Infrastruktur und Landwirtschaft zur Einkommensermittlung nach den §§ 20 bis 24 des Wohnraumförderungsgesetzes (Einkommensermittlungserlass - WoFG)	vom 01.10.2012&nbsp;
aktuell	Feiertage	Feiertage	95	7	215818	Durchführung des Gesetzes zum Schutze der erwerbstätigen Mütter (Mutterschutzgesetz - MuSchG) für die Arbeitnehmerinnen des öffentlichen Dienstes	vom 30.10.1992&nbsp;
aktuell	Feiertage	Feiertage	95	7	262609	Geschäftsordnung des Landtages Brandenburg (GOLT)	vom 18.03.2026&nbsp;
aktuell	Feiertage	Feiertage	95	7	212956	Gesetz über den Vollzug der Freiheitsstrafe, der Jugendstrafe und der Untersuchungshaft im Land Brandenburg (Brandenburgisches Justizvollzugsgesetz - BbgJVollzG)	vom 24.04.2013&nbsp;
aktuell	Feiertage	Feiertage	95	7	216787	Neufassung der Verwaltungsvorschriften des Ministeriums des Innern zum Brandenburgischen Polizeigesetz (Verwaltungsvorschriften zum Brandenburgischen Polizeigesetz - VVBbgPoIG)	vom 05.06.2001&nbsp;
aktuell	Feiertage	Feiertage	95	7	220720	Allgemeine Ausnahmegenehmigung vom Feiertagsfahrverbot für Lastkraftwagen mit einem zulässigen Gesamtgewicht über 7,5 t und für Anhänger hinter Lastkraftwagen am 31. Oktober (Reformationstag) 2011 bis 2015	vom 27.09.2011&nbsp;
aktuell	Feiertage	Feiertage	95	7	263207	Ausführungsbestimmungen zu § 3 Nr. 6, 8 bis 13 der Verordnung über die Zuständigkeiten im Ausländerrecht (Allgemeine Weisung im Ausländerrecht Nr. 2024.02 - AW-AuslR 2024.02)	vom 12.08.2026&nbsp;
aktuell	Feiertage	Feiertage	95	7	221095	Geschäftsanweisung für Gerichtsvollzieher (GVGA)	vom 22.07.2013&nbsp;
aktuell	Feiertage	Feiertage	95	8	255102	Allgemeine Ausnahmegenehmigung vom Feiertagsfahrverbot für Lastkraftwagen mit einem zulässigen Gesamtgewicht über 7,5 t sowie Anhänger hinter Lastkraftwagen am 31. Oktober (Reformationstag) der Jahre 2022 bis 2024 auf bestimmten Streckenabschnitten im Land Brandenburg	vom 13.06.2022&nbsp;
aktuell	Feiertage	Feiertage	95	8	211812	Gesetz zu dem am 2. Oktober 1990 unterzeichneten Vertrag zwischen den Ländern Baden-Württemberg, Freistaat Bayern, Berlin, Freie Hansestadt Bremen, Freie und Hansestadt Hamburg, Hessen, Niedersachsen, Nordrhein-Westfalen, Rheinland-Pfalz, Saarland, Schleswig-Holstein und der Französischen Republik zum Europäischen Fernsehkulturkanal	vom 13.03.1995&nbsp;
aktuell	Feiertage	Feiertage	95	8	252051	Brandenburgisches Spielhallengesetz (BbgSpielhG)	vom 23.06.2021&nbsp;
aktuell	Feiertage	Feiertage	95	8	212430	Verordnung über die Spielordnung in den Spielbanken im Land Brandenburg (Spielordnungsverordnung - SpielOV)	vom 29.08.2009&nbsp;
aktuell	Feiertage	Feiertage	95	8	260581	Verwaltungsvorschrift des Ministeriums des Innern und für Kommunales über die produktorientierte Gliederung der Haushaltspläne, die Kontierung der kommunalen Bilanzen und der Ergebnis- und Finanzhaushalte sowie über die Verwendung verbindlicher Muster zur Kommunalen Haushalts- und Kassenverordnung (VV Produkt- und Kontenrahmen)	vom 27.11.2024&nbsp;
aktuell	Feiertage	Feiertage	95	8	260682	Verwaltungsvorschrift des Ministeriums für Bildung, Jugend und Sport (MBJS) zur Aufnahme, Registrierung, Verteilung und Zuweisung sowie Kostenerstattung von Leistungen und Maßnahmen für unbegleitete minderjährige Ausländerinnen und Ausländer (VV umA)	vom 20.11.2024&nbsp;
aktuell	Feiertage	Feiertage	95	8	254617	Gemeinsame Richtlinie des Ministeriums für Wirtschaft, Arbeit und Energie und des Ministeriums für Landwirtschaft, Umwelt und Klimaschutz zur Förderung des „Programms zur qualifizierten Ausbildung im Verbundsystem“ (PAV) im Land Brandenburg in der EU-Förderperiode 2021 - 2027	vom 22.07.2022&nbsp;
aktuell	Feiertage	Feiertage	95	8	212987	Verordnung über die Verwaltungsgebühren im Geschäftsbereich des Ministers für Wirtschaft, Arbeit, Energie und Klimaschutz (MWAEKGebO)	vom 14.01.2011&nbsp;
aktuell	Feiertage	Feiertage	95	8	249952	Medienstaatsvertrag (MStV)	vom 28.04.2020&nbsp;
aktuell	Feiertage	Feiertage	95	8	215763	Mitteilung bei erstmaliger Ausgabe von Heimarbeit, die Führung und Einsendung von Heimarbeitslisten und die Führung von Entgeltbelegen in der Heimarbeit	vom 27.07.1992&nbsp;
aktuell	Feiertage	Feiertage	95	9	261189	Allgemeine Ausnahmegenehmigung vom Feiertagsfahrverbot für Lastkraftwagen mit einer zulässigen Gesamtmasse über 7,5 t sowie Anhänger hinter Lastkraftwagen am 31. Oktober (Reformationstag) der Jahre 2025 bis 2026 auf bestimmten Streckenabschnitten im Land Brandenburg	vom 01.04.2025&nbsp;
aktuell	Feiertage	Feiertage	95	9	241077	Gerichtsvollzieherordnung (GVO)	vom 22.07.2013&nbsp;
aktuell	Feiertage	Feiertage	95	9	255126	Richtlinien für das Strafverfahren und das Bußgeldverfahren (RiStBV)	vom 13.12.2022&nbsp;
aktuell	Feiertage	Feiertage	95	9	212775	Vierte Verordnung über die Aufhebung von Wasserschutzgebieten	vom 29.08.2013&nbsp;
aktuell	Feiertage	Feiertage	95	9	216771	Richtlinie für die Durchführung des Lehrgangs Fahrschulbetriebswirtschaft nach § 11 Abs. 1 Nr. 5 Fahrlehrergesetz (FahrlG)	vom 24.04.2001&nbsp;
aktuell	Feiertage	Feiertage	95	9	212943	Verordnung zur Erhebung von Verwaltungsgebühren in den Bereichen Land- und Forstwirtschaft sowie Jagd (GebOLandw)	vom 11.07.2014&nbsp;
aktuell	Feiertage	Feiertage	95	9	212771	Verordnung über die Hoheitszeichen des Landes Brandenburg (Hoheitszeichenverordnung - HzV)	vom 20.04.2007&nbsp;
aktuell	Feiertage	Feiertage	95	9	243158	Rundschreiben 15/17 (RS 15/17)	vom 05.10.2017&nbsp;
aktuell	Feiertage	Feiertage	95	9	221323	Verwaltungsvorschrift des Ministeriums des Innern über Dienstkleidung und Abzeichen der Polizei des Landes Brandenburg (Brandenburgische Polizei-Dienstkleidungsverwaltungsvorschrift - BbgPolDkVV)	vom 09.06.2014&nbsp;
aktuell	Feiertage	Feiertage	95	9	212565	Verordnung über das Naturschutzgebiet „Kleine Röder“	vom 01.06.2011&nbsp;
aktuell	Feiertage	Feiertage	95	10	212630	Gesetz über das Leichen-, Bestattungs- und Friedhofswesen im Land Brandenburg (Brandenburgisches Bestattungsgesetz - BbgBestG)	vom 07.11.2001&nbsp;
aktuell	Feiertage	Feiertage	95	10	212726	Verordnung über die Gebühren für öffentliche Leistungen im Geschäftsbereich des Ministeriums des Innern und für Kommunales (Gebührenordnung des Ministeriums des Innern und für Kommunales - GebOMIK)	vom 21.07.2010&nbsp;
aktuell	Feiertage	Feiertage	95	10	255127	Brandenburgische Richtlinie für die Durchführung von Landesbaumaßnahmen (BbgRLBau)	vom 16.09.2022&nbsp;
aktuell	Feiertage	Feiertage	95	10	262264	Richtlinie des Ministeriums für Wirtschaft, Arbeit, Energie und Klimaschutz zur Förderung der wirtschaftsnahen kommunalen Infrastruktur im Rahmen der Gemeinschaftsaufgabe „Verbesserung der regionalen Wirtschaftsstruktur“ - GRW - (GRW-I)	vom 23.12.2025&nbsp;
aktuell	Feiertage	Feiertage	95	10	212411	Verordnung über den Braunkohlenplan Tagebau Welzow-Süd, räumlicher Teilabschnitt I	vom 21.06.2004&nbsp;
aktuell	Feiertagsgesetz	Feiertagsgesetz	94	1	216555	Erlass des Ministeriums des Innern zur Aufhebung der Vorläufigen Verwaltungsvorschriften zur Durchführung des Feiertagsgesetzes	vom 15.12.1998&nbsp;
aktuell	Feiertagsgesetz	Feiertagsgesetz	94	1	211767	Gesetz über die Sonn- und Feiertage (Feiertagsgesetz - FTG)	vom 21.03.1991&nbsp;
aktuell	Feiertagsgesetz	Feiertagsgesetz	94	1	212239	Verordnung zur Übertragung der Zuständigkeit nach § 8 Satz 1 des Feiertagsgesetzes (FTGZüV)	vom 18.01.2007&nbsp;
aktuell	Feiertagsgesetz	Feiertagsgesetz	94	1	212537	Brandenburgisches Ladenöffnungsgesetz (BbgLöG)	vom 27.11.2006&nbsp;
aktuell	Feiertagsgesetz	Feiertagsgesetz	94	1	244637	Verwaltungsvorschrift zur Durchführung des § 5 Absatz 1 bis 3 des Brandenburgischen Ladenöffnungsgesetzes (VV BbgLöG)	vom 16.05.2018&nbsp;
aktuell	Feiertagsgesetz	Feiertagsgesetz	94	1	216771	Richtlinie für die Durchführung des Lehrgangs Fahrschulbetriebswirtschaft nach § 11 Abs. 1 Nr. 5 Fahrlehrergesetz (FahrlG)	vom 24.04.2001&nbsp;
aktuell	Feiertagsgesetz	Feiertagsgesetz	94	1	244346	Vertrag zwischen dem Land Brandenburg und der Jüdischen Gemeinde – Land Brandenburg	vom 11.01.2005&nbsp;
aktuell	Feiertagsgesetz	Feiertagsgesetz	94	1	217100	Widerruf von Ausnahmegenehmigungen vom Sonn-/Feiertagsfahrverbot des § 30 Abs. 3 und 4 der Straßenverkehrs-Ordnung für in Richtung Polen fahrende beziehungsweise aus Richtung Polen kommende Lastkraftwagen mit einem zulässigen Gesamtgewicht über 7,5 Tonnen und für Anhänger hinter Lastkraftwagen gemäß § 49 Abs. 2 Nr. 1 des Verwaltungsverfahrensgesetzes für das Land Brandenburg	vom 29.06.2004&nbsp;
aktuell	Feiertagsgesetz	Feiertagsgesetz	94	1	218810	Maßgebliches Feiertagsrecht" target="window218810">Anwendung des § 108 Abs. 3 AO bei der Zugangsvermutung nach § 122 Abs. 2 Nr. 1 AO Maßgebliches Feiertagsrecht	vom 24.06.2004&nbsp;
aktuell	Feiertagsgesetz	Feiertagsgesetz	94	1	212033	Verordnung über die Zulassung der Beschäftigung von Arbeitnehmern an Sonn- und Feiertagen zur Befriedigung täglicher oder an diesen Tagen besonders hervortretender Bedürfnisse der Bevölkerung (Bedarfsgewerbeverordnung - BedGewV)	vom 13.11.1998&nbsp;
aktuell	Feiertagsgesetz	Feiertagsgesetz	94	2	217912	Urteil des Bundesverwaltungsgerichts vom 21. Dezember 2000 - 2 C 40.99" target="window217912">Durchführung des § 3 a Bundesbesoldungsgesetz (BBesG) Urteil des Bundesverwaltungsgerichts vom 21. Dezember 2000 - 2 C 40.99	vom 21.05.2002&nbsp;
aktuell	Feiertagsgesetz	Feiertagsgesetz	94	2	212726	Verordnung über die Gebühren für öffentliche Leistungen im Geschäftsbereich des Ministeriums des Innern und für Kommunales (Gebührenordnung des Ministeriums des Innern und für Kommunales - GebOMIK)	vom 21.07.2010&nbsp;
aktuell	Feiertagsgesetz	Feiertagsgesetz	94	2	216600	Hinweise für die Vollziehungsbeamten bei den Kassen der Landkreise, kreisfreien Städte, Ämter, amtsfreien Gemeinden und Zweckverbände	vom 06.08.1999&nbsp;
aktuell	Feiertagsgesetz	Feiertagsgesetz	94	2	212683	Verordnung über Ausnahmen von Vorschriften des Jugendarbeitsschutzgesetzes für jugendliche Polizeivollzugsbeamtinnen und Polizeivollzugsbeamte (JASchGPV)	vom 24.08.2012&nbsp;
aktuell	Feiertagsgesetz	Feiertagsgesetz	94	2	217399	Rundschreiben Begehen von Jahrestagen brandenburgischer Städte und Gemeinden	vom 13.06.2003&nbsp;
aktuell	Feiertagsgesetz	Feiertagsgesetz	94	2	237424	Steuerliche Behandlung der Zulage für Dienst zu wechselnden Zeiten bzw. der Zulagen für Schicht- und Wechselschichtdienst	vom 01.01.2014&nbsp;
aktuell	Feiertagsgesetz	Feiertagsgesetz	94	2	220466	Gewährung einer Mehrarbeitszulage für Gefangene nach der Strafvollzugsvergütungsordnung	vom 19.02.2010&nbsp;
aktuell	Feiertagsgesetz	Feiertagsgesetz	94	2	220720	Allgemeine Ausnahmegenehmigung vom Feiertagsfahrverbot für Lastkraftwagen mit einem zulässigen Gesamtgewicht über 7,5 t und für Anhänger hinter Lastkraftwagen am 31. Oktober (Reformationstag) 2011 bis 2015	vom 27.09.2011&nbsp;
aktuell	Feiertagsgesetz	Feiertagsgesetz	94	2	216363	Ausnahmegenehmigungen vom Sonn- und Feiertagsfahrverbot des § 30 Absatz 3 der Straßenverkehrs-Ordnung (StVO) für bestimmte Erntetransporte	vom 06.06.1997&nbsp;
aktuell	Feiertagsgesetz	Feiertagsgesetz	94	2	212949	Verordnung über die Arbeitszeit für die Beamten des Polizeivollzugsdienstes, des feuerwehrtechnischen Dienstes und des Justizvollzugsdienstes des Landes Brandenburg (Brandenburgische Arbeitszeitverordnung Polizei, Feuerwehr, Justizvollzug - BbgAZVPFJ)	vom 16.09.2009&nbsp;
aktuell	Feiertagsgesetz	Feiertagsgesetz	94	3	255102	Allgemeine Ausnahmegenehmigung vom Feiertagsfahrverbot für Lastkraftwagen mit einem zulässigen Gesamtgewicht über 7,5 t sowie Anhänger hinter Lastkraftwagen am 31. Oktober (Reformationstag) der Jahre 2022 bis 2024 auf bestimmten Streckenabschnitten im Land Brandenburg	vom 13.06.2022&nbsp;
aktuell	Feiertagsgesetz	Feiertagsgesetz	94	3	211812	Gesetz zu dem am 2. Oktober 1990 unterzeichneten Vertrag zwischen den Ländern Baden-Württemberg, Freistaat Bayern, Berlin, Freie Hansestadt Bremen, Freie und Hansestadt Hamburg, Hessen, Niedersachsen, Nordrhein-Westfalen, Rheinland-Pfalz, Saarland, Schleswig-Holstein und der Französischen Republik zum Europäischen Fernsehkulturkanal	vom 13.03.1995&nbsp;
aktuell	Feiertagsgesetz	Feiertagsgesetz	94	3	252051	Brandenburgisches Spielhallengesetz (BbgSpielhG)	vom 23.06.2021&nbsp;
aktuell	Feiertagsgesetz	Feiertagsgesetz	94	3	212430	Verordnung über die Spielordnung in den Spielbanken im Land Brandenburg (Spielordnungsverordnung - SpielOV)	vom 29.08.2009&nbsp;
aktuell	Feiertagsgesetz	Feiertagsgesetz	94	3	218812	(Kurzinformation Verfahrensrecht, Ausgabe 27/03)" target="window218812">Anwendung des § 108 Abs. 3 AO bei den Zugangsvermutungen nach § 122 AO bzw. 123 AO (Kurzinformation Verfahrensrecht, Ausgabe 27/03)	vom 29.10.2003&nbsp;
aktuell	Feiertagsgesetz	Feiertagsgesetz	94	3	221271	Verwaltungsvorschriften über die Organisation der Schulen in inneren und äußeren Schulangelegenheiten (VV-Schulbetrieb - VVSchulB)	vom 29.06.2010&nbsp;
aktuell	Feiertagsgesetz	Feiertagsgesetz	94	3	215763	Mitteilung bei erstmaliger Ausgabe von Heimarbeit, die Führung und Einsendung von Heimarbeitslisten und die Führung von Entgeltbelegen in der Heimarbeit	vom 27.07.1992&nbsp;
aktuell	Feiertagsgesetz	Feiertagsgesetz	94	3	261189	Allgemeine Ausnahmegenehmigung vom Feiertagsfahrverbot für Lastkraftwagen mit einer zulässigen Gesamtmasse über 7,5 t sowie Anhänger hinter Lastkraftwagen am 31. Oktober (Reformationstag) der Jahre 2025 bis 2026 auf bestimmten Streckenabschnitten im Land Brandenburg	vom 01.04.2025&nbsp;
aktuell	Feiertagsgesetz	Feiertagsgesetz	94	3	217049	Informations- und Berichtspflichten auf dem Gebiet des Veterinärwesens und der Lebensmittelüberwachung sowie der Futtermittelüberwachung	vom 11.11.2003&nbsp;
aktuell	Feiertagsgesetz	Feiertagsgesetz	94	3	212775	Vierte Verordnung über die Aufhebung von Wasserschutzgebieten	vom 29.08.2013&nbsp;
aktuell	Feiertagsgesetz	Feiertagsgesetz	94	4	212948	Verordnung über die Arbeitszeit der Beamten im Land Brandenburg (Arbeitszeitverordnung - AZV)	vom 16.09.2009&nbsp;
aktuell	Feiertagsgesetz	Feiertagsgesetz	94	4	212080	Verordnung zur Regelung des Verfahrens der Anhörung der Bürgerinnen und Bürger der Gemeinde Horno zur Wiederansiedlung auf dem Gebiet der Gemeinde Jänschwalde oder dem Gebiet der Gemeinde Turnow oder dem Gebiet der Städte Peitz oder Forst (Lausitz) (Wiederansiedlungsanhörungsverordnung Horno - WAnhV)	vom 12.11.1997&nbsp;
aktuell	Feiertagsgesetz	Feiertagsgesetz	94	4	216275	Leitlinie des Ministers für Umwelt, Naturschutz und Raumordnung zur Ermittlung, Beurteilung und Verminderung von Geräuschimmissionen	vom 12.08.1996&nbsp;
aktuell	Feiertagsgesetz	Feiertagsgesetz	94	4	212792	Verfassung des Landes Brandenburg	vom 20.08.1992&nbsp;
aktuell	Feiertagsgesetz	Feiertagsgesetz	94	4	259274	Bundesweiter Pilotbetrieb für digitale Beifahrer bei Großraum- und Schwertransporten - Ergänzung zur RGST-Auflage 21	vom 04.06.2024&nbsp;
aktuell	Feiertagsgesetz	Feiertagsgesetz	94	4	212917	Landesimmissionsschutzgesetz (LImschG)	vom 03.03.1992&nbsp;
aktuell	Feiertagsgesetz	Feiertagsgesetz	94	4	261749	Verwaltungsvorschrift des Ministeriums für Infrastruktur und Landesplanung für die Zuweisung von Mitteln für die Durchführung von PlusBus-Verkehren für die Jahre 2025/2026 (VVPlusBus 2025/2026)	vom 10.10.2025&nbsp;
aktuell	Feiertagsgesetz	Feiertagsgesetz	94	4	243591	Richtlinie des Ministeriums für Arbeit, Soziales, Gesundheit, Frauen und Familie zur Erstattung der Fahrgeldausfälle im Nahverkehr nach § 231 des Neunten Buches Sozialgesetzbuch (Fahrgelderstattungs-Richtlinie)	vom 24.11.2017&nbsp;
aktuell	Feiertagsgesetz	Feiertagsgesetz	94	4	212815	Verordnung über die Gewährung von Erschwerniszulagen im Land Brandenburg (Brandenburgische Erschwerniszulagenverordnung - BbgEZulV)	vom 10.09.2014&nbsp;
aktuell	Feiertagsgesetz	Feiertagsgesetz	94	4	220143	Rundschreiben 10/08 (RS 10/08)	vom 10.09.2008&nbsp;
aktuell	Feiertagsgesetz	Feiertagsgesetz	94	5	212771	Verordnung über die Hoheitszeichen des Landes Brandenburg (Hoheitszeichenverordnung - HzV)	vom 20.04.2007&nbsp;
aktuell	Feiertagsgesetz	Feiertagsgesetz	94	5	242586	Vertrag zwischen dem Heiligen Stuhl und dem Land Brandenburg	vom 12.11.2003&nbsp;
aktuell	Feiertagsgesetz	Feiertagsgesetz	94	5	242589	Vertrag zwischen dem Land Brandenburg und den evangelischen Landeskirchen in Brandenburg (Evangelischer Kirchenvertrag Brandenburg)	vom 08.11.1996&nbsp;
aktuell	Feiertagsgesetz	Feiertagsgesetz	94	5	212314	Verordnung über die Wahl der Vertreter der Beschäftigten in den Verwaltungsräten der Sparkassen (Sparkassenwahlverordnung Beschäftigte - SpkWBV)	vom 03.06.2008&nbsp;
aktuell	Feiertagsgesetz	Feiertagsgesetz	94	5	262410	Verordnung über die Durchführung des Sondervermögens „Zukunftspaket Brandenburg“ (Zukunftspaket-Brandenburg-Durchführungsverordnung - ZuPakBbg-DV)	vom 03.03.2026&nbsp;
aktuell	Feiertagsgesetz	Feiertagsgesetz	94	5	243158	Rundschreiben 15/17 (RS 15/17)	vom 05.10.2017&nbsp;
aktuell	Feiertagsgesetz	Feiertagsgesetz	94	5	212758	Verordnung zur Regelung von Zuständigkeiten auf dem Gebiet des Arbeitsschutzes (Arbeitsschutzzuständigkeitsverordnung - ASZV)	vom 24.06.2005&nbsp;
aktuell	Feiertagsgesetz	Feiertagsgesetz	94	5	212407	Verordnung über die Gewährung von Trennungsgeld an Beamte im Land Brandenburg (Brandenburgische Trennungsgeldverordnung - BbgTGV)	vom 05.04.2005&nbsp;
aktuell	Feiertagsgesetz	Feiertagsgesetz	94	5	215818	Durchführung des Gesetzes zum Schutze der erwerbstätigen Mütter (Mutterschutzgesetz - MuSchG) für die Arbeitnehmerinnen des öffentlichen Dienstes	vom 30.10.1992&nbsp;
aktuell	Feiertagsgesetz	Feiertagsgesetz	94	5	261600	Richtlinien zur Gewährung von Zuwendungen an Schülerinnen und Schüler mit einem Berufsausbildungsvertrag nach dem Berufsbildungsgesetz oder der Handwerksordnung zu den Kosten für Unterkunft und Verpflegung bei notwendiger auswärtiger Unterkunft (RL-Unterkunft-Verpflegung - RL-UV)	vom 19.08.2025&nbsp;
aktuell	Feiertagsgesetz	Feiertagsgesetz	94	6	258512	Verordnung über den Verkauf bestimmter Waren an Sonn- und Feiertagen in Kur-, Ausflugs- und Erholungsorten im Land Brandenburg (Brandenburgische Ladenschluss-Ausnahmeverordnung - BbgLSchlAV)	vom 16.04.2024&nbsp;
aktuell	Feiertagsgesetz	Feiertagsgesetz	94	6	251914	Neufassung der Allgemeinen Durchführungshinweise zur Trennungsgeldverordnung im Land Brandenburg	vom 30.04.2021&nbsp;
aktuell	Feiertagsgesetz	Feiertagsgesetz	94	6	215659	Sicherstellung von Fahrzeugen durch die Polizei	vom 09.09.1991&nbsp;
aktuell	Feiertagsgesetz	Feiertagsgesetz	94	6	262681	Verordnung für die Studienplatzvergabe im Zentralen Vergabeverfahren und für das Dialogorientierte Serviceverfahren (Zentrale Studienplatzvergabeverordnung - ZSV)	vom 27.03.2026&nbsp;
aktuell	Feiertagsgesetz	Feiertagsgesetz	94	6	241540	Geschäftsordnung für die Gerichte und Staatsanwaltschaften des Landes Brandenburg (GO)	vom 24.10.2016&nbsp;
aktuell	Feiertagsgesetz	Feiertagsgesetz	94	6	212578	Wahlordnung zum Brandenburgischen Richtergesetz (RiWO)	vom 22.09.2011&nbsp;
aktuell	Feiertagsgesetz	Feiertagsgesetz	94	6	217129	Strafvollzugsgesetz und bundeseinheitliche Verwaltungsvorschriften zum Strafvollzugsgesetz (VVStVollzG)	vom 01.03.1991&nbsp;
aktuell	Feiertagsgesetz	Feiertagsgesetz	94	6	239877	Geschäftsanweisung für die Sozialen Dienste der Justiz im Land Brandenburg bei dem Brandenburgischen Oberlandesgericht	vom 14.03.2016&nbsp;
aktuell	Feiertagsgesetz	Feiertagsgesetz	94	6	221323	Verwaltungsvorschrift des Ministeriums des Innern über Dienstkleidung und Abzeichen der Polizei des Landes Brandenburg (Brandenburgische Polizei-Dienstkleidungsverwaltungsvorschrift - BbgPolDkVV)	vom 09.06.2014&nbsp;
aktuell	Feiertagsgesetz	Feiertagsgesetz	94	6	212929	Verwaltungsvollstreckungsgesetz für das Land Brandenburg (VwVGBbg)	vom 16.05.2013&nbsp;
aktuell	Feiertagsgesetz	Feiertagsgesetz	94	7	212901	Verordnung über Erholungsurlaub und Dienstbefreiung der Beamtinnen, Beamten, Richterinnen und Richter im Land Brandenburg (Erholungsurlaubs- und Dienstbefreiungsverordnung - EUrlDbV)	vom 16.09.2009&nbsp;
aktuell	Feiertagsgesetz	Feiertagsgesetz	94	7	218692	Gesetz zur Reform des Reisekostenrechts - Allgemeine Durchführungshinweise -	vom 11.08.2005&nbsp;
aktuell	Feiertagsgesetz	Feiertagsgesetz	94	7	216498	Verfahren zur Durchführung der Abschiebungshaft außerhalb von Justizvollzugsanstalten (Gewahrsamsordnung)	vom 16.07.1998&nbsp;
aktuell	Feiertagsgesetz	Feiertagsgesetz	94	7	212410	Wahlordnung zum Landespersonalvertretungsgesetz (WO-LPersVG)	vom 26.08.1994&nbsp;
aktuell	Feiertagsgesetz	Feiertagsgesetz	94	7	212893	Wahlgesetz für den Landtag Brandenburg (Brandenburgisches Landeswahlgesetz - BbgLWahlG)	vom 02.03.1994&nbsp;
aktuell	Feiertagsgesetz	Feiertagsgesetz	94	7	217158	Bundeseinheitliche Verwaltungsvorschriften zum Jugendstrafvollzug (VVJug)	vom 20.03.1991&nbsp;
aktuell	Feiertagsgesetz	Feiertagsgesetz	94	7	212791	Gesetz über die Kommunalwahlen im Land Brandenburg (Brandenburgisches Kommunalwahlgesetz - BbgKWahlG)	vom 22.04.1993&nbsp;
aktuell	Feiertagsgesetz	Feiertagsgesetz	94	7	216787	Neufassung der Verwaltungsvorschriften des Ministeriums des Innern zum Brandenburgischen Polizeigesetz (Verwaltungsvorschriften zum Brandenburgischen Polizeigesetz - VVBbgPoIG)	vom 05.06.2001&nbsp;
aktuell	Feiertagsgesetz	Feiertagsgesetz	94	7	217810	Wechselschichtdienst- und Schichtdienstzulage nach § 20 EZulV (neu)	vom 07.12.1998&nbsp;
aktuell	Feiertagsgesetz	Feiertagsgesetz	94	7	212967	Wahlordnung zum Sorben/Wenden-Gesetz (WO-SWG)	vom 15.09.2014&nbsp;
aktuell	Feiertagsgesetz	Feiertagsgesetz	94	8	212565	Verordnung über das Naturschutzgebiet „Kleine Röder“	vom 01.06.2011&nbsp;
aktuell	Feiertagsgesetz	Feiertagsgesetz	94	8	212630	Gesetz über das Leichen-, Bestattungs- und Friedhofswesen im Land Brandenburg (Brandenburgisches Bestattungsgesetz - BbgBestG)	vom 07.11.2001&nbsp;
aktuell	Feiertagsgesetz	Feiertagsgesetz	94	8	216289	Tarifvertrag über die Versorgung der Arbeitnehmer des Bundes und der Länder sowie von Arbeitnehmern kommunaler Verwaltungen und Betriebe (Versorgungs-TV)	vom 08.10.1996&nbsp;
aktuell	Feiertagsgesetz	Feiertagsgesetz	94	8	212614	Gesetz über das Verfahren bei Volksinitiative, Volksbegehren und Volksentscheid (Volksabstimmungsgesetz - VAGBbg)	vom 14.04.1993&nbsp;
aktuell	Feiertagsgesetz	Feiertagsgesetz	94	8	215805	Hinweise und Anordnungen zur Durchführung der Smog-Verordnung des Landes Brandenburg	vom 06.10.1992&nbsp;
aktuell	Feiertagsgesetz	Feiertagsgesetz	94	8	254494	Richtlinie des Ministeriums für Bildung, Jugend und Sport zur Förderung des Programms Projekte Schule/Jugendhilfe 2030 in der EU-Förderperiode 2021-2027	vom 23.06.2022&nbsp;
aktuell	Feiertagsgesetz	Feiertagsgesetz	94	8	239489	Verordnung über die Zulassung zu Studienplätzen in zulassungsbeschränkten Studiengängen durch die Hochschulen des Landes Brandenburg (Hochschulzulassungsverordnung - HZV)	vom 17.02.2016&nbsp;
aktuell	Feiertagsgesetz	Feiertagsgesetz	94	8	244708	Allgemeine Verwaltungsvorschrift des Landes Brandenburg zum Bundesreisekostengesetz (Bbg BRKGVwV)	vom 02.08.2005&nbsp;
aktuell	Feiertagsgesetz	Feiertagsgesetz	94	8	220926	Verwaltungsvorschrift des Ministeriums für Infrastruktur und Landwirtschaft zur Einkommensermittlung nach den §§ 20 bis 24 des Wohnraumförderungsgesetzes (Einkommensermittlungserlass - WoFG)	vom 01.10.2012&nbsp;
aktuell	Feiertagsgesetz	Feiertagsgesetz	94	8	255127	Brandenburgische Richtlinie für die Durchführung von Landesbaumaßnahmen (BbgRLBau)	vom 16.09.2022&nbsp;
aktuell	Feiertagsgesetz	Feiertagsgesetz	94	9	262609	Geschäftsordnung des Landtages Brandenburg (GOLT)	vom 18.03.2026&nbsp;
aktuell	Feiertagsgesetz	Feiertagsgesetz	94	9	262264	Richtlinie des Ministeriums für Wirtschaft, Arbeit, Energie und Klimaschutz zur Förderung der wirtschaftsnahen kommunalen Infrastruktur im Rahmen der Gemeinschaftsaufgabe „Verbesserung der regionalen Wirtschaftsstruktur“ - GRW - (GRW-I)	vom 23.12.2025&nbsp;
aktuell	Feiertagsgesetz	Feiertagsgesetz	94	9	221095	Geschäftsanweisung für Gerichtsvollzieher (GVGA)	vom 22.07.2013&nbsp;
aktuell	Feiertagsgesetz	Feiertagsgesetz	94	9	212956	Gesetz über den Vollzug der Freiheitsstrafe, der Jugendstrafe und der Untersuchungshaft im Land Brandenburg (Brandenburgisches Justizvollzugsgesetz - BbgJVollzG)	vom 24.04.2013&nbsp;
aktuell	Feiertagsgesetz	Feiertagsgesetz	94	9	263207	Ausführungsbestimmungen zu § 3 Nr. 6, 8 bis 13 der Verordnung über die Zuständigkeiten im Ausländerrecht (Allgemeine Weisung im Ausländerrecht Nr. 2024.02 - AW-AuslR 2024.02)	vom 12.08.2026&nbsp;
aktuell	Feiertagsgesetz	Feiertagsgesetz	94	9	260682	Verwaltungsvorschrift des Ministeriums für Bildung, Jugend und Sport (MBJS) zur Aufnahme, Registrierung, Verteilung und Zuweisung sowie Kostenerstattung von Leistungen und Maßnahmen für unbegleitete minderjährige Ausländerinnen und Ausländer (VV umA)	vom 20.11.2024&nbsp;
aktuell	Feiertagsgesetz	Feiertagsgesetz	94	9	212411	Verordnung über den Braunkohlenplan Tagebau Welzow-Süd, räumlicher Teilabschnitt I	vom 21.06.2004&nbsp;
aktuell	Feiertagsgesetz	Feiertagsgesetz	94	9	249952	Medienstaatsvertrag (MStV)	vom 28.04.2020&nbsp;
aktuell	Feiertagsgesetz	Feiertagsgesetz	94	9	260581	Verwaltungsvorschrift des Ministeriums des Innern und für Kommunales über die produktorientierte Gliederung der Haushaltspläne, die Kontierung der kommunalen Bilanzen und der Ergebnis- und Finanzhaushalte sowie über die Verwendung verbindlicher Muster zur Kommunalen Haushalts- und Kassenverordnung (VV Produkt- und Kontenrahmen)	vom 27.11.2024&nbsp;
aktuell	Feiertagsgesetz	Feiertagsgesetz	94	9	254617	Gemeinsame Richtlinie des Ministeriums für Wirtschaft, Arbeit und Energie und des Ministeriums für Landwirtschaft, Umwelt und Klimaschutz zur Förderung des „Programms zur qualifizierten Ausbildung im Verbundsystem“ (PAV) im Land Brandenburg in der EU-Förderperiode 2021 - 2027	vom 22.07.2022&nbsp;
aktuell	Feiertagsgesetz	Feiertagsgesetz	94	10	212987	Verordnung über die Verwaltungsgebühren im Geschäftsbereich des Ministers für Wirtschaft, Arbeit, Energie und Klimaschutz (MWAEKGebO)	vom 14.01.2011&nbsp;
aktuell	Feiertagsgesetz	Feiertagsgesetz	94	10	212943	Verordnung zur Erhebung von Verwaltungsgebühren in den Bereichen Land- und Forstwirtschaft sowie Jagd (GebOLandw)	vom 11.07.2014&nbsp;
aktuell	Feiertagsgesetz	Feiertagsgesetz	94	10	241077	Gerichtsvollzieherordnung (GVO)	vom 22.07.2013&nbsp;
aktuell	Feiertagsgesetz	Feiertagsgesetz	94	10	255126	Richtlinien für das Strafverfahren und das Bußgeldverfahren (RiStBV)	vom 13.12.2022&nbsp;
aktuell	einmalig	einmalig	182	1	254917	Gesetz über die Gewährung einer einmaligen Energiepreispauschale an Versorgungsempfängerinnen und Versorgungsempfänger für das Land Brandenburg (Brandenburgisches Versorgungs-EPP-Gesetz - BbgVEPPG)	vom 14.10.2022&nbsp;
aktuell	einmalig	einmalig	182	1	251207	Richtlinie über Entschädigungen für die Mitglieder der Prüfungsausschüsse im öffentlichen Dienst im Zuständigkeitsbereich des Staatlichen Prüfungsamtes für Verwaltungslaufbahnen gemäß § 7 Absatz 1 der Berufsbildungszuständigkeitsverordnung	vom 09.12.2020&nbsp;
aktuell	einmalig	einmalig	182	1	217772	Überprüfung der Anspruchsvoraussetzungen des § 5 des Gesetzes zur Regelung von Härten im Versorgungsausgleich	vom 31.07.2000&nbsp;
aktuell	einmalig	einmalig	182	1	220453	Abzug von auf besonderen Verpflichtungsgründen beruhenden, lebenslangen und wiederkehrenden Versorgungsleistungen als Sonderausgaben nach § 10 Absatz 1 Nummer 1 a EStG	vom 05.10.2009&nbsp;
aktuell	einmalig	einmalig	182	1	211509	Verordnung über die Erhebung von Gebühren für Sondernutzungen an Bundesfernstraßen (Sondernutzungsgebührenverordnung - BSonGebV)	vom 21.09.1993&nbsp;
aktuell	einmalig	einmalig	182	1	256464	Berichtigung des Rundschreibens 8/23 (RS 8/23)	vom 31.07.2023&nbsp;
aktuell	einmalig	einmalig	182	1	212805	Gesetz über die Zuständigkeit in Staatsangehörigkeitsangelegenheiten (StAngZustG)	vom 10.09.2013&nbsp;
aktuell	einmalig	einmalig	182	1	217779	Berücksichtigung von Nachzahlungen bei der Ermittlung des Einkommens der aufgenommenen Person" target="window217779">Durchführung des § 40 Abs. 2 Nr. 4 BBesG Berücksichtigung von Nachzahlungen bei der Ermittlung des Einkommens der aufgenommenen Person	vom 11.10.1994&nbsp;
aktuell	einmalig	einmalig	182	1	256016	Verordnung über die dienstliche Beurteilung der Richterinnen und Richter sowie Staatsanwältinnen und Staatsanwälte im Land Brandenburg (Brandenburgische Beurteilungsverordnung für die Richter- und Staatsanwaltschaft - BbgRiStABeurtV)	vom 25.04.2023&nbsp;
aktuell	einmalig	einmalig	182	1	245426	Gesetz zu finanziellen Hilfen und zur Schaffung von Ausnahmeregelungen zur Erleichterung von freiwilligen Zusammenschlüssen zur Vergrößerung der Strukturen auf gemeindlicher Ebene und zur Verringerung der Anzahl der hauptamtlichen Verwaltungen auf der gemeindlichen Ebene (Gemeindestrukturänderungsförderungsgesetz - GemStrÄndFördG)	vom 15.10.2018&nbsp;
aktuell	einmalig	einmalig	182	2	240747	Verordnung über das Grabungsschutzgebiet „Siedlungs- und Ritualraum Königsgrab Seddin“	vom 12.07.2016&nbsp;
aktuell	einmalig	einmalig	182	2	211510	Verordnung über die Erhebung von Gebühren für Sondernutzungen an Landesstraßen (Sondernutzungsgebührenverordnung Landesstraßen - LSonGebV)	vom 14.09.1993&nbsp;
aktuell	einmalig	einmalig	182	2	216344	Abgabe amtlicher Veröffentlichungen an Bibliotheken	vom 07.03.1997&nbsp;
aktuell	einmalig	einmalig	182	2	211767	Gesetz über die Sonn- und Feiertage (Feiertagsgesetz - FTG)	vom 21.03.1991&nbsp;
aktuell	einmalig	einmalig	182	2	215661	Anwendung von Besonderen Vertragsbedingungen (BVB) für den Bereich der Datenverarbeitung im Lande Brandenburg	vom 17.09.1991&nbsp;
aktuell	einmalig	einmalig	182	2	249233	Verordnung über die Zuständigkeit für die Aufgaben nach dem Sozialdienstleister-Einsatzgesetz (Sozialdienstleister-Einsatzgesetz-Zuständigkeitsverordnung - SodEGZV)	vom 24.04.2020&nbsp;
aktuell	einmalig	einmalig	182	2	212661	Gesetz über den Beauftragten des Landes Brandenburg zur Aufarbeitung der Folgen der kommunistischen Diktatur (Brandenburgisches Aufarbeitungsbeauftragtengesetz - BbgAufarbBG)	vom 07.07.2009&nbsp;
aktuell	einmalig	einmalig	182	2	216254	Verwaltungsvereinbarung zur Ausführung von Artikel 5 des Staatsvertrages zwischen den Ländern Brandenburg und Mecklenburg-Vorpommern über die Änderung der gemeinsamen Landesgrenze vom 9. Mai 1992	vom 05.05.1996&nbsp;
aktuell	einmalig	einmalig	182	2	216123	Richtlinie des Ministeriums für Ernährung, Landwirtschaft und Forsten über die Gewährung von Zuwendungen bei der Anschaffung von Anlagen zur Erzeugung von Hackschnitzeln für die thermische Verwertung	vom 01.03.1995&nbsp;
aktuell	einmalig	einmalig	182	2	216030	Richtlinie über die Gewährung von Zuwendungen für die Errichtung von Reitwegen	vom 10.05.1994&nbsp;
aktuell	einmalig	einmalig	182	3	221483	§ 61 Interne Verrechnungen	vom &nbsp;
aktuell	einmalig	einmalig	182	3	263301	Rundschreiben 10/26 (RS 10/26 - RS 10/26)	vom 15.09.2026&nbsp;
aktuell	einmalig	einmalig	182	3	221315	Verwaltungsvorschrift des Ministeriums des Innern über die Gewährung von Aufwandsentschädigungen in der Polizei des Landes Brandenburg (Brandenburgische Polizei-Aufwandsentschädigungsverwaltungsvorschrift - BbgPolAufwVV)	vom 06.06.2014&nbsp;
aktuell	einmalig	einmalig	182	3	216289	Tarifvertrag über die Versorgung der Arbeitnehmer des Bundes und der Länder sowie von Arbeitnehmern kommunaler Verwaltungen und Betriebe (Versorgungs-TV)	vom 08.10.1996&nbsp;
aktuell	einmalig	einmalig	182	3	216028	Richtlinie über die Gewährung von Zuwendungen für die notwendige Wiederaufforstung von Kalamitätsflächen	vom 10.05.1994&nbsp;
aktuell	einmalig	einmalig	182	3	216165	Kindergeld nach dem Bundeskindergeldgesetz (BKGG) an Angehörige des öffentlichen Dienstes	vom 11.07.1995&nbsp;
aktuell	einmalig	einmalig	182	3	249879	Bestellung und Anstellung von Mitgliedern und stellvertretenden Mitgliedern des Vorstandes" target="window249879">Durchführung des Brandenburgischen Sparkassengesetzes (BbgSpkG) Bestellung und Anstellung von Mitgliedern und stellvertretenden Mitgliedern des Vorstandes	vom 19.05.2020&nbsp;
aktuell	einmalig	einmalig	182	3	212274	Verordnung über Leistungsbezüge sowie Forschungs- und Lehrzulagen an der Fachhochschule der Polizei des Landes Brandenburg (Leistungsbezügeverordnung FHPol - LeistBV FHPol)	vom 03.08.2005&nbsp;
aktuell	einmalig	einmalig	182	3	215991	Richtlinien zur Pauschalförderung von Krankenhäusern	vom 25.01.1994&nbsp;
aktuell	einmalig	einmalig	182	3	212916	Gesetz zur Ausführung des Tierische Nebenprodukte-Beseitigungsgesetzes (AGTierNebG)	vom 15.11.1993&nbsp;
aktuell	einmalig	einmalig	182	4	215910	Förderung des Übergangs in nicht zusätzlich öffentlich finanzierte Arbeitsplätze	vom 01.07.1993&nbsp;
aktuell	einmalig	einmalig	182	4	215839	Grundsatzbeschluß Nr. 4 des Landespersonalausschusses	vom 22.12.1992&nbsp;
aktuell	einmalig	einmalig	182	4	215786	Richtlinie über die Gewährung von Zuwendungen zur Förderung der Landschaftspflege und Erhaltung der Kulturlandschaft im Land Brandenburg mittels extensiver Rinderhaltung	vom 31.08.1992&nbsp;
aktuell	einmalig	einmalig	182	4	250356	Verordnung über die Erstattung des Zusatzaufwandes aus der Anwendung des Sorben/Wenden-Gesetzes (SWG-Kostenerstattungsverordnung - SWGKostenV)	vom 17.09.2020&nbsp;
aktuell	einmalig	einmalig	182	4	218949	Rahmenvereinbarung zum Prozess der Verwaltungsoptimierung	vom 15.07.1999&nbsp;
aktuell	einmalig	einmalig	182	4	216323	Vermögenswirksame Leistungen für Beamte, Richter, Berufssoldaten und Soldaten auf Zeit	vom 12.02.1997&nbsp;
aktuell	einmalig	einmalig	182	4	216029	Richtlinie über die Gewährung von Zuwendungen für Maßnahmen des vorbeugenden Waldbrandschutzes	vom 10.05.1994&nbsp;
aktuell	einmalig	einmalig	182	4	212807	Beamtenversorgungsgesetz für das Land Brandenburg (Brandenburgisches Beamtenversorgungsgesetz - BbgBeamtVG)	vom 20.11.2013&nbsp;
aktuell	einmalig	einmalig	182	4	258108	Verordnung über die Ausbildung und Prüfung für die Laufbahnen des Polizeivollzugsdienstes im Land Brandenburg (Polizeiausbildungs- und Prüfungsordnung - PAPO)	vom 21.03.2024&nbsp;
aktuell	einmalig	einmalig	182	4	241353	Verordnung über die Kostenerstattung nach dem Landesaufnahmegesetz für die Aufnahme von Flüchtlingen, spätausgesiedelten und weiteren aus dem Ausland zugewanderten Personen (Landesaufnahmegesetz-Erstattungsverordnung - LAufnGErstV)	vom 20.10.2016&nbsp;
aktuell	einmalig	einmalig	182	5	215884	Abkommen zur Änderung des Abkommens über die einheitliche Ausbildung der Anwärter für den höheren Polizeivollzugsdienst und über die Polizei-Führungsakademie	vom 21.04.1993&nbsp;
aktuell	einmalig	einmalig	182	5	215768	Förderung der Bodenbevorratung für öffentliche, agrar- und infrastrukturelle Zwecke im ländlichen Raum	vom 31.07.1992&nbsp;
aktuell	einmalig	einmalig	182	5	249885	Geschäftsordnung des Verfassungsgerichts des Landes Brandenburg	vom 14.07.2020&nbsp;
aktuell	einmalig	einmalig	182	5	244380	Richtlinie des Ministeriums des Innern und für Kommunales zur Unterstützung Hinterbliebener von im Einsatz tödlich verunfallter Angehöriger der Feuerwehr, der Hilfsorganisationen und der Polizei (Richtlinie Soforthilfe Hinterbliebenenversorgung)	vom 09.04.2018&nbsp;
aktuell	einmalig	einmalig	182	5	244001	Brandenburgische Verordnung über die Zuständigkeiten nach dem Prostituiertenschutzgesetz (BbgProstSchGZV)	vom 08.02.2018&nbsp;
aktuell	einmalig	einmalig	182	5	240980	Verordnung zum Ausgleich der Mehrbelastungen der Kommunen infolge des erweiterten Rechtsanspruchs auf Kindertagesbetreuung nach § 24 Absatz 2 des Achten Buches Sozialgesetzbuch (Kita-Mehrbelastungsausgleichsverordnung - Kita-MBAV)	vom 14.09.2016&nbsp;
aktuell	einmalig	einmalig	182	5	212248	Verordnung zur Regelung der Fischerei im Nationalpark „Unteres Odertal“ (NatPUOFischV)	vom 21.02.2007&nbsp;
aktuell	einmalig	einmalig	182	5	219395	Umsatzsteuerrichtlinien 2005" target="window219395">Änderungen durch das "Gesetz zur Umsetzung von EU-Richtlinien in nationales Steuerrecht und zur Änderung weiterer Vorschriften (Richtlinien-Umsetzungsgesetz - EURLUmsG)" Umsatzsteuerrichtlinien 2005	vom 14.01.2005&nbsp;
aktuell	einmalig	einmalig	182	5	217652	Verwaltungsvereinbarung über die Durchführung der Brückenunterhaltung und der Aufgaben im Rahmen der Verkehrssicherungspflicht (einschließlich der Bauwerksüberwachung und Durchführung des Winterdienstes) für die in der Baulast des Bundes stehende Königswegbrücke, BW-Nr.: 10 086	vom 28.03.1999&nbsp;
aktuell	einmalig	einmalig	182	5	216318	Bekanntmachung des Abkommens zwischen dem Minister für Ernährung, Landwirtschaft und Forsten des Landes Brandenburg und dem Senator für Wirtschaft und Betriebe des Landes Berlin über die Durchführung technischer Aufgaben im Rahmen der EU-Agrarförderung	vom 28.02.1997&nbsp;
aktuell	einmalig	einmalig	182	6	216115	Richtlinie des Ministeriums für Ernährung, Landwirtschaft und Forsten zur Bekämpfung der Caprinen Arthritis-Encephalitis (CAE) und Sanierung infizierter Ziegenbestände	vom 11.01.1995&nbsp;
aktuell	einmalig	einmalig	182	6	216054	Richtlinie zur Bekämpfung der Maedi/Visna und Sanierung infizierter Milchschafbestände	vom 14.07.1994&nbsp;
aktuell	einmalig	einmalig	182	6	215651	Richtlinie über die Gewährung von Zinszuschüssen nach dem Gesetz über die Anpassung von Kreditverträgen an Marktbedingungen sowie über Ausgleichsleistungen an Kreditnehmer vom 24.06.1991	vom 01.08.1991&nbsp;
aktuell	einmalig	einmalig	182	6	221504	§ 43 Kassenmittel, Betriebsmittel	vom &nbsp;
aktuell	einmalig	einmalig	182	6	219197	Ausländerrecht; Anordnung nach § 23 Abs. 1 und 2 Aufenthaltsgesetz (AufenthG) zur Aufenthaltsgewährung jüdischer Zuwanderer aus der ehemaligen Sowjetunion - mit Ausnahme der baltischen Staaten" target="window219197">Erlass Nr. 01/2006 Ausländerrecht; Anordnung nach § 23 Abs. 1 und 2 Aufenthaltsgesetz (AufenthG) zur Aufenthaltsgewährung jüdischer Zuwanderer aus der ehemaligen Sowjetunion - mit Ausnahme der baltischen Staaten	vom &nbsp;
aktuell	einmalig	einmalig	182	6	218414	Satzung der Feuerwehr-Unfallkasse Brandenburg vom 21. März 1994 mit den Bestimmungen über die Gewährung von Mehrleistungen vom 21. März 1994 und der Beitragsordnung vom 21. März 1994	vom 21.03.1994&nbsp;
aktuell	einmalig	einmalig	182	6	220926	Verwaltungsvorschrift des Ministeriums für Infrastruktur und Landwirtschaft zur Einkommensermittlung nach den §§ 20 bis 24 des Wohnraumförderungsgesetzes (Einkommensermittlungserlass - WoFG)	vom 01.10.2012&nbsp;
aktuell	einmalig	einmalig	182	6	262455	Richtlinie zur Förderung von selbstgenutztem Wohneigentum (WohneigentumförderR)	vom 13.02.2026&nbsp;
aktuell	einmalig	einmalig	182	6	262033	Richtlinie des Ministeriums für Bildung, Jugend und Sport des Landes Brandenburg für die Förderung von Projekten der schulisch übergreifenden Themen	vom 15.12.2025&nbsp;
aktuell	einmalig	einmalig	182	6	246912	1 im Handwerk im Land Brandenburg (Meistergründungsprämie Brandenburg)" target="window246912">Richtlinie des Ministeriums für Wirtschaft und Energie des Landes Brandenburg für die Förderung von Existenzgründungen und Unternehmensnachfolgen 1 im Handwerk im Land Brandenburg (Meistergründungsprämie Brandenburg)	vom 01.04.2019&nbsp;
aktuell	einmalig	einmalig	182	7	261515	Rundschreiben 11/25 (RS 11/25)	vom 01.07.2025&nbsp;
aktuell	einmalig	einmalig	182	7	259289	Verfahrens- und Prüfungsordnung für den Feuerwehrprüfungsausschuss gemäß § 9 Absatz 3 der Feuerwehrlaufbahnverordnung (VV FPA)	vom 06.06.2024&nbsp;
aktuell	einmalig	einmalig	182	7	255985	Rundschreiben 5/23 (RS 5/23)	vom 03.04.2023&nbsp;
aktuell	einmalig	einmalig	182	7	247785	Verordnung über die Zuständigkeiten im Ausländerrecht (Ausländerrechtszuständigkeitsverordnung - AuslRZV)	vom 09.07.2019&nbsp;
aktuell	einmalig	einmalig	182	7	220946	Prüfungsordnung für die Durchführung von Zwischenprüfungen im Ausbildungsberuf Verwaltungsfachangestellte/Verwaltungsfachangestellter (Zwischenprüfungsordnung VFA - ZwiPOVfa)	vom 10.07.2012&nbsp;
aktuell	einmalig	einmalig	182	7	212478	Verordnung über die Heilfürsorge der Polizeivollzugsbeamtinnen und Polizeivollzugsbeamten des Landes Brandenburg (Brandenburgische Polizei-Heilfürsorgeverordnung - BbgPolHV)	vom 28.06.2010&nbsp;
aktuell	einmalig	einmalig	182	7	217727	Bekanntmachung über das Inkrafttreten des Abkommens über die gemeinsame Finanzierung der „Stiftung Preußische Schlösser und Gärten Berlin-Brandenburg“	vom 13.09.2005&nbsp;
aktuell	einmalig	einmalig	182	7	218620	Erlass des Ministeriums für Ländliche Entwicklung, Umwelt und Verbraucherschutz zur Bekanntmachung der Erhaltungsziele nach § 26b Absatz 3 des Brandenburgischen Naturschutzgesetzes und zur Bewirtschaftung des Fauna-Flora-Habitat-Gebietes „Bootzer Torfloch“	vom 14.04.2005&nbsp;
aktuell	einmalig	einmalig	182	7	212002	Verordnung über das Naturschutzgebiet „Radeberge“	vom 24.05.2004&nbsp;
aktuell	einmalig	einmalig	182	7	218938	Bilanzielle Behandlung von Feldinventar	vom 19.02.2004&nbsp;
aktuell	einmalig	einmalig	182	8	211963	Verordnung über das Naturschutzgebiet „Lienewitz-Caputher Seen- und Feuchtgebietskette“	vom 10.06.2002&nbsp;
aktuell	einmalig	einmalig	182	8	216674	Diplomierungsordnung der Fachhochschule der Polizei des Landes Brandenburg	vom 10.10.2000&nbsp;
aktuell	einmalig	einmalig	182	8	211626	Verordnung über Prüfungen nach dem Berufsvormündervergütungsgesetz im Land Brandenburg (Berufsvormünderprüfungsverordnung - BVormPrüfV)	vom 23.12.1999&nbsp;
aktuell	einmalig	einmalig	182	8	211924	Verordnung über das Naturschutzgebiet „Biesenthaler Becken“	vom 11.10.1999&nbsp;
aktuell	einmalig	einmalig	182	8	216066	Beitritt des Landes Brandenburg zur ALK/ATKIS-Vereinbarung	vom 29.08.1994&nbsp;
aktuell	einmalig	einmalig	182	8	215818	Durchführung des Gesetzes zum Schutze der erwerbstätigen Mütter (Mutterschutzgesetz - MuSchG) für die Arbeitnehmerinnen des öffentlichen Dienstes	vom 30.10.1992&nbsp;
aktuell	einmalig	einmalig	182	8	211947	Verordnung über das Naturschutzgebiet „Stechlin“	vom 15.11.2002&nbsp;
aktuell	einmalig	einmalig	182	8	256430	Rundschreiben 8/23 (RS 8/23)	vom 10.07.2023&nbsp;
aktuell	einmalig	einmalig	182	8	248139	Verwaltungsvorschrift zu § 84 der Brandenburgischen Bauordnung - Einrichtung und Führung des Baulastenverzeichnisses (VV-Baulasten)	vom 30.08.2019&nbsp;
aktuell	einmalig	einmalig	182	8	241644	Gesetz über die Öffentlich bestellten Vermessungsingenieurinnen und Öffentlich bestellten Vermessungsingenieure im Land Brandenburg (Brandenburgisches ÖbVI-Gesetz - BbgÖbVIG)	vom 28.11.2016&nbsp;
aktuell	einmalig	einmalig	182	9	220311	Verwaltungsvorschrift des Ministeriums für Wissenschaft, Forschung und Kultur zur Prüfung der Zumutbarkeit im Rahmen von Erlaubnisverfahren und ordnungsrechtlichen Verfahren nach dem Brandenburgischen Denkmalschutzgesetz (VV Zumutbarkeit Denkmalschutz - BbgDSchG)	vom 16.04.2009&nbsp;
aktuell	einmalig	einmalig	182	9	220052	Vereinbarung über die Durchführung des Humanistischen Lebenskundeunterrichts im Land Brandenburg gemäß § 9 Abs. 8 des Brandenburgischen Schulgesetzes	vom 09.10.2007&nbsp;
aktuell	einmalig	einmalig	182	9	212794	Verordnung über die Bestimmung der Bestandteile von Betriebskosten, das Verfahren der Bezuschussung sowie die jährliche Meldung der belegten und finanzierten Plätze der Kindertagesbetreuung (Kindertagesstätten-Betriebskosten- und Nachweisverordnung - KitaBKNV)	vom 01.06.2004&nbsp;
aktuell	einmalig	einmalig	182	9	211719	Gesetz über den Schutz und die Pflege der Denkmale im Land Brandenburg (Brandenburgisches Denkmalschutzgesetz - BbgDSchG)	vom 24.05.2004&nbsp;
aktuell	einmalig	einmalig	182	9	216804	Einsatz von mineralischen Abfällen als Baustoff bei der Sanierung von Altablagerungen im Land Brandenburg	vom 17.09.2001&nbsp;
aktuell	einmalig	einmalig	182	9	216755	Allgemeine Auftragsbedingungen des Landesbetriebes für Datenverarbeitung und Statistik (AAB LDS)	vom 08.02.2001&nbsp;
aktuell	einmalig	einmalig	182	9	256647	Richtlinie des Ministeriums für Soziales, Gesundheit, Integration und Verbraucherschutz des Landes Brandenburg über die Gewährung von Zuwendungen an überregionale Suchtpräventionsfachstellen (ÜSPF) sowie an eine Zentralstelle Suchtprävention im Land Brandenburg	vom 12.07.2023&nbsp;
aktuell	einmalig	einmalig	182	9	211753	Enteignungsgesetz des Landes Brandenburg (EntGBbg)	vom 19.10.1992&nbsp;
aktuell	einmalig	einmalig	182	9	237836	Staatsvertrag über die Berlin-Brandenburgische Akademie der Wissenschaften	vom 21.05.1992&nbsp;
aktuell	einmalig	einmalig	182	9	262448	Richtlinie zur Förderung der generationsgerechten und barrierefreien Anpassung von Mietwohngebäuden durch Modernisierung und Instandsetzung und des Mietwohnungsneubaus (Mietwohnungsbauförderrichtlinie)	vom 12.02.2026&nbsp;
aktuell	einmalig	einmalig	182	10	262450	Richtlinie zur Förderung des Abbaus von Barrieren bei vorhandenem Wohnraum (WohnraumanpassungsR)	vom 13.02.2026&nbsp;
aktuell	einmalig	einmalig	182	10	259392	Rundschreiben 5/24 (Rundschreiben Medikamentengabe - RS 5/24)	vom 25.07.2024&nbsp;
aktuell	einmalig	einmalig	182	10	256155	Richtlinie des Ministeriums für Landwirtschaft, Umwelt und Klimaschutz über die Gewährung von Zuwendungen zur Förderung von Maßnahmen zur Verbesserung von Gesundheit und Robustheit landwirtschaftlicher Nutztiere	vom 15.05.2023&nbsp;
aktuell	einmalig	einmalig	182	10	248105	Gesetz über die Rechtsstellung und die Finanzierung von Fraktionen und Gruppen im Landtag Brandenburg (Fraktionsgesetz - FraktG)	vom 19.06.2019&nbsp;
aktuell	einmalig	einmalig	182	10	247231	Gesetz über die soziale Wohnraumförderung im Land Brandenburg (Brandenburgisches Wohnraumförderungsgesetz - BbgWoFG)	vom 05.06.2019&nbsp;
aktuell	einmalig	einmalig	182	10	247671	Verordnung über die Aufwandsentschädigungen für ehrenamtliche Mitglieder kommunaler Vertretungen und Ausschüsse, für sachkundige Einwohnerinnen und Einwohner sowie über den Ersatz des Verdienstausfalls (Kommunalaufwandsentschädigungsverordnung - KomAEV)	vom 31.05.2019&nbsp;
aktuell	einmalig	einmalig	182	10	242958	Richtlinie des Ministeriums für Arbeit, Soziales, Gesundheit, Frauen und Familie zur Finanzierung von Ausbildungsmaßnahmen im Beruf zur Altenpflegerin und zum Altenpfleger oder zur Altenpflegehelferin und zum Altenpflegehelfer aus Haushaltsmitteln des Landes Brandenburg	vom 08.08.2017&nbsp;
aktuell	einmalig	einmalig	182	10	242021	Erlass zur Anwendung des § 7 Absatz 1 Nummer 3 der Verordnung über die Festsetzung von Naturschutzgebieten und einem Landschaftsschutzgebiet von zentraler Bedeutung mit der Gesamtbezeichnung „Biosphärenreservat Spreewald“	vom 08.12.2016&nbsp;
aktuell	einmalig	einmalig	182	10	239731	Gesetz über die Aufnahme von Flüchtlingen, spätausgesiedelten und weiteren aus dem Ausland zugewanderten Personen im Land Brandenburg sowie zur Durchführung des Asylbewerberleistungsgesetzes (Landesaufnahmegesetz - LAufnG)	vom 15.03.2016&nbsp;
aktuell	einmalig	einmalig	182	10	212648	Verordnung über das Naturschutzgebiet „Dolgenseen-Ragollinsee“	vom 09.05.2012&nbsp;
aktuell	einmalig	einmalig	182	11	212577	Verordnung über den Aufstieg in die Laufbahn des gehobenen Polizeivollzugsdienstes des Landes Brandenburg (Polizeiaufstiegsverordnung - PolAV)	vom 22.09.2011&nbsp;
aktuell	einmalig	einmalig	182	11	212320	Gesetz über den Rettungsdienst im Land Brandenburg (Brandenburgisches Rettungsdienstgesetz - BbgRettG)	vom 14.07.2008&nbsp;
aktuell	einmalig	einmalig	182	11	219601	Vereinbarung über die Durchführung des Religionsunterrichts im Land Brandenburg gemäß § 9 Abs. 7 des Brandenburgischen Schulgesetzes zwischen dem Ministerium für Bildung, Jugend und Sport des Landes Brandenburg und der Evangelischen Kirche Berlin-Brandenburg-schlesische Oberlausitz, dem Erzbistum Berlin, dem Bistum Görlitz sowie dem Bistum Magdeburg	vom 03.06.2006&nbsp;
aktuell	einmalig	einmalig	182	11	218413	Bußgeldkatalog des Ministeriums für Arbeit, Soziales, Gesundheit und Frauen Brandenburg (MASGF) für die Verfolgung und Ahndung von Ordnungswidrigkeiten im Sinne des § 121 Abs. 1 Nr. 1 und 6 Sozialgesetzbuch XI (SGB XI)	vom 01.09.2004&nbsp;
aktuell	einmalig	einmalig	182	11	212148	Verordnung über das Naturschutzgebiet „Schwarzberge und Spreeniederung“	vom 17.12.2002&nbsp;
aktuell	einmalig	einmalig	182	11	211675	Verordnung über den Erwerb der Fachhochschulreife im Telekolleg (Telekolleg-Verordnung - TKV)	vom 09.07.2002&nbsp;
aktuell	einmalig	einmalig	182	11	211798	Verordnung über die Ausbildung und Prüfung für den höheren Staatsdienst im Markscheidefach (A-POhDMark)	vom 05.01.1998&nbsp;
aktuell	einmalig	einmalig	182	11	211588	Verordnung über die Ausbildung und Prüfung für den höheren Staatsdienst im Bergfach (APOhDBerg)	vom 05.01.1998&nbsp;
aktuell	einmalig	einmalig	182	11	219366	Verwaltungsvorschriften über die Wahrnehmung der Fürsorge- und Aufsichtspflicht im schulischen Bereich (VV-Aufsicht - VVAUFs)	vom 08.07.1996&nbsp;
aktuell	einmalig	einmalig	182	11	254550	Richtlinie des Ministeriums für Bildung, Jugend und Sport des Landes Brandenburg zur Förderung von Lokalen Koordinierungsstellen an Oberstufenzentren im Land Brandenburg zur Optimierung des Überganges von der Schule in den Beruf in der EU-Förderperiode 2021-2027 "Türöffner: Zukunft Beruf 2022" (Türoffner: Zukunft Beruf 2022)	vom 13.07.2022&nbsp;
aktuell	einmalig	einmalig	182	12	254280	Verordnung über den Bildungsgang der Berufsfachschule Soziales (Berufsfachschulverordnung Soziales - BFSSozV)	vom 18.05.2022&nbsp;
aktuell	einmalig	einmalig	182	12	237743	Staatsvertrag zwischen dem Land Brandenburg und dem Land Nordrhein-Westfalen über die Übertragung von Aufgaben nach § 9 Abs. 1 und § 10 des Handelsgesetzbuches zur Errichtung und zum Betrieb eines gemeinsamen Registerportals der Länder	vom 30.11.2006&nbsp;
aktuell	einmalig	einmalig	182	12	258843	Verordnung über den Bildungsgang der Fachschule Sozialwesen (Fachschulverordnung Sozialwesen - FSSV)	vom 29.05.2024&nbsp;
aktuell	einmalig	einmalig	182	12	248309	Gebührenordnung für das amtliche Vermessungswesen im Land Brandenburg (Vermessungsgebührenordnung - VermGebO)	vom 14.10.2019&nbsp;
aktuell	einmalig	einmalig	182	12	212990	Zweites Gesetz zur Ausführung des Achten Buches des Sozialgesetzbuches - Kinder- und Jugendhilfe - (Kindertagesstättengesetz - KitaG)	vom 10.06.1992&nbsp;
aktuell	einmalig	einmalig	182	12	259613	Beschleunigte Erledigung von Strafverfahren im Bereich der geringfügigen und mittleren Kriminalität; Täter-Opfer-Ausgleich	vom 02.08.2024&nbsp;
aktuell	einmalig	einmalig	182	12	257674	Verordnung über die Ausbildung und Prüfung für die Laufbahn des gehobenen und höheren Forstdienstes im Land Brandenburg (Ausbildungs- und Prüfungsverordnung Forstdienst - APVghFD)	vom 14.02.2024&nbsp;
aktuell	einmalig	einmalig	182	12	255589	Durchführungsbestimmungen zum Gerichtsvollzieherkostengesetz (DB-GvKostG)	vom 16.12.2022&nbsp;
aktuell	einmalig	einmalig	182	12	254867	Verordnung über die Laufbahnen der Beamtinnen und Beamten des feuerwehrtechnischen Dienstes im Land Brandenburg (Feuerwehrlaufbahnverordnung - FeuLV)	vom 04.10.2022&nbsp;
aktuell	einmalig	einmalig	182	12	242900	Verwaltungsvorschriften über die Unterrichtsorganisation (VV-Unterrichtsorganisation)	vom 26.07.2017&nbsp;
aktuell	einmalig	einmalig	182	13	238019	Abkommen zwischen den Ländern Brandenburg, Freie Hansestadt Bremen, Freie und Hansestadt Hamburg, Mecklenburg-Vorpommern, Niedersachsen und Schleswig-Holstein über die gemeinsame Einrichtung einer Ethikkommission für Präimplantationsdiagnostik bei der Ärztekammer Hamburg	vom 03.12.2013&nbsp;
aktuell	einmalig	einmalig	182	13	212703	Verordnung über den Bildungsgang der Grundschule (Grundschulverordnung - GV)	vom 02.08.2007&nbsp;
aktuell	einmalig	einmalig	182	13	221070	Durchführungsbestimmungen zur Prozess- und Verfahrenskostenhilfe sowie zur Stundung der Kosten des Insolvenzverfahrens (DB-PKH)	vom 04.02.2002&nbsp;
aktuell	einmalig	einmalig	182	13	212514	Verordnung über das Naturschutzgebiet „Kleine Schorfheide"	vom 21.07.2000&nbsp;
aktuell	einmalig	einmalig	182	13	211896	Verordnung über das Naturschutzgebiet „Nonnenfließ-Schwärzetal“	vom 12.11.1996&nbsp;
aktuell	einmalig	einmalig	182	13	216013	Zahlung von Kindergeld nach dem Bundeskindergeldgesetz an Angehörige des öffentlichen Dienstes	vom 14.03.1994&nbsp;
aktuell	einmalig	einmalig	182	13	212795	Verordnung über die Anzahl und Qualifikation des notwendigen pädagogischen Personals in Kindertagesstätten (Kita-Personalverordnung - KitaPersV)	vom 27.04.1993&nbsp;
aktuell	einmalig	einmalig	182	13	212448	Gesetz über den Verfassungsschutz im Land Brandenburg (Brandenburgisches Verfassungsschutzgesetz - BbgVerfSchG)	vom 05.04.1993&nbsp;
aktuell	einmalig	einmalig	182	13	212880	Gesetz über die Aufgaben, Befugnisse, Organisation und Zuständigkeit der Polizei im Land Brandenburg (Brandenburgisches Polizeigesetz - BbgPolG)	vom 19.03.1996&nbsp;
aktuell	einmalig	einmalig	182	13	253498	Richtlinie des Ministeriums für Wirtschaft, Arbeit, Energie und Klimaschutz des Landes Brandenburg zur Förderung von Gemeinschaftsprojekten wirtschaftsnaher Institutionen zur Markterschließung im gesamtwirtschaftlichen Interesse des Landes Brandenburg (Markterschließungsrichtlinie 2022)	vom 01.11.2021&nbsp;
aktuell	einmalig	einmalig	182	14	250791	Allgemeine Weisung im Aufenthaltsrecht Nr. 2020.08, Erteilung von Aufenthaltserlaubnissen an gut integrierte Jugendliche und Heranwachsende und an deren Familienangehörige nach § 25a AufenthG (AW-AuslR Nr. 2020.08)	vom 07.12.2020&nbsp;
aktuell	einmalig	einmalig	182	14	250635	Beteiligung der Träger öffentlicher Belange nach dem Baugesetzbuch im Land Brandenburg (TöB-Runderlass - TöB-RdErl)	vom 20.10.2020&nbsp;
aktuell	einmalig	einmalig	182	14	250261	Verordnung über die Bildungsgänge der Fachoberschule und den Erwerb der Fachhochschulreife in beruflichen Bildungsgängen (Fachoberschul- und Fachhochschulreifeverordnung - FOSFHRV)	vom 16.09.2020&nbsp;
aktuell	einmalig	einmalig	182	14	248142	Verordnung über die Laufbahnen der Beamtinnen und Beamten des Landes Brandenburg (Laufbahnverordnung - LVO)	vom 01.10.2019&nbsp;
aktuell	einmalig	einmalig	182	14	221087	Maßnahmen und Verfahren der Haushaltssicherung und der vorläufigen Haushaltsführung (Runderlass Nr. 1/2013 - Rderl. 1/2013)" target="window221087">Runderlass des Ministeriums des Innern in kommunalen Angelegenheiten Nr. 1/2013 Maßnahmen und Verfahren der Haushaltssicherung und der vorläufigen Haushaltsführung (Runderlass Nr. 1/2013 - Rderl. 1/2013)	vom 24.07.2013&nbsp;
aktuell	einmalig	einmalig	182	14	212746	Verordnung über die Anforderungen an das Lehramtsstudium an den Hochschulen im Land Brandenburg (Lehramtsstudienverordnung - LSV)	vom 06.06.2013&nbsp;
aktuell	einmalig	einmalig	182	14	212768	Verordnung über den Bildungsgang in der gymnasialen Oberstufe und über die Abiturprüfung (Gymnasiale-Oberstufe-Verordnung - GOSTV)	vom 21.08.2009&nbsp;
aktuell	einmalig	einmalig	182	14	212554	Ausbildungs- und Prüfungsordnung für Juristen im Land Brandenburg (Brandenburgische Juristenausbildungsordnung - BbgJAO)	vom 06.08.2003&nbsp;
aktuell	einmalig	einmalig	182	14	219630	Verwaltungsvorschriften zur Gemeindehaushaltsverordnung	vom 28.06.2002&nbsp;
aktuell	einmalig	einmalig	182	14	216436	Wohnungsbauförderungsbestimmungen 1996 (WFB 96)	vom 18.01.1996&nbsp;
aktuell	einmalig	einmalig	182	15	212889	Verordnung über die Festsetzung von Naturschutzgebieten und einem Landschaftsschutzgebiet von zentraler Bedeutung mit der Gesamtbezeichnung „Biosphärenreservat Spreewald“	vom 12.09.1990&nbsp;
aktuell	einmalig	einmalig	182	15	260581	Verwaltungsvorschrift des Ministeriums des Innern und für Kommunales über die produktorientierte Gliederung der Haushaltspläne, die Kontierung der kommunalen Bilanzen und der Ergebnis- und Finanzhaushalte sowie über die Verwendung verbindlicher Muster zur Kommunalen Haushalts- und Kassenverordnung (VV Produkt- und Kontenrahmen)	vom 27.11.2024&nbsp;
aktuell	einmalig	einmalig	182	15	253471	Allgemeine Weisung Nr. 04/2021 im Aufenthaltsrecht; Anwendungshinweise des BMI zum Gesetz über Duldung bei Ausbildung und Beschäftigung (Allgemeine Weisung Nr. 2021.04 im Ausländerrecht - AW-AuslR Nr. 2021.04)	vom 11.11.2021&nbsp;
aktuell	einmalig	einmalig	182	15	262609	Geschäftsordnung des Landtages Brandenburg (GOLT)	vom 18.03.2026&nbsp;
aktuell	einmalig	einmalig	182	15	256363	Verordnung über die Bildungsgänge der Fachschule Technik und Wirtschaft (Fachschulverordnung Technik und Wirtschaft - FSTuWV)	vom 12.07.2023&nbsp;
aktuell	einmalig	einmalig	182	15	256817	Richtlinie des Ministeriums für Wirtschaft, Arbeit und Energie des Landes Brandenburg zur Förderung sozialer Innovationen im Land Brandenburg - Modellprogramm zur Förderung neuer Ansätze für die Brandenburger Arbeitspolitik in der EU-Förderperiode 2021-2027	vom 07.07.2023&nbsp;
aktuell	einmalig	einmalig	182	15	255355	Richtlinie des Ministeriums für Wirtschaft, Arbeit und Energie über die Gewährung von Zuschüssen an kleine und mittlere Unternehmen im Land Brandenburg zur Beschäftigung von Werkstudierenden und Innovationsassistentinnen beziehungsweise Innovationsassistenten - „Brandenburger Innovationsfachkräfte (BIF 2022)“	vom 22.11.2022&nbsp;
aktuell	einmalig	einmalig	182	15	237661	Staatsvertrag zwischen dem Land Berlin und dem Land Brandenburg über die Errichtung eines Landeslabors Berlin-Brandenburg	vom 30.09.2008&nbsp;
aktuell	einmalig	einmalig	182	15	217810	Wechselschichtdienst- und Schichtdienstzulage nach § 20 EZulV (neu)	vom 07.12.1998&nbsp;
aktuell	einmalig	einmalig	182	15	216117	Zahlung von Kindergeld nach dem Bundeskindergeldgesetz an Angehörige des öffentlichen Dienstes	vom 12.01.1995&nbsp;
aktuell	einmalig	einmalig	182	16	212995	Brandenburgisches Straßengesetz (BbgStrG)	vom 11.06.1992&nbsp;
aktuell	einmalig	einmalig	182	16	256469	Richtlinie des Ministeriums für Landwirtschaft, Umwelt und Klimaschutz über die Gewährung von Zuwendungen für die Förderung der ländlichen Entwicklung im Rahmen von LEADER (LEADER-Richtlinie)	vom 12.06.2023&nbsp;
aktuell	einmalig	einmalig	182	16	212477	Verordnung über die Ausbildungen und Prüfungen für die Laufbahnen des gehobenen und höheren Arbeitsschutzaufsichtsdienstes des Landes Brandenburg (Ausbildungs- und Prüfungsordnung Arbeitsschutzaufsicht - APOghDASA)	vom 28.06.2010&nbsp;
aktuell	einmalig	einmalig	182	16	212993	Beamtengesetz für das Land Brandenburg (Landesbeamtengesetz - LBG)	vom 03.04.2009&nbsp;
aktuell	einmalig	einmalig	182	16	211818	Gesetz über die Feststellung des Haushaltsplanes des Landes Brandenburg für das Haushaltsjahr 1993 (Haushaltsgesetz 1993)	vom 24.12.1992&nbsp;
aktuell	einmalig	einmalig	182	16	262262	Richtlinie des Ministeriums für Wirtschaft, Arbeit, Energie und Klimaschutz zur Förderung der gewerblichen Wirtschaft im Rahmen der Gemeinschaftsaufgabe „Verbesserung der regionalen Wirtschaftsstruktur“ - GRW - (GRW-G) - Wachstumsprogramm für kleine Unternehmen - Kleine Richtlinie	vom 23.12.2025&nbsp;
aktuell	einmalig	einmalig	182	16	260778	Richtlinie des Ministeriums für Infrastruktur und Landesplanung zur Förderung von Investitionen für den Öffentlichen Personennahverkehr im Land Brandenburg (Rili ÖPNV-Invest)	vom 17.01.2025&nbsp;
aktuell	einmalig	einmalig	182	16	260363	Verordnung über die Aufstellung und Ausführung des Haushaltsplans der Kommunen (Kommunale Haushalts- und Kassenverordnung - KomHKV)	vom 27.11.2024&nbsp;
aktuell	einmalig	einmalig	182	16	257305	Anwendungshinweise zur Einführung eines Chancenaufenthaltsrechts vom 23. Dezember 2022, aktualisiert am 24. April 2024, ergänzt um landesspezifische Handlungsanweisungen (Allgemeine Weisung im Ausländerrecht Nr. 2023.08 - AW-AuslR 2023.08)	vom 18.11.2023&nbsp;
aktuell	einmalig	einmalig	182	16	248335	Verwaltungsvorschrift des Ministeriums für Ländliche Entwicklung, Umwelt und Landwirtschaft zur Anwendung der §§ 32 bis 36 des Bundesnaturschutzgesetzes in Brandenburg	vom 17.09.2019&nbsp;
aktuell	einmalig	einmalig	182	17	212411	Verordnung über den Braunkohlenplan Tagebau Welzow-Süd, räumlicher Teilabschnitt I	vom 21.06.2004&nbsp;
aktuell	einmalig	einmalig	182	17	221391	Verwaltungsvorschriften zur Landeshaushaltsordnung (VV-LHO)	vom &nbsp;
aktuell	einmalig	einmalig	182	17	262434	Haushaltstechnische Richtlinien des Landes Brandenburg 2027/2028 (HRL-Bbg 2027/2028)	vom 24.02.2026&nbsp;
aktuell	einmalig	einmalig	182	17	258487	Haushaltstechnische Richtlinien des Landes Brandenburg (HRL-Bbg)	vom 05.03.2024&nbsp;
aktuell	einmalig	einmalig	182	17	263207	Ausführungsbestimmungen zu § 3 Nr. 6, 8 bis 13 der Verordnung über die Zuständigkeiten im Ausländerrecht (Allgemeine Weisung im Ausländerrecht Nr. 2024.02 - AW-AuslR 2024.02)	vom 12.08.2026&nbsp;
aktuell	einmalig	einmalig	182	17	262263	Richtlinie des Ministeriums für Wirtschaft, Arbeit, Energie und Klimaschutz zur Förderung der gewerblichen Wirtschaft im Rahmen der Gemeinschaftsaufgabe „Verbesserung der regionalen Wirtschaftsstruktur“ - GRW - (GRW-G) - Große Richtlinie	vom 23.12.2025&nbsp;
aktuell	einmalig	einmalig	182	17	259136	Gesetz zur Förderung und zum Schutz junger Menschen (Brandenburgisches Kinder- und Jugendgesetz - BbgKJG)	vom 25.06.2024&nbsp;
aktuell	einmalig	einmalig	182	17	257772	Kommunalverfassung des Landes Brandenburg (Brandenburgische Kommunalverfassung - BbgKVerf)	vom 05.03.2024&nbsp;
aktuell	einmalig	einmalig	182	17	251914	Neufassung der Allgemeinen Durchführungshinweise zur Trennungsgeldverordnung im Land Brandenburg	vom 30.04.2021&nbsp;
aktuell	einmalig	einmalig	182	17	237867	Kreditwesen der Gemeinden und Gemeindeverbände	vom 11.09.2015&nbsp;
aktuell	einmalig	einmalig	182	18	212412	Verordnung über den Braunkohlenplan Tagebau Jänschwalde	vom 05.12.2002&nbsp;
aktuell	einmalig	einmalig	182	18	262249	Verwaltungsvorschriften zur Haushaltssystematik des Landes Brandenburg	vom 17.12.2025&nbsp;
aktuell	einmalig	einmalig	182	18	212943	Verordnung zur Erhebung von Verwaltungsgebühren in den Bereichen Land- und Forstwirtschaft sowie Jagd (GebOLandw)	vom 11.07.2014&nbsp;
aktuell	einmalig	einmalig	182	18	255569	Staatsvertrag zwischen dem Land Brandenburg und dem Land Berlin über die Führung eines Klinisch-epidemiologischen Krebsregisters nach § 65c des Fünften Buches Sozialgesetzbuch und § 1 des Bundeskrebsregisterdatengesetzes (Staatsvertrag Klinisch-epidemiologisches Krebsregister Brandenburg-Berlin - StV-KKRBB)	vom 08.09.2022&nbsp;
aktuell	einmalig	einmalig	182	18	237730	Staatsvertrag der Länder Berlin und Brandenburg über das Landesentwicklungsprogramm 2007 (LEPro 2007) und die Änderung des Landesplanungsvertrages	vom 10.10.2007&nbsp;
aktuell	einmalig	einmalig	182	18	262829	Staatsvertrag über private Medien in Berlin und Brandenburg	vom 13.03.2026&nbsp;
aktuell	einmalig	einmalig	182	18	252113	Vierter Krankenhausplan des Landes Brandenburg	vom 22.06.2021&nbsp;
aktuell	einmalig	einmalig	182	18	246043	Rahmenplan für den Fortbildungslehrgang zum Verwaltungsfachwirt/zur Verwaltungsfachwirtin im Land Brandenburg	vom 29.11.2018&nbsp;
aktuell	einmalig	einmalig	182	18	216196	Bußgeldkatalog des Ministeriums für Umwelt, Naturschutz und Raumordnung	vom 20.10.1995&nbsp;
aktuell	einmalig	einmalig	182	18	249952	Medienstaatsvertrag (MStV)	vom 28.04.2020&nbsp;
aktuell	einmalig	einmalig	182	19	221095	Geschäftsanweisung für Gerichtsvollzieher (GVGA)	vom 22.07.2013&nbsp;
aktuell	einmalig	einmalig	182	19	255127	Brandenburgische Richtlinie für die Durchführung von Landesbaumaßnahmen (BbgRLBau)	vom 16.09.2022&nbsp;
