year	nr	date	url	http_status	bytes	sha256	pages	chars	note
2020	1	2020-01-03	https://www.gesetzblatt.bremen.de/fastmedia/218/2020_01_03_GBl_Nr_0001_signed.pdf	200	204978	6b85b589c3559ded16e0605e59d2569fe4454eb3bb9281b94ce88119168d71f3	3	4963	
2020	2	2020-01-14	https://www.gesetzblatt.bremen.de/fastmedia/218/2020_01_14_GBl_Nr_0002_signed.pdf	200	194910	6043e3ee097c48010baada4217c6c3cd2230ff5c936e3bdba913383f65ae4822	1	890	
2020	3	2020-01-29	https://www.gesetzblatt.bremen.de/fastmedia/218/2020_01_29_GBl_Nr_0003_signed.pdf	200	219267	cfdbf1a2d302e588ad1883695a52bddd0a23a244bc9adb5c9076c3ef03020c32	1	1008	
2020	4	2020-02-03	https://www.gesetzblatt.bremen.de/fastmedia/218/2020_02_03_GBl_Nr_0004_signed.pdf	200	194564	14967db837147878dc083b5233617ffe515c50c8e358772671ffbf91b3e12533	1	762	
2020	5	2020-02-11	https://www.gesetzblatt.bremen.de/fastmedia/218/2020_02_11_GBl_Nr_0005_signed.pdf	200	209713	3422052b9e77dab05dc15918e70d3e04862fd8b1a9c879a4d895431b9fd98ced	1	927	
2020	6	2020-02-12	https://www.gesetzblatt.bremen.de/fastmedia/218/2020_02_12_GBl_Nr_0006_signed.pdf	200	238071	b67b48da01f1b776f69f73b0dd47c018741adf3b1811d92011529a3a4e45418a	10	31111	
2020	7	2020-03-12	https://www.gesetzblatt.bremen.de/fastmedia/218/2020_03_12_GBl_Nr_0007_signed.pdf	200	220856	dd1b5b03a8a48cf5f5c691d5bddd661cd02deaa315d3ecf320c8895b699f7ee3	7	13960	
2020	8	2020-03-12	https://www.gesetzblatt.bremen.de/fastmedia/218/2020_03_12_GBl_Nr_0008_signed.pdf	200	198220	f1d8baf4b1a7cde1e0a316d7310707c1de89dff06eb5cab6b93e74c0f089cb24	1	1535	
2020	9	2020-03-12	https://www.gesetzblatt.bremen.de/fastmedia/218/2020_03_12_GBl_Nr_0009_signed.pdf	200	277281	2be098dfa9d6e6eacc706082dbc3227d52a98cc435cd4645621df5bd4fd202f7	15	39995	
2020	10	2020-03-13	https://www.gesetzblatt.bremen.de/fastmedia/218/2020_03_13_GBl_Nr_0010_signed.pdf	200	212368	64ba7c550db5f1a9c7a70568ecdd9f3ab9436c5fc25a55c874d13f897059efcd	1	1543	
2020	11	2020-03-13	https://www.gesetzblatt.bremen.de/fastmedia/218/2020_03_13_GBl_Nr_0011_signed.pdf	200	1884288	62384a25ee54370a6afff52d3201b74cddffa6e89b5c3d9c04f9d7ddd7f9a593	10	1447	
2020	12	2020-03-13	https://www.gesetzblatt.bremen.de/fastmedia/218/2020_03_13_GBl_Nr_0012_signed.pdf	200	197746	ab9347a5b0dc85d9c710714815bc6b493bcbc1e5a4053f79bb47e2ed45963653	1	1404	
2020	13	2020-03-13	https://www.gesetzblatt.bremen.de/fastmedia/218/2020_03_13_GBl_Nr_0013_signed.pdf	200	229864	48ea735fd7163812dce00ec5c2af53d65ecee899b8e35b132f888c9e7a1d3a1a	5	8209	
2020	14	2020-03-26	https://www.gesetzblatt.bremen.de/fastmedia/218/2020_03_26_GBl_Nr_0014_signed.pdf	200	199040	aa25d60560b2632cafca1cca08a5c9ee33b8ce8bc3139f3656e3ed2556511126	2	2132	
2020	15	2020-03-26	https://www.gesetzblatt.bremen.de/fastmedia/218/2020_03_26_GBl_Nr_0015_signed.pdf	200	735761	744a356fe1682b4ad0febf4aceed2a51fed415f04dd193b37f1946ec0f00ef2a	88	174079	
2020	16	2020-04-01	https://www.gesetzblatt.bremen.de/fastmedia/218/2020_04_01_GBl_Nr_0016_signed.pdf	200	218820	b2304c8daf1892d15fbb6864dd576e0c4b8e771ae030ae90f57f07e96bf53c20	1	1069	
2020	17	2020-04-01	https://www.gesetzblatt.bremen.de/fastmedia/218/2020_04_01_GBl_Nr_0017_signed.pdf	200	197196	650d7d49e6512681f53c7e4ed4edc3212f49e5a813c9ec6c53d8ea01a36668e1	1	1222	
2020	18	2020-04-02	https://www.gesetzblatt.bremen.de/fastmedia/218/2020_04_02_GBl_Nr_0018_signed.pdf	200	288856	35b8f48d5051068a32cfc6b69926d13890d0f7f3dcefd8b7a733235fb6469c88	18	39798	
2020	19	2020-04-03	https://www.gesetzblatt.bremen.de/fastmedia/218/2020_04_03_GBl_Nr_0019_signed.pdf	200	267652	ff0ee47b093e4d97cf750d6be2dbc6408a229089e62421cd25f1ec1d41b72f20	17	35517	
2020	20	2020-04-07	https://www.gesetzblatt.bremen.de/fastmedia/218/2020_04_07_GBl_Nr_0020_signed.pdf	200	232585	007be7b678f3edacb233ddbee2df2d5e3d0c151419b6f0226d93eb720830b991	7	13398	
2020	21	2020-04-07	https://www.gesetzblatt.bremen.de/fastmedia/218/2020_04_07_GBl_Nr_0021_signed.pdf	200	190474	8b59bb070a7c5dcdba0785b834cd3280ee838cdf0b402d52d0ee44868cc94fc7	1	1092	
2020	22	2020-04-07	https://www.gesetzblatt.bremen.de/fastmedia/218/2020_04_07_GBl_Nr_0022_signed.pdf	200	571751	3187a2c62985f82b019abcaff4209d63a0acd5aa3b4dee37b78a1d6e626afef1	5	1073	
2020	23	2020-04-09	https://www.gesetzblatt.bremen.de/fastmedia/218/2020_04_09_GBl_Nr_0023_signed.pdf	200	209274	fd7bc451d572d6565d3d9c2450d69ff5203cebab85fc84affc1baf0bf0e025e1	4	7271	
2020	24	2020-04-14	https://www.gesetzblatt.bremen.de/fastmedia/218/2020_04_14_GBl_Nr_0024_signed.pdf	200	198087	c4ffb3ce3eaa8e12a617de9dafb51ad8d33fea8ec841866a2ec85786cbaaa415	1	1132	
2020	25	2020-04-16	https://www.gesetzblatt.bremen.de/fastmedia/218/2020_04_16_GBl_Nr_0025_signed.pdf	200	215289	a722283c970504abdaf5ace7bf9927c6c9c1d5ef3de999d2f6a94981c198b5ce	2	3025	
2020	26	2020-04-17	https://www.gesetzblatt.bremen.de/fastmedia/218/2020_04_17_GBl_Nr_0026_signed.pdf	200	273740	901c4bf77313134cab00d3af9ae181bfbe970432bc52ab8bd5b650ee00446f52	19	40880	
2020	27	2020-04-21	https://www.gesetzblatt.bremen.de/fastmedia/218/2020_04_21_GBl_Nr_0027_signed.pdf	200	200023	bed99286069dd275633a3c74dce8351dc6712e78c9bbd0d082817a27884a71f8	2	2143	
2020	28	2020-04-24	https://www.gesetzblatt.bremen.de/fastmedia/218/2020_04_24_GBl_Nr_0028_signed.pdf	200	200581	857ce73f6e952b62deae1e2bdb2cdb9541c93cbd827924bfc076e690ff45e4e7	2	2784	
2020	29	2020-04-27	https://www.gesetzblatt.bremen.de/fastmedia/218/2020_04_27_GBl_Nr_0029_signed.pdf	200	236111	78eb9242d82d3bf7b6ddd97660bc384b6268cadc289fc2f84f46ab4cf3970e0b	11	25311	
2020	30	2020-04-29	https://www.gesetzblatt.bremen.de/fastmedia/218/2020_04_29_GBl_Nr_0030_signed.pdf	200	222782	7c47176a5f1e2f885c4f765c337d50b64a8c6fa89c1831f1fc3704ad3dc5bbb6	2	2051	
2020	31	2020-04-29	https://www.gesetzblatt.bremen.de/fastmedia/218/2020_04_29_GBl_Nr_0031_signed.pdf	200	206367	def32615076049fa53bd89dc4c39bb105d24ba5cc035d752667c77536e8cfe71	3	5471	
2020	32	2020-05-05	https://www.gesetzblatt.bremen.de/fastmedia/218/2020_05_05_GBl_Nr_0032_signed.pdf	200	279226	1b6db40641e390b6ab7aa92c7d5b0839bc6c76cc321ced65a5e879a8f9e649a4	21	47007	
2020	33	2020-05-08	https://www.gesetzblatt.bremen.de/fastmedia/218/2020_05_08_GBl_Nr_0033_signed.pdf	200	223998	13ed9b13553526f1fb894c7585386a08653ed47d5148207ba0cd4262bde9208a	4	7457	
2020	34	2020-05-12	https://www.gesetzblatt.bremen.de/fastmedia/218/2020_05_12_GBl_Nr_0034_signed.pdf	200	299137	871814ec1dcb70d81bcc833427bdc0c67920a3bed8026c2b7f56c52e8482fda5	23	55733	
2020	35	2020-05-12	https://www.gesetzblatt.bremen.de/fastmedia/218/2020_05_12_GBl_Nr_0035_signed.pdf	200	220002	7063a31ac653ed6ffd6bb9c8deff671173765f70961eab2bf7523695c1888167	1	1077	
2020	36	2020-05-13	https://www.gesetzblatt.bremen.de/fastmedia/218/2020_05_13_GBl_Nr_0036_signed.pdf	200	195175	a0e1622d270756ab6980a8f76aa5588f59415835be85a5ea42fc7d9691e62c2b	1	1059	
2020	37	2020-05-13	https://www.gesetzblatt.bremen.de/fastmedia/218/2020_05_13_GBl_Nr_0037_signed.pdf	200	209903	42d2c0ebf8e1493e8d19af60f0fbfe18130eeff336fd8267457782c6966aac61	1	1322	
2020	38	2020-05-14	https://www.gesetzblatt.bremen.de/fastmedia/218/2020_05_14_GBl_Nr_0038_signed.pdf	200	284761	d7ec160b66372c64b1c84481a1eeaee8117d02314606582268f2b3376447070b	19	44829	
2020	39	2020-05-19	https://www.gesetzblatt.bremen.de/fastmedia/218/2020_05_19_GBl_Nr_0039_signed.pdf	200	303924	f515c684a7627d92cc325d36ec50ae1737f1c3bfacc5fee5a2acc95d95a4061c	24	58690	
2020	40	2020-05-22	https://www.gesetzblatt.bremen.de/fastmedia/218/2020_05_22_GBl_Nr_0040_signed.pdf	200	210035	a994f27f80bbbd5e572f59c4d22a34e06716d5573566bfcfb681417f6606cc2b	1	1381	
2020	41	2020-05-22	https://www.gesetzblatt.bremen.de/fastmedia/218/2020_05_22_GBl_Nr_0041_signed.pdf	200	238882	9548195d303307ca0ad3308c87135ee794518f5219d28677995a17dda53a6654	6	11828	
2020	42	2020-05-22	https://www.gesetzblatt.bremen.de/fastmedia/218/2020_05_22_GBl_Nr_0042_signed.pdf	200	197299	19cea8ad9d82db4e48aa3381e9b3e6b98f45f6da5e3f6ce605eadc14ef15df6c	1	1600	
2020	43	2020-05-26	https://www.gesetzblatt.bremen.de/fastmedia/218/2020_05_26_GBl_Nr_0043_signed.pdf	200	314218	3fe89de2d91f2df134acfaf9ca4ffe8a5e3f318278a3020856a2d0753ee9aecf	27	64999	
2020	44	2020-05-28	https://www.gesetzblatt.bremen.de/fastmedia/218/2020_05_28_GBl_Nr_0044_signed.pdf	200	212164	f4e186b117e9cb3f951af20769977a23a0622791768783920f6993f34d3d6105	1	1611	
2020	45	2020-06-02	https://www.gesetzblatt.bremen.de/fastmedia/218/2020_06_02_GBl_Nr_0045_signed.pdf	200	318295	95e4ba6e8428ce48e058d10787c0638232322fdce784133792c8b5360eff57d5	28	66341	
2020	46	2020-06-09	https://www.gesetzblatt.bremen.de/fastmedia/218/2020_06_09_GBl_Nr_0046_signed.pdf	200	229913	cd481255a212e170dd9cee474cd4b3ad2b9cbceff36168c5e9c9ddee9153693e	3	4761	
2020	47	2020-06-09	https://www.gesetzblatt.bremen.de/fastmedia/218/2020_06_09_GBl_Nr_0047_signed.pdf	200	323868	4a0420606e190b6c5cd8e83309d6a23b2baee62357ae6fd847c7ba566f71ede8	29	69738	
2020	48	2020-06-11	https://www.gesetzblatt.bremen.de/fastmedia/218/2020_06_11_GBl_Nr_0048_signed.pdf	200	198523	fcb4db2fec6ea41675af60c13b4d9f4a782f1d997f04a2cdac45b1c20ecccd7a	1	1252	
2020	49	2020-06-15	https://www.gesetzblatt.bremen.de/fastmedia/218/2020_06_15_GBl_Nr_0049_signed.pdf	200	211882	b737db470fa05a0b4395eba5353bd9f1104c81f3733be23fab99968eb7bf5649	1	1431	
2020	50	2020-06-16	https://www.gesetzblatt.bremen.de/fastmedia/218/2020_06_16_GBl_Nr_0050_signed.pdf	200	321443	05a61ae44220f33f737ae09a7098596308f4dd53e3e951e5062b6195ddf41a84	28	66846	
2020	51	2020-06-17	https://www.gesetzblatt.bremen.de/fastmedia/218/2020_06_17_GBl_Nr_0051_signed.pdf	200	195143	286d5ba5ee3d79dba889d24bde1b65b33ad5f2bf65c490a85a192cc29c36c2d2	1	1163	
2020	52	2020-06-22	https://www.gesetzblatt.bremen.de/fastmedia/218/2020_06_22_GBl_Nr_0052_signed.pdf	200	197179	7f0f5f8bf0bfcf841866b7a730ee17f48a99c524fa30f2e7a7057680ff6ed702	1	1628	
2020	53	2020-06-22	https://www.gesetzblatt.bremen.de/fastmedia/218/2020_06_22_GBl_Nr_0053_signed.pdf	200	198185	3c6b560e39c8254da11fc125acc238da2bdc118e8606cda8b021008d28bf3995	1	2231	
2020	54	2020-06-23	https://www.gesetzblatt.bremen.de/fastmedia/218/2020_06_23_GBl_Nr_0054_signed.pdf	200	221578	d5c0d663bf9ded80f29406bc296c0487b6c73743d26922d27cea88858c268ec3	1	1479	
2020	55	2020-06-23	https://www.gesetzblatt.bremen.de/fastmedia/218/2020_06_23_GBl_Nr_0055_signed.pdf	200	214945	5f5c57cb10a94d2f4f6e508e96ea2318e90a8f12bfeece00a8419a11997deb96	1	1053	
2020	56	2020-06-23	https://www.gesetzblatt.bremen.de/fastmedia/218/2020_06_23_GBl_Nr_0056_signed.pdf	200	209588	f1765e1d92f93c39b8621ee36ba823bce9808ef87555df69135e163a7c33a030	1	907	
2020	57	2020-06-25	https://www.gesetzblatt.bremen.de/fastmedia/218/2020_06_25_GBl_Nr_0057_signed.pdf	200	322580	cc98bb965500c53430d639fc25104b3bcc71a5f71e062027231f6e63135964fa	28	67683	
2020	58	2020-06-30	https://www.gesetzblatt.bremen.de/fastmedia/218/2020_06_30_GBl_Nr_0058_signed.pdf	200	291751	03a133add240561be0dfe1c216968b235504ac849bdc38c3dfedd7c2e9be59f6	6	13148	
2020	59	2020-07-01	https://www.gesetzblatt.bremen.de/fastmedia/218/2020_07_01_GBl_Nr_0059_signed.pdf	200	283507	06e1d2c41a43bb4abc92af16dd5fdb8c87d7fa49ce424efe750fea583b2f53ec	21	48179	
2020	60	2020-07-03	https://www.gesetzblatt.bremen.de/fastmedia/218/2020_07_03_GBl_Nr_0060_signed.pdf	200	199799	9d83190001381222973ec9132d2121bfae93fd6f56b39fb59e34bf0ed025e163	1	976	
2020	61	2020-07-08	https://www.gesetzblatt.bremen.de/fastmedia/218/2020_07_08_GBl_Nr_0061_signed.pdf	200	229591	903f72130aba5e2149f09d03bd69f373c4bcea44b045b9928653f497789c6cf6	5	8217	
2020	62	2020-07-13	https://www.gesetzblatt.bremen.de/fastmedia/218/2020_07_13_GBl_Nr_0062_signed.pdf	200	267639	9e936c0238527affab0053451ab2b1626002d6d27699a854e2d45a76d1bdb308	13	30446	
2020	63	2020-07-13	https://www.gesetzblatt.bremen.de/fastmedia/218/2020_07_13_GBl_Nr_0063_signed.pdf	200	224850	6be6ea100f4f78f80c89d6c5e2070cb6e62e67f3fc6b3814b29c1befd78bf436	2	1900	
2020	64	2020-07-14	https://www.gesetzblatt.bremen.de/fastmedia/218/2020_07_14_GBl_Nr_0064_signed.pdf	200	234405	ea261c7a9332d86bf4b0d21428bb7a0eff21301a58b656b4f7619829331a0321	6	11845	
2020	65	2020-07-14	https://www.gesetzblatt.bremen.de/fastmedia/218/2020_07_14_GBl_Nr_0065_signed.pdf	200	285762	fd35609584b1acbe5480483a32891474c8ff06832784ddc8939a9b19cba54c23	21	49469	
2020	66	2020-07-21	https://www.gesetzblatt.bremen.de/fastmedia/218/2020_07_21_GBl_Nr_0066_signed.pdf	200	200083	a54dbe41c9fc05364e69cc1e879915cc8a467d5dbd0cb0b60fd2631f0755525f	2	2274	
2020	67	2020-07-21	https://www.gesetzblatt.bremen.de/fastmedia/218/2020_07_21_GBl_Nr_0067_signed.pdf	200	396600	d8bae4ae239f702e362fbf6cf36c8d7af68de64262a22b5eb8141eeadef8c739	40	54095	
2020	68	2020-07-21	https://www.gesetzblatt.bremen.de/fastmedia/218/2020_07_21_GBl_Nr_0068_signed.pdf	200	214570	4d9d145ec70518d3c9d0823e4b3299c9a63cc91e4fa0a2f7f87b94b20c422c11	2	1988	
2020	69	2020-07-21	https://www.gesetzblatt.bremen.de/fastmedia/218/2020_07_21_GBl_Nr_0069_signed.pdf	200	265288	c80cb77ef253ffc7e82b1845a86e22a32f72479bb116a7aecae8d316fbaa5aa1	13	25950	
2020	70	2020-07-22	https://www.gesetzblatt.bremen.de/fastmedia/218/2020_07_22_GBl_Nr_0070_signed.pdf	200	270878	2f3104aa40128b4735be7f531e54c2006f833b307dd70ec1b79e1010eaa2cfb6	20	39674	
2020	71	2020-07-22	https://www.gesetzblatt.bremen.de/fastmedia/218/2020_07_22_GBl_Nr_0071_signed.pdf	200	279815	860d2649cfb6a6bb3b8f5598659822464891b15393c048c1f1a93f167f60c0da	21	42900	
2020	72	2020-07-22	https://www.gesetzblatt.bremen.de/fastmedia/218/2020_07_22_GBl_Nr_0072_signed.pdf	200	312854	e349be2ee58964372419a600cc71b6af9d186667cb89e6ca204e1a1cc0342763	20	47950	
2020	73	2020-07-22	https://www.gesetzblatt.bremen.de/fastmedia/218/2020_07_22_GBl_Nr_0073_signed.pdf	200	285700	fa28ca99febb458ca6c0cfb69b264560f13d9d646a05e9accfcc1394666e6ff5	21	49310	
2020	74	2020-07-23	https://www.gesetzblatt.bremen.de/fastmedia/218/2020_07_23_GBl_Nr_0074_signed.pdf	200	257875	2e01c8a65c436fe1434e7f467801d3f4906c51b2837b35bfddaf0442750acd50	9	18832	
2020	75	2020-07-23	https://www.gesetzblatt.bremen.de/fastmedia/218/2020_07_23_GBl_Nr_0075_signed.pdf	200	491378	876298bf4ff822173cb65dc1a8ea8204b7fd7e9a6777850edb5caf7ac423f1a0	68	167863	
2020	76	2020-07-23	https://www.gesetzblatt.bremen.de/fastmedia/218/2020_07_23_GBl_Nr_0076_signed.pdf	200	197378	b06a4f5db61bfa303675756a3d9ab654da279fe23c93c1aa3c6d2249296792ef	1	1313	
2020	77	2020-07-23	https://www.gesetzblatt.bremen.de/fastmedia/218/2020_07_23_GBl_Nr_0077_signed.pdf	200	200256	8d10b5dbbdf0ecd280f88ed203e164d7a72f910e977171688bc2ab39b7e3bcd4	2	2559	
2020	78	2020-07-27	https://www.gesetzblatt.bremen.de/fastmedia/218/2020_07_27_GBl_Nr_0078_signed.pdf	200	220477	22e9a44cc6c2c78c984a0b3479d057c8ef53482d0921ea7b7ebaaf2e6d920de9	3	4524	
2020	79	2020-07-27	https://www.gesetzblatt.bremen.de/fastmedia/218/2020_07_27_GBl_Nr_0079_signed.pdf	200	194240	a2d7379565abed549ec9a0917c03d211491a424b6516161f26a022e36edeab0e	1	653	
2020	80	2020-07-31	https://www.gesetzblatt.bremen.de/fastmedia/218/2020_07_31_GBl_Nr_0080_signed.pdf	200	379137	e8d823a73bf3c5aa5b4f356fd9f94c1d14abf1d8ef11093391888da5f58513c7	1	1596	
2020	81	2020-08-04	https://www.gesetzblatt.bremen.de/fastmedia/218/2020_08_04_GBl_Nr_0081_signed.pdf	200	198857	dd5f83c030fe1b94a38e93160da5d0f3ae37bbdfd725858d2088044b8e751bdc	1	1397	
2020	82	2020-08-06	https://www.gesetzblatt.bremen.de/fastmedia/218/2020_08_06_GBl_Nr_0082_signed.pdf	200	317152	f64993028111a00b88e194d6761afec4797145322cfb10d80d446e91640607b1	20	45778	
2020	83	2020-08-21	https://www.gesetzblatt.bremen.de/fastmedia/218/2020_08_21_GBl_Nr_0083_signed.pdf	200	372235	3d6873cb86fa01ae256f548bef524e0257071f0874b9ecb60ccb39b6ea989944	1	1123	
2020	84	2020-08-25	https://www.gesetzblatt.bremen.de/fastmedia/218/2020_08_25_GBl_Nr_0084_signed.pdf	200	319592	265118cbc55b251653f822a6ebb6fe35045a908fb491ed6281dc2c37c353a3b4	20	46618	
2020	85	2020-08-27	https://www.gesetzblatt.bremen.de/fastmedia/218/2020_08_27_GBl_Nr_0085_signed.pdf	200	190284	bf2f0a5629fa29d4545634fa57773841168156ef2db024ebb2fd3aed7959a870	1	1069	
2020	86	2020-08-27	https://www.gesetzblatt.bremen.de/fastmedia/218/2020_08_27_GBl_Nr_0086_signed.pdf	200	195387	a127152e093e14908800c4d60699581bb42cfc82b44447f398396c11d359dd3c	1	1076	
2020	87	2020-08-28	https://www.gesetzblatt.bremen.de/fastmedia/218/2020_08_28_GBl_Nr_0087_signed.pdf	200	281492	1b40eb72285cd17135581b75210fafb1dec3250a28c72b225ab1c3b56ce2755c	12	20881	
2020	88	2020-08-28	https://www.gesetzblatt.bremen.de/fastmedia/218/2020_08_28_GBl_Nr_0088_signed.pdf	200	218063	7aa195da813b9000cd1bc5d5c29e959cbb8dafd4489c6f90d6a07b7d398900fa	7	13960	
2020	89	2020-08-31	https://www.gesetzblatt.bremen.de/fastmedia/218/2020_08_31_GBl_Nr_0089_signed.pdf	200	213639	e75dee6f7391b7804b70c45a9206894298df15ce69b9ab7e7b6be1d0cf2b1349	2	1953	
2020	90	2020-08-31	https://www.gesetzblatt.bremen.de/fastmedia/218/2020_08_31_GBl_Nr_0090_signed.pdf	200	286175	864b900a11de138d083133d039077402ad55315e83da7317303d1171ce3af26b	17	31023	
2020	91	2020-08-31	https://www.gesetzblatt.bremen.de/fastmedia/218/2020_08_31_GBl_Nr_0091_signed.pdf	200	197882	dadb0787fbdd1683502705cdf7b2c9f3793f860d9acfa1cdbf1d6d1acb04be47	1	1500	
2020	92	2020-08-31	https://www.gesetzblatt.bremen.de/fastmedia/218/2020_08_31_GBl_Nr_0092_signed.pdf	200	194730	709d610c3d35e15ed65a9dfff0ad0454eb2e8a6f612083e659d5d6ebd9763acf	1	747	
2020	93	2020-09-02	https://www.gesetzblatt.bremen.de/fastmedia/218/2020_09_02_GBl_Nr_0093_signed.pdf	200	320918	e813332be3db6a4ce535b244dc2008ef02638dd0944282d691879bab719bc27f	20	47980	
2020	94	2020-09-07	https://www.gesetzblatt.bremen.de/fastmedia/218/2020_09_07_GBl_Nr_0094_signed.pdf	200	217449	5e3eefe9f6aae308f070d136a1db57de8cba1f152b4b710716414a26461c5d83	2	3208	
2020	95	2020-09-08	https://www.gesetzblatt.bremen.de/fastmedia/218/2020_09_08_GBl_Nr_0095_signed.pdf	200	323789	cc6f1010bff11c1c3bc1f4f27cc82e663cf7108213cedc04930232592cfd71d6	20	47975	
2020	96	2020-09-10	https://www.gesetzblatt.bremen.de/fastmedia/218/2020_09_10_GBl_Nr_0096_signed.pdf	200	195213	b490fd13b6f3176b707aa031958cf7ae2b44ec7ea78ee7314d1dfa610c6ba94a	1	1127	
2020	97	2020-09-11	https://www.gesetzblatt.bremen.de/fastmedia/218/2020_09_11_GBl_Nr_0097_signed.pdf	200	195200	e10367a305f2306daa600ffdfa23810093018546d1099970901692d11e138ea6	1	1235	
2020	98	2020-09-15	https://www.gesetzblatt.bremen.de/fastmedia/218/2020_09_15_GBl_Nr_0098_signed.pdf	200	323246	c1ce1ec25b9e92aca49d6fd9ad096b0b2d92b77d08260048596315a26c2ba20c	20	47860	
2020	99	2020-09-28	https://www.gesetzblatt.bremen.de/fastmedia/218/2020_09_28_GBl_Nr_0099_signed.pdf	200	213311	a53086dd1c7889bb792cccd9e8497161a907f13383a9c958f74c5559d5b41355	1	1476	
2020	100	2020-10-01	https://www.gesetzblatt.bremen.de/fastmedia/218/2020_10_01_GBl_Nr_0100_signed.pdf	200	200309	4e2d7aa05cf603f4f17c77a0b7da179d9f6e8edd46526710f4d61e2b41b37fda	2	1735	
2020	101	2020-10-01	https://www.gesetzblatt.bremen.de/fastmedia/218/2020_10_01_GBl_Nr_0101_signed.pdf	200	226887	e0242d6234126d33c4fb8a0f52f20b5695f88c384f172f8cb17f5ffd28dfbd96	6	8734	
2020	102	2020-10-01	https://www.gesetzblatt.bremen.de/fastmedia/218/2020_10_01_GBl_Nr_0102_signed.pdf	200	201547	71a341efcdfea82a8234f34f1542519b6b46b822b3ab277e3ce162879077db43	2	3531	
2020	103	2020-10-02	https://www.gesetzblatt.bremen.de/fastmedia/218/2020_10_02_GBl_Nr_0103_signed.pdf	200	208140	62fb3b5a646b59207e7dd049938c624cf7353200618b020f0618acbb8743e9e2	4	8103	
2020	104	2020-10-02	https://www.gesetzblatt.bremen.de/fastmedia/218/2020_10_02_GBl_Nr_0104_signed.pdf	200	229805	df52441a03ca121b9ceae472fd10f102a73e8327f9ff08ebb945a9f496557984	3	4264	
2020	105	2020-10-02	https://www.gesetzblatt.bremen.de/fastmedia/218/2020_10_02_GBl_Nr_0105_signed.pdf	200	238521	51e42d96c2cfb0f3f19d6d6b907f86828905f29c2d2dab76953168e0c557be89	4	9159	
2020	106	2020-10-07	https://www.gesetzblatt.bremen.de/fastmedia/218/2020_10_07_GBl_Nr_0106_signed.pdf	200	218703	4f88475acc4b8e4b3b6f0410983eb267afae8eae0822632c1af70e9d1704c1e2	6	12979	
2020	107	2020-10-07	https://www.gesetzblatt.bremen.de/fastmedia/218/2020_10_07_GBl_Nr_0107_signed.pdf	200	197608	64e025735f1e603e4634f4a378be7fc16b91795280c4cd97f1e1a91722fb9409	1	1663	
2020	108	2020-10-07	https://www.gesetzblatt.bremen.de/fastmedia/218/2020_10_07_GBl_Nr_0108_signed.pdf	200	16647843	18f7adf347cf124e698560b410757f5004ef380aa6c60be80addb66427931fa5	112	22966	
2020	109	2020-10-07	https://www.gesetzblatt.bremen.de/fastmedia/218/2020_10_07_GBl_Nr_0109_signed.pdf	200	329948	626a9afde9881d055af90f7b28793d3a734c6911f3af9252583ae616d8c9bfdf	22	51644	
2020	110	2020-10-08	https://www.gesetzblatt.bremen.de/fastmedia/218/2020_10_08_GBl_Nr_0110_signed.pdf	200	205072	be71f003c044d4b61650d12570128508848e3ed1e9fa114e7887783639c9a34f	3	6074	
2020	111	2020-10-12	https://www.gesetzblatt.bremen.de/fastmedia/218/2020_10_12_GBl_Nr_0111_signed.pdf	200	202301	5a6fa76da9bc3c5b803d313c80db5b81e69e9b01c4e2b31ad137663f611bb22b	2	3992	
2020	112	2020-10-13	https://www.gesetzblatt.bremen.de/fastmedia/218/2020_10_13_GBl_Nr_0112_signed.pdf	200	200194	d967b02511320d0d3c1d74ba4829fe95c72d5aa2638ae3b503f1260eab6563f0	2	2780	
2020	113	2020-10-15	https://www.gesetzblatt.bremen.de/fastmedia/218/2020_10_15_GBl_Nr_0113_signed.pdf	200	440473	b5c4e9b8c5f4fd504951f8ee1c37058a284f47559f92db44830f2e9fc23eab61	41	48300	
2020	114	2020-10-15	https://www.gesetzblatt.bremen.de/fastmedia/218/2020_10_15_GBl_Nr_0114_signed.pdf	200	195486	3bf530515930819acef950f7cb852e8e71d7e8acbe48a778485f8fcd2812bc67	1	1019	
2020	115	2020-10-15	https://www.gesetzblatt.bremen.de/fastmedia/218/2020_10_15_GBl_Nr_0115_signed.pdf	200	238945	2bfaf8aba151135f993ea41822e5b324e762c71676c30befef6400da6ff8f7b4	7	8351	
2020	116	2020-10-16	https://www.gesetzblatt.bremen.de/fastmedia/218/2020_10_16_GBl_Nr_0116_signed.pdf	200	205438	8dca1ba9981d0f429489b2de456ea73e2fc4febc9465b1b780bebc8301f4ce9e	3	5495	
2020	117	2020-10-20	https://www.gesetzblatt.bremen.de/fastmedia/218/2020_10_20_GBl_Nr_0117_signed.pdf	200	195061	c9361443f0142bacaf4ff64192a213466580c9add870659d466040c44f41c5d0	2	2534	
2020	118	2020-10-20	https://www.gesetzblatt.bremen.de/fastmedia/218/2020_10_20_GBl_Nr_0118_signed.pdf	200	198541	b08b9fd75c99ad8a23dd3f0c35a7b76e58b2c40c76c5a0c6757b6d1a3211cc01	2	2097	
2020	119	2020-10-26	https://www.gesetzblatt.bremen.de/fastmedia/218/2020_10_26_GBl_Nr_0119_signed.pdf	200	200359	a258433575b3c57e5d4310ca42924470cbf4c7efba8b3d1b9954723085f6e680	1	1430	
2020	120	2020-10-29	https://www.gesetzblatt.bremen.de/fastmedia/218/2020_10_29_GBl_Nr_0120_signed.pdf	200	523377	7058e29120963210caaa833896bbc97f0be43fff6a66c1039f51fcd82b42b8fb	65	75899	
2020	121	2020-10-31	https://www.gesetzblatt.bremen.de/fastmedia/218/2020_10_31_GBl_Nr_0121_signed.pdf	200	360815	9bce6094bb6e87a15bc1111cc43f2b7c1dc9915d355ee93204bcf178dce10d50	27	64092	
2020	122	2020-10-31	https://www.gesetzblatt.bremen.de/fastmedia/218/2020_10_31_GBl_Nr_0122_signed.pdf	200	194766	4e27bfd2a4056b95bc02c1468cfc5bb5e2a92494e215b99ebea53fdd862bfa61	1	1012	
2020	123	2020-11-02	https://www.gesetzblatt.bremen.de/fastmedia/218/2020_11_02_GBl_Nr_0123_signed.pdf	200	198968	4b21d23259171f73fbdb98fb7a5819abdb821c48354c29301d2343c3208a4dd1	2	2087	
2020	124	2020-11-03	https://www.gesetzblatt.bremen.de/fastmedia/218/2020_11_03_GBl_Nr_0124_signed.pdf	200	213187	7a988432adfce63b62617888632d8da227e3dd4c476dd9a5b314ef27e568f58f	1	1464	
2020	125	2020-11-03	https://www.gesetzblatt.bremen.de/fastmedia/218/2020_11_03_GBl_Nr_0125_signed.pdf	200	205924	a7b4eacb2a7bfd052616fa7a65d946b218d002cf1812bed81c25ca600a41ff0f	2	3076	
2020	126	2020-11-09	https://www.gesetzblatt.bremen.de/fastmedia/218/2020_11_09_GBl_Nr_0126_signed.pdf	200	275577	3aae3188d7c4887287b5013b0a2585d65e576eca574b3a1ccdb2340d8ed0ad84	8	16255	
2020	127	2020-11-10	https://www.gesetzblatt.bremen.de/fastmedia/218/2020_11_10_GBl_Nr_0127_signed.pdf	200	323476	e2379a2d1826c6f29c4fc2f4de3b55b686d3a0ae8a6aeded65689d9064e30c42	28	66412	
2020	128	2020-11-17	https://www.gesetzblatt.bremen.de/fastmedia/218/2020_11_17_GBl_Nr_0128_signed.pdf	200	194666	87bc66039df1555687b03ea6bed31b1a9d447d1f46d5e53167fffce372bca2f8	1	898	
2020	129	2020-11-17	https://www.gesetzblatt.bremen.de/fastmedia/218/2020_11_17_GBl_Nr_0129_signed.pdf	200	325690	f3d90557ee77b190b930464d064314d65fb78aafb32a968228fdc46f5a61f7aa	28	68496	
2020	130	2020-11-18	https://www.gesetzblatt.bremen.de/fastmedia/218/2020_11_18_GBl_Nr_0130_signed.pdf	200	195187	94ba3e1d69b56ae63e982c1977b448b01b3077caa1b66753c7d0aaaddf1a2e39	1	1045	
2020	131	2020-11-19	https://www.gesetzblatt.bremen.de/fastmedia/218/2020_11_19_GBl_Nr_0131_signed.pdf	200	194697	dd669e2c8c53133a4c40f0a78d0988ad2af546b36883cb4ea6007341e12f8c81	1	782	
2020	132	2020-11-24	https://www.gesetzblatt.bremen.de/fastmedia/218/2020_11_24_GBl_Nr_0132_signed.pdf	200	201496	46677622ebbd53f2b99d3087dbf618eaf2f1b5ccac929f4fe8ce3571bda636b7	2	3566	
2020	133	2020-11-30	https://www.gesetzblatt.bremen.de/fastmedia/218/2020_11_30_GBl_Nr_0133_signed.pdf	200	194823	a777ca794e592e9d4d855e8ff085892e03fb09cea23ab9e954233c17c9273f99	1	924	
2020	134	2020-11-30	https://www.gesetzblatt.bremen.de/fastmedia/218/2020_11_30_GBl_Nr_0134_signed.pdf	200	333782	f6c434e3ded05dfff0b6bac4c5ead74ebc824fea67699060c2452f2e4d62ae77	30	72559	
2020	135	2020-12-02	https://www.gesetzblatt.bremen.de/fastmedia/218/2020_12_02_GBl_Nr_0135_signed.pdf	200	195399	d1c3cd44d28cd59a2cd7770b33eb7e9f3cf8dae9079dd9682cec307633f4beea	1	1111	
2020	136	2020-12-03	https://www.gesetzblatt.bremen.de/fastmedia/218/2020_12_03_GBl_Nr_0136_signed.pdf	200	249318	a7e83b3ee78cc56bedd467725e7c40b9ee428f6c69b73ca95df947a0c2e26830	8	18505	
2020	137	2020-12-03	https://www.gesetzblatt.bremen.de/fastmedia/218/2020_12_03_GBl_Nr_0137_signed.pdf	200	199544	829157f9c13836aacd4f35d24d45b1f800e3d9dfe7c0739a26530ec9a55c2d08	2	2166	
2020	138	2020-12-03	https://www.gesetzblatt.bremen.de/fastmedia/218/2020_12_03_GBl_Nr_0138_signed.pdf	200	273465	8d95fcb7f7388542ee37dffddabb315851697a0a12b28817e422e7c75ea1d616	20	40328	
2020	139	2020-12-03	https://www.gesetzblatt.bremen.de/fastmedia/218/2020_12_03_GBl_Nr_0139_signed.pdf	200	281276	ec460b2c937cae4005930aab2fd4e5100cf2a6d40a787af0bcd02dced6635534	22	44026	
2020	140	2020-12-04	https://www.gesetzblatt.bremen.de/fastmedia/218/2020_12_04_GBl_Nr_0140_signed.pdf	200	203519	404cd7a585238e9badcc78b717b938c754375fcd074de6e6ff371c6eabb6b595	2	3259	
2020	141	2020-12-04	https://www.gesetzblatt.bremen.de/fastmedia/218/2020_12_04_GBl_Nr_0141_signed.pdf	200	300699	216c92a4d4b93d05ca87d048cff1304405f2c7e6fecc0b122c304e592ab59cb8	19	49358	
2020	142	2020-12-04	https://www.gesetzblatt.bremen.de/fastmedia/218/2020_12_04_GBl_Nr_0142_signed.pdf	200	309589	3d1576de3b48ae48807e10ece14928982b74180c555cb6be3213d00ab136cc10	29	74258	
2020	143	2020-12-04	https://www.gesetzblatt.bremen.de/fastmedia/218/2020_12_04_GBl_Nr_0143_signed.pdf	200	216130	172617def5c7cddaf8a92561d6843da36fa51ebd2124856bc24bf2f714e13fd3	6	11413	
2020	144	2020-12-07	https://www.gesetzblatt.bremen.de/fastmedia/218/2020_12_07_GBl_Nr_0144_signed.pdf	200	194734	f6cb9dedc4a35188bd61db5ef4d143eaf23c790e25c1c54c9d25f309cef673ca	1	821	
2020	145	2020-12-07	https://www.gesetzblatt.bremen.de/fastmedia/218/2020_12_07_GBl_Nr_0145_signed.pdf	200	1059289	99d79601e74cdaed1e05f82d48b5dcc6eb17ca4e3a8fa4b6a9571102e54b12ef	5	1064	
2020	146	2020-12-07	https://www.gesetzblatt.bremen.de/fastmedia/218/2020_12_07_GBl_Nr_0146_signed.pdf	200	194415	3fdcda9dc7e24694fab24a0d4d8e4a410b18f349d0a7b88686a33353f2d3078e	1	665	
2020	147	2020-12-07	https://www.gesetzblatt.bremen.de/fastmedia/218/2020_12_07_GBl_Nr_0147_signed.pdf	200	701554	e58c12060173b96cb571a2fadb03c8ae2ce8819e2474826ae36fb9b8673c34d6	98	237094	
2020	148	2020-12-08	https://www.gesetzblatt.bremen.de/fastmedia/218/2020_12_08_GBl_Nr_0148_signed.pdf	200	316414	f85264f9a9266e31594d270672c0883795c37761158378c76bc30450f43f030b	22	39932	
2020	149	2020-12-08	https://www.gesetzblatt.bremen.de/fastmedia/218/2020_12_08_GBl_Nr_0149_signed.pdf	200	221105	72eb1053b4ebdb84500deb443f4f47802435aeb47c039433ce8395e3ea1b0a29	1	845	
2020	150	2020-12-08	https://www.gesetzblatt.bremen.de/fastmedia/218/2020_12_08_GBl_Nr_0150_signed.pdf	200	207903	9e6e6403a6df59e707c3fad4a3af2dd55f0c272f7580a9e5864d546f1e4f5ca2	4	7960	
2020	151	2020-12-08	https://www.gesetzblatt.bremen.de/fastmedia/218/2020_12_08_GBl_Nr_0151_signed.pdf	200	235809	e825ddf9c93f839e2bd22a375c31c71253f0788dcb528e0c7b964f2d485eefa9	10	22561	
2020	152	2020-12-09	https://www.gesetzblatt.bremen.de/fastmedia/218/2020_12_09_GBl_Nr_0152_signed.pdf	200	216109	7e2e632cedbc0016d717821c0bb316a21eb7ac3efbfea0239f47ac08c61527ab	6	12720	
2020	153	2020-12-11	https://www.gesetzblatt.bremen.de/fastmedia/218/2020_12_11_GBl_Nr_0153_signed.pdf	200	214537	dfbc2c2d1c77f44b23122444fac6252bb467dccf2cf44630edee8f4822d39cbe	1	706	
2020	154	2020-12-11	https://www.gesetzblatt.bremen.de/fastmedia/218/2020_12_11_GBl_Nr_0154_signed.pdf	200	197900	6aa96f96882884dfa9803bf0fba4a505dba1d5047b3005cdea938ee20003cc61	1	1500	
2020	155	2020-12-15	https://www.gesetzblatt.bremen.de/fastmedia/218/2020_12_15_GBl_Nr_0155_signed.pdf	200	212022	341a82ee1fc0654f845917faf892f64599cb8b327038492f0204a1aaedac799b	5	8368	
2020	156	2020-12-15	https://www.gesetzblatt.bremen.de/fastmedia/218/2020_12_15_GBl_Nr_0156_signed.pdf	200	344934	52a78aefa5759f5431de36e4ac6d4960ac1dfd830b6c20671521ad5071ad9d5e	32	78031	
2020	157	2020-12-18	https://www.gesetzblatt.bremen.de/fastmedia/218/2020_12_18_GBl_Nr_0157_signed.pdf	200	225772	87c9fd3bcb41425989157843b6f7f8b6b6043cc481affe8473f1f72c702bc489	2	2643	
2020	158	2020-12-18	https://www.gesetzblatt.bremen.de/fastmedia/218/2020_12_18_GBl_Nr_0158_signed.pdf	200	201524	7d8cb820b60aa505c1bdc9bfe4ef50e803395a35115cdc7c5b87fccdc157a3cd	2	3065	
2020	159	2020-12-21	https://www.gesetzblatt.bremen.de/fastmedia/218/2020_12_21_GBl_Nr_0159_signed.pdf	200	199424	aa9f5e769ea15880aa8b3aefc68ecea8c1e5bdd29d58b783286bd62c54100ce7	2	2458	
2020	160	2020-12-21	https://www.gesetzblatt.bremen.de/fastmedia/218/2020_12_21_GBl_Nr_0160_signed.pdf	200	609667	d2078e6d82d9de37c73dc7fcf1706333eccc4bc51d4e3d9028fe4a12aa98e8c0	9	14899	
2020	161	2020-12-21	https://www.gesetzblatt.bremen.de/fastmedia/218/2020_12_21_GBl_Nr_0161_signed.pdf	200	194460	0f38d3e58643481d7e9761f94262285ffe78ce6e5797e6786a962a710eef7d9b	1	752	
2020	162	2020-12-22	https://www.gesetzblatt.bremen.de/fastmedia/218/2020_12_22_GBl_Nr_0162_signed.pdf	200	204102	d5aaa06bea50fca2413fbca5aef67b724b0dc2518fec25d381bcf8f0b3476001	3	4664	
2020	163	2020-12-23	https://www.gesetzblatt.bremen.de/fastmedia/218/2020_12_23_GBl_Nr_0163_signed.pdf	200	197608	7f0aa76e29dcf45340f568a7c725be82ca5f47137d954e78bafb27a3054dadc2	1	1363	
2020	164	2020-12-28	https://www.gesetzblatt.bremen.de/fastmedia/218/2020_12_28_GBl_Nr_0164_signed.12394.pdf	200	202885	a67b60cf155d0572ab5d5c8d750a25818dd926718c18ed520768fc6e0f857947	3	4217	
2020	165	2020-12-28	https://www.gesetzblatt.bremen.de/fastmedia/218/2020_12_28_GBl_Nr_0165_signed.12395.pdf	200	200035	036ced7815ee0edbfce579eeabed98f230c1bcb4d8cd4327aa08ecd764f85cf9	2	2609	
2020	166	2020-12-28	https://www.gesetzblatt.bremen.de/fastmedia/218/2020_12_28_GBl_Nr_0166_signed.12396.pdf	200	209893	fd6a31132fd0a57d9dc73f71eb7f2dded5d18e980d1caf46b090aa4ea3e9e373	4	8257	
2020	167	2020-12-28	https://www.gesetzblatt.bremen.de/fastmedia/218/2020_12_28_GBl_Nr_0167_signed.12397.pdf	200	236197	135cf6b4d27449b0964a309578758aab341c67a07afb03f99158ad0f3a7008e7	7	11982	
2020	168	2020-12-28	https://www.gesetzblatt.bremen.de/fastmedia/218/2020_12_28_GBl_Nr_0168_signed.pdf	200	194688	440f2e78b3a4e22e0064b66b8f8d03b850ac00e8cbc04704d427a09f7e2ac22f	1	838	
2020	169	2020-12-29	https://www.gesetzblatt.bremen.de/fastmedia/218/2020_12_29_GBl_Nr_0169_signed.pdf	200	222821	72a13e425fcdfbfc9b71c5692e0c6a897a0a8dd3cc666f1f3b72e50505264f92	7	15431	
2020	170	2020-12-29	https://www.gesetzblatt.bremen.de/fastmedia/218/2020_12_29_GBl_Nr_0170_signed.pdf	200	2105566	060c7f0ef6ab34bccbacd1c83a5ca880ccc6bd55ba0295f581da836f01f1a76a	5	1668	
2020	171	2020-12-29	https://www.gesetzblatt.bremen.de/fastmedia/218/2020_12_29_GBl_Nr_0171_signed.pdf	200	198323	a6c16c32c28127b9100f0e5e635fab28b90e1860fb1874f8a63a58c9ce551bbc	2	1506	
2020	172	2020-12-29	https://www.gesetzblatt.bremen.de/fastmedia/218/2020_12_29_GBl_Nr_0172_signed.pdf	200	226047	f7753b95e4752a8eddc87c14fc53bf4ac67033fb281d91003241d21e9b8aed4c	2	2421	
2020	173	2020-12-29	https://www.gesetzblatt.bremen.de/fastmedia/218/2020_12_29_GBl_Nr_0173_signed.pdf	200	194816	a3a7894b4e836b3d755a8b38279fc50daaf42a92acb5c1e301e7259fbf072898	1	841	
2020	174	2020-12-30	https://www.gesetzblatt.bremen.de/fastmedia/218/2020_12_30_GBl_Nr_0174_signed.pdf	200	201018	3f9d53a525d6076aae70cdb6a13497c2fd30b6dd690c23a1575403467b61f7f1	2	3628	
2020	175	2020-12-30	https://www.gesetzblatt.bremen.de/fastmedia/218/2020_12_30_GBl_Nr_0175_signed.pdf	200	545303	994df8a3055d8a73b274bdd0a9b536397eea3217315eb5657f8e65be90b023f0	5	4449	
2020	176	2020-12-30	https://www.gesetzblatt.bremen.de/fastmedia/218/2020_12_30_GBl_Nr_0176_signed.pdf	200	299453	e6046957097eb2612546677cb3bdcd09af9f38667a59ac8fdad3ae240e9bc45f	18	33372	
2021	1	2021-01-06	https://www.gesetzblatt.bremen.de/fastmedia/218/2021_01_06_GBl_Nr_0001_signed.pdf	200	189695	3e09e1a55a8bf05b9d97c1c2f17cd94c776beb19ae43888fd05403087c4d8718	1	808	
2021	2	2021-01-07	https://www.gesetzblatt.bremen.de/fastmedia/218/2021_01_07_GBl_Nr_0002_signed.pdf	200	209614	c0c7861a74784d9e1a7c1421a8ba5d7000e9aede9a9cb0e92f6b123a88161d76	4	7791	
2021	3	2021-01-07	https://www.gesetzblatt.bremen.de/fastmedia/218/2021_01_07_GBL_Nr_0003_signed.pdf	200	218022	84b97ad08aba4ac447e277f959ced57908a4e14dba42b213b35c246a3da70c15	6	16097	
2021	4	2021-01-08	https://www.gesetzblatt.bremen.de/fastmedia/218/2021_01_08_GBl_Nr_0004_signed.pdf	200	409743	7761c479bdc8e152b7627e9aea50e5af2b5bbc16a156896beebc37abec0a520e	6	10954	
2021	5	2021-01-15	https://www.gesetzblatt.bremen.de/fastmedia/218/2021_01_15_GBl_Nr_0005_signed.pdf	200	201488	ff126ca4f2ad75df1d3c22df99be4a89782e983c90e8db34a073d2ded30e247c	2	3530	
2021	6	2021-01-19	https://www.gesetzblatt.bremen.de/fastmedia/218/2021_01_19_GBl_Nr_0006_signed.pdf	200	262260	e1f5594a3fc62ef9f5cdfdbf69da09045acc9a8f372d3c9b7f1168f2ad4dd183	6	9728	
2021	7	2021-01-20	https://www.gesetzblatt.bremen.de/fastmedia/218/2021_01_20_GBl_Nr_0007_signed.pdf	200	194933	177142830cb9030680b19377f7992452a0b098aaaedcafbbb0218d8ed04a5745	1	965	
2021	8	2021-01-22	https://www.gesetzblatt.bremen.de/fastmedia/218/2021_01_22_GBl_Nr_0008_signed.pdf	200	231064	df5042e413dcf1ae5942d0b6dcbc42b464ca4d8340413948172c9c30d191f9a7	8	17994	
2021	9	2021-01-28	https://www.gesetzblatt.bremen.de/fastmedia/218/2021_01_28_GBl_Nr_0009_signed.pdf	200	196692	cd6f8e9db0366ebea85c7cebf887f48a91f05d0f93e16e1785489337b41d3bcd	1	1665	
2021	10	2021-01-28	https://www.gesetzblatt.bremen.de/fastmedia/218/2021_01_28_GBl_Nr_0010_signed.pdf	200	202347	288e10d684fec1cf2c5d5d1afcb99f0ce99aaa45a9e75f1986cd6de6231d24ed	2	4019	
2021	11	2021-01-28	https://www.gesetzblatt.bremen.de/fastmedia/218/2021_01_28_GBl_Nr_0011_signed.pdf	200	208718	d208ff48156654b6c1744484566cdd9ab308a0e70da69b7295ba51231b7b837a	4	7517	
2021	12	2021-02-02	https://www.gesetzblatt.bremen.de/fastmedia/218/2021_02_02_GBl_Nr_0012_signed.pdf	200	406786	04674ea1258d85a034832bffdfe73165adf21fe802cd9bd49e5b9e7da005626c	48	112902	
2021	13	2021-02-02	https://www.gesetzblatt.bremen.de/fastmedia/218/2021_02_02_GBl_Nr_0013_signed.pdf	200	298276	af28f8553205b6d8ddce7a51986a76700db0a31b787ffb21e7277beb6bcd974b	26	64478	
2021	14	2021-02-03	https://www.gesetzblatt.bremen.de/fastmedia/218/2021_02_03_GBl_Nr_0014_signed.pdf	200	214543	21512382bf2a6348b09f4fa2de167935ee2544edbf0aadbf46dbb894527f00f9	1	1200	
2021	15	2021-02-12	https://www.gesetzblatt.bremen.de/fastmedia/218/2021_02_12_GBl_Nr_0015_signed.pdf	200	353971	787e1c068fb524d318667d8455378bba0dc7d49521dabd73130fed4ab9ef6f38	34	84028	
2021	16	2021-02-15	https://www.gesetzblatt.bremen.de/fastmedia/218/2021_02_15_GBl_Nr_0016_signed.pdf	200	193856	c1e9235a8682b07ce3b74bbcd184159f9244fa402e4564128b97f0926ee9644a	1	525	
2021	17	2021-02-16	https://www.gesetzblatt.bremen.de/fastmedia/218/2021_02_16_GBl_Nr_0017_signed.pdf	200	194409	bfb51a5d9def934f36ad872278d26c7ea80fb1d7f744f1a367724944dcf1defb	1	685	
2021	18	2021-02-19	https://www.gesetzblatt.bremen.de/fastmedia/218/2021_02_19_GBl_Nr_0018_signed.pdf	200	216232	64adc55918039701e458f4147fd5a3eaa3e824ed65aa6da13f4ae80da7824920	3	4007	
2021	19	2021-02-23	https://www.gesetzblatt.bremen.de/fastmedia/218/2021_02_23_GBl_Nr_0019_signed.pdf	200	247493	d2ba4fdd9c5cee2fcc1cdea2a5e0ad206ea8736d16c91eb7a6d38df2391b2ea9	14	30397	
2021	20	2021-02-23	https://www.gesetzblatt.bremen.de/fastmedia/218/2021_02_23_GBl_Nr_0020_signed.pdf	200	261755	648aad6c1f37ea2a4209dcf15d655a0720e06a38eef0e6b6ef4b36815b951a94	18	37397	
2021	21	2021-02-23	https://www.gesetzblatt.bremen.de/fastmedia/218/2021_02_23_GBl_Nr_0021_signed.pdf	200	253109	1f45815ef305de7514406446a08ebdc2ded7817953626b9ba117d68287d6862a	10	18667	
2021	22	2021-02-23	https://www.gesetzblatt.bremen.de/fastmedia/218/2021_02_23_GBl_Nr_0022_signed.pdf	200	217345	17e07513725ae786f100333015069950c5ee4cadb06f6f809e77b1d23d3fdef4	6	13179	
2021	23	2021-02-25	https://www.gesetzblatt.bremen.de/fastmedia/218/2021_02_25_GBl_Nr_0023_signed.pdf	200	280691	e412141f952c02cb455557331d1ef9d1b83b933c87134f6abddab2cf9bb2e83a	2	2009	
2021	24	2021-02-25	https://www.gesetzblatt.bremen.de/fastmedia/218/2021_02_25_GBl_Nr_0024_signed.pdf	200	326594	f554ac17626b2a1d608e670828a3c718fde52c2bef3d997f76a1f03412758670	5	5775	
2021	25	2021-02-25	https://www.gesetzblatt.bremen.de/fastmedia/218/2021_02_25_GBl_Nr_0025_signed.pdf	200	317911	5a9cbf27b0c6c58924ec6c12cd927faed6a3dbfefa78f3feebd4383d67e92070	5	8290	
2021	26	2021-02-26	https://www.gesetzblatt.bremen.de/fastmedia/218/2021_02_26_GBl_Nr_0026_signed.pdf	200	318123	d6c4a8d8e2ca271fa1ae1ae37e382fc37abdc099eff0482f675f3b19f85d2393	3	6589	
2021	27	2021-02-26	https://www.gesetzblatt.bremen.de/fastmedia/218/2021_02_26_GBl_Nr_0027_signed.pdf	200	311919	0bba9f562bb6bdc485ec7feda0d3bd13df4c95a414cab1d3bb0ebaeaeeb8287d	4	7367	
2021	28	2021-03-02	https://www.gesetzblatt.bremen.de/fastmedia/218/2021_03_02_GBl_Nr_0028_signed.pdf	200	286206	f8e26d9a641c1f9f3858529e6887c794bae78d45dfdfeba08ce97573f3cf17b6	1	627	
2021	29	2021-03-02	https://www.gesetzblatt.bremen.de/fastmedia/218/2021_03_02_GBl_Nr_0029_signed.pdf	200	2299997	c1d267611c5755cc32a355ae9ee900c064c50ea1d6b5a5c54d392826c65c78e4	27	57977	
2021	30	2021-03-02	https://www.gesetzblatt.bremen.de/fastmedia/218/2021_03_02_GBl_Nr_0030_signed.pdf	200	596753	dfdd9b910a0a534c229a902f3962b814f1b698b9712c1e6f11a93886f039f341	24	51589	
2021	31	2021-03-05	https://www.gesetzblatt.bremen.de/fastmedia/218/2021_03_05_GBl_Nr_0031_signed.pdf	200	423160	8e2a0654cdd6e0b2c012a87731e199047be976dce64afb4b76cc17c85d9a4e10	6	12198	
2021	32	2021-03-09	https://www.gesetzblatt.bremen.de/fastmedia/218/2021_03_09_GBl_Nr_0032_signed.pdf	200	374015	7e20b6bcf86f6d0bc68d0d56e1d64d0fb7c44910bbe6578d24d7b2cce45ea631	1	756	
2021	33	2021-03-09	https://www.gesetzblatt.bremen.de/fastmedia/218/2021_03_09_GBl_Nr_0033_signed.pdf	200	377534	4ac6b035688711e764978f7fcf3c7d71e542458125010ada023c183cca90a951	1	1396	
2021	34	2021-03-19	https://www.gesetzblatt.bremen.de/fastmedia/218/2021_03_19_GBl_Nr_0034_signed.pdf	200	381043	846c638e23568ec163536828cbf14cf137a57acfd50c75349672142aed916e2d	2	3358	
2021	35	2021-03-23	https://www.gesetzblatt.bremen.de/fastmedia/218/2021_03_23_GBl_Nr_0035_signed.pdf	200	384869	a66445c3fc2f34dfdc6ffa09d6748a16e450a77caf1a12cd1f0e97943fb311e2	2	2813	
2021	36	2021-03-24	https://www.gesetzblatt.bremen.de/fastmedia/218/2021_03_24_GBl_Nr_0036_signed.pdf	200	381709	7d9ac1655f1e5b6780cd5274d670ff1be650b49c2014fdf59463eb78198b4086	1	1649	
2021	37	2021-03-26	https://www.gesetzblatt.bremen.de/fastmedia/218/2021_03_26_GBl_Nr_0037_signed.pdf	200	382755	1022273691c94fd7b391f698507d94ce975f366afeda2f5f547a4e16c14cb7d7	2	2222	
2021	38	2021-03-29	https://www.gesetzblatt.bremen.de/fastmedia/218/2021_03_29_GBl_Nr_0038_signed.pdf	200	390478	318d98e0b0aff603928b15912616652bad9a3ad21ccf1d3e9799bf18f02daa43	4	7053	
2021	39	2021-03-31	https://www.gesetzblatt.bremen.de/fastmedia/218/2021_03_31_GBl_Nr_0039_signed.pdf	200	374572	b3cdc03608c52514ae4ebd3bdfcd65c2545403003b525808ae4772187fcefd74	1	797	
2021	40	2021-04-06	https://www.gesetzblatt.bremen.de/fastmedia/218/2021_04_06_GBl_Nr_0040_signed.pdf	200	279423	024c055c44758ac1187e67375260edb3240c490c1495b1f5ee5a485cd06821be	2	2779	
2021	41	2021-04-07	https://www.gesetzblatt.bremen.de/fastmedia/218/2021_04_07_GBl_Nr_0041_signed.pdf	200	376978	798b0225e6e452320e401dab8d45f0d347434de7d4ecf918f55d081bda0969bc	1	1761	
2021	42	2021-04-09	https://www.gesetzblatt.bremen.de/fastmedia/218/2021_04_09_GBl_Nr_0042_signed.pdf	200	382851	ffe2aa0fd4e26d266f18d0111b8903cc0d417f8f67eb1b87e83e657950e550d7	2	2869	
2021	43	2021-04-13	https://www.gesetzblatt.bremen.de/fastmedia/218/2021_04_13_GBl_Nr_0043_signed.pdf	200	381453	180749cdcf2a4de903ee18246200d8dc1070ddf6ebf9ae3ae0261754fcdc02f9	2	2887	
2021	44	2021-04-13	https://www.gesetzblatt.bremen.de/fastmedia/218/2021_04_13_GBl_Nr_0044_signed.pdf	200	374807	701a13f91296f080d73f4a8029c171efa0454ec71a80863da1bc92886f938bdc	1	739	
2021	45	2021-04-13	https://www.gesetzblatt.bremen.de/fastmedia/218/2021_04_13_GBl_Nr_0045_signed.pdf	200	1080124	24b04aba0d4636fe25ac0d46706b1597c10685440869daf739fe112df9811a84	2	1705	
2021	46	2021-04-13	https://www.gesetzblatt.bremen.de/fastmedia/218/2021_04_13_GBl_Nr_0046_signed.pdf	200	381835	8d28eab9a864edc03f9090d425561541756a9a6cfb963d39e07d9272aa22a89b	2	3033	
2021	47	2021-04-13	https://www.gesetzblatt.bremen.de/fastmedia/218/2021_04_13_GBl_Nr_0047_signed.pdf	200	378128	0cd3d0205fc9c1603e7a11215f147377c3b75d08d1bbf18993f1793c4fa3a182	1	2320	
2021	48	2021-04-14	https://www.gesetzblatt.bremen.de/fastmedia/218/2021_04_14_GBl_Nr_0048_signed.pdf	200	31512432	5f8d4130b3a06afdb519eda70aa5047f2d53d310ad186a6da50dcd83ae8ae708	68	6110	
2021	49	2021-04-14	https://www.gesetzblatt.bremen.de/fastmedia/218/2021_04_14_GBl_Nr_0049_signed.pdf	200	380510	3b218d7978a727dbd4ab9c9ae063f21e7d247b9d821cb6214fce8ba7bdbccaef	1	1607	
2021	50	2021-04-16	https://www.gesetzblatt.bremen.de/fastmedia/218/2021_04_16_GBl_Nr_0050_signed.pdf	200	379010	8970910a0e3888dcd44cfdb7893cedd64369e053ddf9e39836200edf8c2e1bb7	1	1491	
2021	51	2021-04-20	https://www.gesetzblatt.bremen.de/fastmedia/218/2021_04_20_GBl_Nr_0051_signed.pdf	200	379715	b475254450160a335c44f656271eebe3b9331c2aa1d95a679f7f7a3b5717d6b0	1	1650	
2021	52	2021-04-21	https://www.gesetzblatt.bremen.de/fastmedia/218/2021_04_21_GBl_Nr_0052_signed.pdf	200	378018	7d886a4cb85cfa8090953277db96afd4c4baf7ef847ff9c23a97fcdb57b833bc	1	1272	
2021	53	2021-04-21	https://www.gesetzblatt.bremen.de/fastmedia/218/2021_04_21_GBl_Nr_0053_signed.pdf	200	377412	73c8c115c2f701f6a0a19b8fee7808fd70adc52d1f1cb1a922b5bf7190c2db1f	1	1312	
2021	54	2021-04-21	https://www.gesetzblatt.bremen.de/fastmedia/218/2021_04_21_GBl_Nr_0054_signed.pdf	200	377404	0d05b89983806f4bfc0d91d36ebbdd2578621119ab06a1f9b9a80a719cf406ad	1	1311	
2021	55	2021-04-21	https://www.gesetzblatt.bremen.de/fastmedia/218/2021_04_21_GBl_Nr_0055_signed.pdf	200	570667	81050992c32d13ac3cd336037a7971e9aedccb965521afb3e5fb883c39732c32	35	86431	
2021	56	2021-04-23	https://www.gesetzblatt.bremen.de/fastmedia/218/2021_04_23_GBl_Nr_0056_signed.pdf	200	373066	016a814939b3eee71552a53bd84abb4f5fbf166c0caf45c67a5a8f525ddc0e29	1	711	
2021	57	2021-04-23	https://www.gesetzblatt.bremen.de/fastmedia/218/2021_04_23_GBl_Nr_0057_signed.pdf	200	377412	47ea1d12d26a3a692d0908d6f5b844f626791aea7ac1da268d55bee515362349	1	1337	
2021	58	2021-05-06	https://www.gesetzblatt.bremen.de/fastmedia/218/2021_05_06_GBl_Nr_0058_signed.pdf	200	392733	179742d07533cbb130dcf8430d6e3d147da86ee5e55ece734f6d1d647e51daac	4	6349	
2021	59	2021-05-19	https://www.gesetzblatt.bremen.de/fastmedia/218/2021_05_19_GBl_Nr_0059_signed.pdf	200	555959	2c9c4956f683bbea8e19b4d19539f0b33eb2a2b0470b15f73c028647f4129e3c	33	79368	
2021	60	2021-05-20	https://www.gesetzblatt.bremen.de/fastmedia/218/2021_05_20_GBl_Nr_0060_signed.pdf	200	379523	47ea5022ec4aab5585362761618b67ffd053a0894d186246afa57bdd613518e2	1	1554	
2021	61	2021-05-21	https://www.gesetzblatt.bremen.de/fastmedia/218/2021_05_21_GBl_Nr_0061_signed.pdf	200	481183	ca53f5eae47b5d24b599a901939da006a229ef223eee4e79757b937c26f43dc2	16	31425	
2021	62	2021-05-26	https://www.gesetzblatt.bremen.de/fastmedia/218/2021_05_26_GBl_Nr_0062_signed.pdf	200	383097	688ef45de3c63cda15d0fcd560b92b121c6f67e2ac2d63b7b8e0fc7ec6d32e39	2	2117	
2021	63	2021-05-26	https://www.gesetzblatt.bremen.de/fastmedia/218/2021_05_26_GBl_Nr_0063_signed.pdf	200	376438	242ede30dbd262f18edf2cb5a385fc6330cdc9fdf8653df3797d741dcec8d4d6	1	1547	
2021	64	2021-06-11	https://www.gesetzblatt.bremen.de/fastmedia/218/2021_06_11_GBl_Nr_0064_signed.pdf	200	275238	394e3b4b96978d8847c3e801b051dd9c90a1c7a64d268ca37ca9b961bc759b1d	1	1642	
2021	65	2021-06-11	https://www.gesetzblatt.bremen.de/fastmedia/218/2021_06_11_GBl_Nr_0065_signed.pdf	200	275627	d383e7193d67fa854b4ce4c179a8294f20680a46cad31b22dbe9a73f6918ed54	1	1628	
2021	66	2021-06-11	https://www.gesetzblatt.bremen.de/fastmedia/218/2021_06_11_GBl_Nr_0066_signed.pdf	200	380670	9c2266b244abdd12f92801560a53ac1a96f64b49a4b6d088b80087f5e0d401b1	2	2269	
2021	67	2021-06-11	https://www.gesetzblatt.bremen.de/fastmedia/218/2021_06_11_GBl_Nr_0067_signed.pdf	200	378877	329f56153ced8d6e341031bdeb037ef655ba7e13b87abc2c0ca1b3ff1bfb0423	2	1711	
2021	68	2021-06-18	https://www.gesetzblatt.bremen.de/fastmedia/218/GBl_2021_06_18_Nr_0068_signed.pdf	200	421192	2681683009e5f58268bfe21544a6b3e263f6e7b6cfeb3cc4e6856ca88ebe97be	30	73260	
2021	69	2021-06-22	https://www.gesetzblatt.bremen.de/fastmedia/218/2021_06_22_GBl_Nr_0069_signed.pdf	200	377682	9e4d46240451a957abfb4d44ef16a9c23b1ae82c6feb6903179cd714ae181673	1	1519	
2021	70	2021-06-22	https://www.gesetzblatt.bremen.de/fastmedia/218/2021_06_22_GBl_Nr_0070_signed.pdf	200	439366	841db63c17ffe82a312715978b82a0ac8d176d5c0465ffa8169202f1fff7635d	12	23699	
2021	71	2021-06-23	https://www.gesetzblatt.bremen.de/fastmedia/218/2021_06_23_GBl_Nr_0071_signed.pdf	200	420687	e6fddeb787f6d27528c0d6a920fd2e49155c50149dc867e7c5ae7d59a9a5f762	9	16847	
2021	72	2021-06-29	https://www.gesetzblatt.bremen.de/fastmedia/218/2021_06_29_GBl_Nr_0072_signed.pdf	200	276785	f33f1186f18d4fd22595cf199215a405f7279cf2424c1a5260fa49e25f26258a	1	823	
2021	73	2021-06-29	https://www.gesetzblatt.bremen.de/fastmedia/218/2021_06_29_GBl_Nr_0073_signed.pdf	200	275649	cd49e66bc47a1736e5edc5cfba4993b08d060406a9435e8f610dc5ce96b69801	1	1029	
2021	74	2021-07-06	https://www.gesetzblatt.bremen.de/fastmedia/218/2021_07_06_GBl_Nr_0074_signed.pdf	200	374546	163b9a0d9c83e22bdfc4b6a6969f2797a3f4f513d970ed7c69a14c9b33a974bd	1	575	
2021	75	2021-07-08	https://www.gesetzblatt.bremen.de/fastmedia/218/2021_07_08_GBl_Nr_0075_signed.pdf	200	395993	64a5337a307ef725077f1e086d14c7170407022a9436f0df6289bc4afb9bcbd0	3	5190	
2021	76	2021-07-16	https://www.gesetzblatt.bremen.de/fastmedia/218/2021_07_16_GBl_Nr_0076_signed.pdf	200	274638	7c427675b7f9830863ace49980bb74a7c444bbeae2af62d1c196a46d9c9b7b09	1	653	
2021	77	2021-07-16	https://www.gesetzblatt.bremen.de/fastmedia/218/2021_07_16_GBl_Nr_0077_signed.pdf	200	377514	396ae69fd35ae96ab86d8023d40ef0031df589006a667118d86f92b869dd76d5	1	1051	
2021	78	2021-07-19	https://www.gesetzblatt.bremen.de/fastmedia/218/2021_07_19_GBl_Nr_0078_signed.pdf	200	377750	28ff5568440825f581a6ab9440a8b59b531bba136df50e77197b75be62755593	1	1389	
2021	79	2021-07-19	https://www.gesetzblatt.bremen.de/fastmedia/218/2021_07_19_GBl_Nr_0079_signed.pdf	200	544256	3c4b4ae508b911b820dbcfd230182a1fce548ae94bc676cf54afdd4c4423587d	11	12475	
2021	80	2021-07-21	https://www.gesetzblatt.bremen.de/fastmedia/218/2021_07_21_GBl_Nr_0080_signed.pdf	200	376987	801a0a0b516dba67a3b31b1338d35e4d04caf4617418b74190ae720bf5cce0fe	1	1232	
2021	81	2021-07-21	https://www.gesetzblatt.bremen.de/fastmedia/218/2021_07_21_GBl_Nr_0081_signed.pdf	200	377965	2da22da4200ae060e597e9f4a787e1e8babcd341a182b4779c86de981c5d6263	1	1220	
2021	82	2021-07-21	https://www.gesetzblatt.bremen.de/fastmedia/218/2021_07_21_GBl_Nr_0082_signed.pdf	200	439045	6f42157cdf1e9742e0ca2f3ea2294b1469de900c4407ff74e08657e858bcf6ff	10	17886	
2021	83	2021-07-21	https://www.gesetzblatt.bremen.de/fastmedia/218/2021_07_21_GBl_Nr_0083_signed.pdf	200	305271	0a85b5241a02fb6bbb0a76e305a5e438fb89a030bb4d382185a74d6e760d2a69	7	16502	
2021	84	2021-07-22	https://www.gesetzblatt.bremen.de/fastmedia/218/2021_07_22_GBl_Nr_0084_signed.pdf	200	378216	cae386cf141209a2d58a8426f2f28f917018778836adba65f034dad224496949	1	1338	
2021	85	2021-07-22	https://www.gesetzblatt.bremen.de/fastmedia/218/2021_07_22_GBl_Nr_0085_signed.pdf	200	386201	aa9b984d130d244be4e9c957fd53ca412fad1e77626443a4decb7b8ddd0440a6	3	4392	
2021	86	2021-07-22	https://www.gesetzblatt.bremen.de/fastmedia/218/2021_07_22_GBl_Nr_0086_signed.pdf	200	396826	2eca229737d39386e431b924354d5e5098b1ed1eb72ca32f0832520c20cb7eb2	4	6963	
2021	87	2021-07-22	https://www.gesetzblatt.bremen.de/fastmedia/218/2021_07_22_GBl_Nr_0087_signed.pdf	200	379973	424e4df149e2aa75339ca1e04a99ebf78bec780bf8af14cc5c953be0067ebdbc	2	2102	
2021	88	2021-07-23	https://www.gesetzblatt.bremen.de/fastmedia/218/2021_07_23_GBl_Nr_0088_signed.pdf	200	506002	490e00c6280feb6fcdb7d2fe2b98af31bc9f9ed6eece32403ab9dfb064f7ab61	14	28131	
2021	89	2021-07-23	https://www.gesetzblatt.bremen.de/fastmedia/218/2021_07_23_GBl_Nr_0089_signed.pdf	200	398315	693a6dd05deae9420d1f7dd60f8acc87d929e6f7cf7db9c0cc52949f0964a431	6	10376	
2021	90	2021-07-23	https://www.gesetzblatt.bremen.de/fastmedia/218/2021_07_23_GBl_Nr_0090_signed.pdf	200	380171	f96edf559afbb450988343e8554f6f8a274155f75bcbfe33d8641419c57ca907	2	2364	
2021	91	2021-07-27	https://www.gesetzblatt.bremen.de/fastmedia/218/2021_07_27_GBl_Nr_0091_signed.pdf	200	381436	325442f5d18bc13f4687d2da0e653c3d619221b99c6b34d8f976c81d61b77362	2	2631	
2021	92	2021-07-27	https://www.gesetzblatt.bremen.de/fastmedia/218/2021_07_27_GBl_Nr_0092_signed.pdf	200	382516	0c6184b7ec6f0ad5172b7267e4c373f0ecbc31a96c79b45ff12d1885101111fc	2	2046	
2021	93	2021-07-27	https://www.gesetzblatt.bremen.de/fastmedia/218/2021_07_27_GBl_Nr_0093_signed.pdf	200	501237	04cad7145275394ca66619524c51507078f846ab0c28ea33ca928daefebde03d	23	53888	
2021	94	2021-08-05	https://www.gesetzblatt.bremen.de/fastmedia/218/2021_08_05_GBl_Nr_0094_signed.pdf	200	210595	6d65599f4f3b007454d7fe29e45dab4ab3f7e9741f4cbef41742ec65235d778b	2	1939	
2021	95	2021-08-11	https://www.gesetzblatt.bremen.de/fastmedia/218/2021_08_11_GBl_Nr_0095_signed.pdf	200	307980	b21e8078dbb36e74cf4eab7107359b2eac2edf4ea67a0b9608199d3d77fcb1bc	1	1149	
2021	96	2021-08-16	https://www.gesetzblatt.bremen.de/fastmedia/218/2021_08_16_GBl_Nr_0096_signed.pdf	200	206122	a9df330cb3fb2b5916b4f43478ff7df2837d6a9c7fe3ea81404884c402a20dbe	2	2085	
2021	97	2021-08-27	https://www.gesetzblatt.bremen.de/fastmedia/218/2021_08_27_GBl_Nr_0097_signed.pdf	200	206743	283cfb02b4de3aa13133c3c47ff10db616b5e664f4cd9b9f7262a41c02da4feb	1	1058	
2021	98	2021-09-09	https://www.gesetzblatt.bremen.de/fastmedia/218/2021_09_09_GBl_Nr_0098_signed.pdf	200	318952	e18a758659f8d8865016fa0ba58d9383e50d4206e626299cada479df06c59f18	2	3261	
2021	99	2021-09-10	https://www.gesetzblatt.bremen.de/fastmedia/218/2021_09_10_GBl_Nr_0099_signed.pdf	200	359102	0e6c72d6f416eb5668947aec8ed309281dfa4ec74fddcb2e4f706d83e1bda871	7	15207	
2021	100	2021-09-14	https://www.gesetzblatt.bremen.de/fastmedia/218/2021_09_14_GBl_Nr_0100_signed.pdf	200	370868	ede51226fd4ef3deba2618728e6c7047458639a729c3c1373fc5a0c32dddcad8	5	8385	
2021	101	2021-09-16	https://www.gesetzblatt.bremen.de/fastmedia/218/2021_09_16_GBl_Nr_0101_signed.pdf	200	320488	bbe3f4804e51d16cd45456c831d00f57a170956382b2f0c4ccba1b02f81366ec	3	6478	
2021	102	2021-09-27	https://www.gesetzblatt.bremen.de/fastmedia/218/2021_09_27_GBl_Nr_0102_signed.pdf	200	305996	04528606a5b94bd991aecdb401436cd69fd4855b079a839e4e76ad264caad026	1	1518	
2021	103	2021-09-27	https://www.gesetzblatt.bremen.de/fastmedia/218/2021_09_27_GBl_Nr_0103_signed.pdf	200	334611	6d543d3ab4993edae40eef46b5382be3205aec0534399e0e54edbeda74608a58	3	5112	
2021	104	2021-09-30	https://www.gesetzblatt.bremen.de/fastmedia/218/2021_09_30_GBl_Nr_0104_signed.pdf	200	451083	bc789fb2b29c21ebe6e105758809950abb9c94c8954dde48adce651776fb0ed1	27	65610	
2021	105	2021-10-01	https://www.gesetzblatt.bremen.de/fastmedia/218/2021_10_01_GBl_Nr_0105_signed.pdf	200	208017	5db3dd425b8e9171bd94dcefc70af721b9cd1924d3196847d336742eec05d6f9	2	2980	
2021	106	2021-10-22	https://www.gesetzblatt.bremen.de/fastmedia/218/2021_10_22_GBl_Nr_0106_signed.pdf	200	208133	d97e0c61a261eca72d3143c909e5b299df3da6edb5c1fe2ef36fb2c1af65d142	1	841	
2021	107	2021-10-22	https://www.gesetzblatt.bremen.de/fastmedia/218/2021_10_22_GBl_Nr_0107_signed.pdf	200	306459	9faddaa024c2c0b967f7112adfb04541b032dedd63637aec413c88fa07394282	1	1111	
2021	108	2021-10-22	https://www.gesetzblatt.bremen.de/fastmedia/218/2021_10_22_GBl_Nr_0108_signed.pdf	200	331779	b996548d8c943cb30c8719f4130eb083c274adf08cfdb0b39452b2b188622b7e	5	9311	
2021	109	2021-10-22	https://www.gesetzblatt.bremen.de/fastmedia/218/2021_10_22_GBl_Nr_0109_signed.pdf	200	312596	e8e22113ca3b1c053193abd9de183591bbdc86ca5ebec73304652662b5db1f3d	2	2864	
2021	110	2021-10-25	https://www.gesetzblatt.bremen.de/fastmedia/218/2021_10_25_GBl_Nr_0110_signed.pdf	200	327610	f8bc77b2c6e5299dfa1825dfed9c2362cca4744bcc359bb6bce4cd5d9e5543ed	4	6345	
2021	111	2021-10-25	https://www.gesetzblatt.bremen.de/fastmedia/218/2021_10_25_GBl_Nr_0111_signed.pdf	200	212960	335810cad5dcc394be057aae4d72891ee7cafcb0805ad230ff1bc48118956366	1	1385	
2021	112	2021-10-27	https://www.gesetzblatt.bremen.de/fastmedia/218/2021_10_27_GBl_Nr_0112_signed.pdf	200	237263	986e18535b98fe11e12bc1046ff341a2b85b8f466efbde41727b640a1ac17375	4	6836	
2021	113	2021-10-28	https://www.gesetzblatt.bremen.de/fastmedia/218/2021_10_28_GBl_Nr_0113_signed.pdf	200	213067	8132335046aded53de003b041863e3508fb0efb499348eb27f0e417fcc4ee460	3	4875	
2021	114	2021-11-03	https://www.gesetzblatt.bremen.de/fastmedia/218/2021_11_03_GBl_Nr_0114_signed.pdf	200	207699	b9a478e7625a20f4aca0e0198f249530591dc0c57f363ab17ef0ef3977c17ac0	1	1004	
2021	115	2021-11-10	https://www.gesetzblatt.bremen.de/fastmedia/218/2021_11_10_GBl_Nr_0115_signed.pdf	200	316984	0c2b4706e2c5a43834139b68e0ffe9da8075e23c35e4f47078f1b711e05c6b4c	3	5562	
2021	116	2021-11-12	https://www.gesetzblatt.bremen.de/fastmedia/218/2021_11_12_GBl_Nr_0116_signed.pdf	200	309909	e5466958ba42579d4e70233adefa545bcee246b955d912f9dbe635b9137b9cd4	1	1440	
2021	117	2021-11-15	https://www.gesetzblatt.bremen.de/fastmedia/218/2021_11_15_GBl_Nr_0117_signed.pdf	200	298336	49b7ca62a3d78ee785e95a942902b3d69b41cf8d7ba4597c7d09b59ea33c9a9e	1	500	
2021	118	2021-11-16	https://www.gesetzblatt.bremen.de/fastmedia/218/2021_11_16_GBl_Nr_0118_signed.pdf	200	304634	33de0d6e1e4b4d07581127485b69d2b388962e95bf0f3655381f5b333d42fb8d	1	673	
2021	119	2021-11-24	https://www.gesetzblatt.bremen.de/fastmedia/218/2021_11_24_GBl_Nr_0119_signed.pdf	200	377359	532cb41870c327020735aee6043bb8cade3d92aea0e9e942c4854549552ce4ca	14	32874	
2021	120	2021-11-24	https://www.gesetzblatt.bremen.de/fastmedia/218/2021_11_24_GBl_Nr_0120_signed.pdf	200	307216	a0723fe8ca7a5f73727b260ec3878dceb2f4cc2d7f142abed7df806b1bacdab9	1	1258	
2021	121	2021-11-24	https://www.gesetzblatt.bremen.de/fastmedia/218/2021_11_24_GBl_Nr_0121_signed.pdf	200	329216	fce2c476391023c7683cd4d71a4f4a924f0f43c3a6a920eae921af7a862ed5d5	4	7649	
2021	122	2021-11-26	https://www.gesetzblatt.bremen.de/fastmedia/218/2021_11_26_GBl_Nr_0122_signed.pdf	200	308301	57035ff5aa9920b6e622785c851c72fee44c2cad1d4c408b080fff779b8668ee	1	1487	
2021	123	2021-11-26	https://www.gesetzblatt.bremen.de/fastmedia/218/2021_11_26_GBl_Nr_0123_signed.pdf	200	308632	e99fac0234641cfed1d4a3c7ef0fcea31718d0e33b64ab230df5c3c9c64d07c9	1	1496	
2021	124	2021-11-26	https://www.gesetzblatt.bremen.de/fastmedia/218/2021_11_26_GBl_Nr_0124_signed.pdf	200	202405	65f0fe61563ce0f665d79064215a152a158bdc5541b1759cda3861a93a186035	1	581	
2021	125	2021-11-26	https://www.gesetzblatt.bremen.de/fastmedia/218/2021_11_26_GBl_Nr_0125_signed.pdf	200	551499	0c8c9b9b82247e13c6932b8ecfb32bd1f53e4a8244cd3f6baccbe560274107b8	3	2980	
2021	126	2021-11-29	https://www.gesetzblatt.bremen.de/fastmedia/218/2021_11_29_GBl_Nr_0126_signed.pdf	200	312389	7f2c9599e52aa53df9f69e2a5f88e5a627e14462e5b5ac0bb23b206e9adf3a42	2	2093	
2021	127	2021-11-29	https://www.gesetzblatt.bremen.de/fastmedia/218/2021_11_29_GBl_Nr_0127_signed.pdf	200	423228	79ae301552c2b1bad5f013983f576d1d84c9e896a4d37ace48b3fc2e5857e329	7	12129	
2021	128	2021-12-01	https://www.gesetzblatt.bremen.de/fastmedia/218/2021_12_01_GBl_Nr_0128_signed.pdf	200	320931	a9ae640378c1b25de292d61dcd3ed4019b1d896ae2a86e7e29147f9cbf6ca05c	3	4104	
2021	129	2021-12-01	https://www.gesetzblatt.bremen.de/fastmedia/218/2021_12_01_GBl_Nr_0129_signed.pdf	200	307709	8b87a00d370f20a5e95b9274b818433ad3b2ab633bf1387543f17ee5f7ec10af	1	1500	
2021	130	2021-12-03	https://www.gesetzblatt.bremen.de/fastmedia/218/2021_12_03_GBl_Nr_0130_signed.pdf	200	327869	7e5b8c2bde5b52925d4148cc249ce82761aaec20cb7e8eaa0eaf606891e08893	5	8998	
2021	131	2021-12-03	https://www.gesetzblatt.bremen.de/fastmedia/218/2021_12_03_GBl_Nr_0131_signed.pdf	200	361704	515527bb63ada640867fe4716e8ea43d9639d2e2b11a4d5a16b09880e5a14dc2	8	13636	
2021	132	2021-12-03	https://www.gesetzblatt.bremen.de/fastmedia/218/2021_12_03_GBl_Nr_0132_signed.pdf	200	349771	57cd1dc64a291df307cd49445cc7b1730ff51396453d2002334c7f7238d7cb63	6	11684	
2021	133	2021-12-07	https://www.gesetzblatt.bremen.de/fastmedia/218/2021_12_07_GBl_Nr_0133_signed.pdf	200	367423	29252d619e400a7a0179c8702624abbd707c7d61680df516d5ceae0752c4ebb8	5	6290	
2021	134	2021-12-07	https://www.gesetzblatt.bremen.de/fastmedia/218/2021_12_07_GBl_Nr_0134_signed.pdf	200	2732821	b0dcccd9b15b6d1bad05af1364354d223e5febdc2002a123bcb86852cc54ce42	12	2168	
2021	135	2021-12-08	https://www.gesetzblatt.bremen.de/fastmedia/218/2021_12_08_GBl_Nr_0135_signed.pdf	200	197378	b44d8e6fb8e0c232c33a5da6831637ffda4da5c947eed58639aa76532633164d	1	368	
2021	136	2021-12-09	https://www.gesetzblatt.bremen.de/fastmedia/218/2021_12_09_GBl_Nr_0136_signed.pdf	200	310102	31d7d89a35d9949082fcb1b59568a9919b495dbc410287e408e161393b8077ea	1	1538	
2021	137	2021-12-16	https://www.gesetzblatt.bremen.de/fastmedia/218/2021_12_16_GBl_Nr_0137_signed.pdf	200	208004	afcfbc645362c267bd8ecb51b1d8c0cd1a1da82a756ee2f21dffc1ef7f7a33f5	1	969	
2021	138	2021-12-21	https://www.gesetzblatt.bremen.de/fastmedia/218/2021_12_21_GBl_Nr_0138_signed.pdf	200	387435	18c115924949b3e5be375f952a01657b5baabc2eceb84ec11a614aaf6f2e7b9f	3	2168	
2021	139	2021-12-21	https://www.gesetzblatt.bremen.de/fastmedia/218/2021_12_21_GBl_Nr_0139_signed.pdf	200	407080	71c468b0383c1b5be5d5ce0c9680716e8563be361a0b90f3c3d252ec6ac114ae	20	40781	
2021	140	2021-12-21	https://www.gesetzblatt.bremen.de/fastmedia/218/2021_12_21_GBl_Nr_0140_signed.pdf	200	406703	656d20de8216f080d385e89b96c3c8a26d09fe6ea8a692d03bed23fe5b9fe3e8	20	41325	
2021	141	2021-12-21	https://www.gesetzblatt.bremen.de/fastmedia/218/2021_12_21_GBl_Nr_0141_signed.pdf	200	385607	eb7eefc42cd8ce736f30e548c4b6958eb1c0684e851ad7fdf4e99356ed35bb6a	3	2155	
2021	142	2021-12-22	https://www.gesetzblatt.bremen.de/fastmedia/218/2021_12_22_GBl_Nr_0142_signed.pdf	200	412707	70fb46c8065e6126492984756d608b7d93b5f6560fa4b9acc5316810b7501002	22	44067	
2021	143	2021-12-22	https://www.gesetzblatt.bremen.de/fastmedia/218/2021_12_22_GBl_Nr_0143_signed.pdf	200	411877	1b173f3b9fa8f80155f2fbe6ffa061b5ebcb7a4a9ab0c9b5cbb5b1b9e02dde4b	22	44900	
2021	144	2021-12-22	https://www.gesetzblatt.bremen.de/fastmedia/218/2021_12_22_GBl_Nr_0144_signed.pdf	200	305267	684abd44041df1e9b5c3b3fa10f45bcae54e4d93cb99284b18571a8fdab796d9	1	863	
2021	145	2021-12-22	https://www.gesetzblatt.bremen.de/fastmedia/218/2021_12_22_GBl_Nr_0145_signed.pdf	200	556018	7b6e3aeedd61f3ce5236c14ebe17d26f4284860ce779bcaba44cc2de7af264c4	27	51983	
2021	146	2021-12-23	https://www.gesetzblatt.bremen.de/fastmedia/218/2021_12_23_GBl_Nr_0146_signed.pdf	200	323410	952de09ab9a6e0d1b6fd0494d6e65978caa2d8749e8de2da1681fb2e5158b065	3	5577	
2021	147	2021-12-23	https://www.gesetzblatt.bremen.de/fastmedia/218/2021_12_23_GBl_Nr_0147_signed.pdf	200	358300	e25b3db399672536362176ef01ac7009d985f860f688048dbfc87b77841bdafa	9	18868	
2021	148	2021-12-23	https://www.gesetzblatt.bremen.de/fastmedia/218/2021_12_23_GBl_Nr_0148_signed.pdf	200	307707	59c4ba0e9a6a8fdea642593e8a4a5878a4baaaa3f6f9ade77f816c871af2fc23	1	1005	
2021	149	2021-12-23	https://www.gesetzblatt.bremen.de/fastmedia/218/2021_12_23_GBl_Nr_0149_signed.pdf	200	334111	195032bff995a319e858b60ac9b0731833747cefc4a49ce05eaa50a021241613	3	4962	
2021	150	2021-12-27	https://www.gesetzblatt.bremen.de/fastmedia/218/2021_12_27_GBl_Nr_0150_signed.pdf	200	303805	0a2ba89a5458ab2bcc59756be4cdc438de9e858bfc30ecc14cc429f90aeb87dd	1	869	
2021	151	2021-12-27	https://www.gesetzblatt.bremen.de/fastmedia/218/2021_12_27_GBl_Nr_0151_signed.pdf	200	306804	f0db5a8fabc6161db992d54f0f9b876d4305b016cfddc686b9879e79efcc5696	1	839	
2021	152	2021-12-27	https://www.gesetzblatt.bremen.de/fastmedia/218/2021_12_27_GBl_Nr_0152_signed.pdf	200	308958	a10a282ca97ce73189c182238cc472d0f10ed31cf9ae24722258d48fa3e95738	2	1878	
2021	153	2021-12-27	https://www.gesetzblatt.bremen.de/fastmedia/218/2021_12_27_GBl_Nr_0153_signed.pdf	200	1565292	4202d44780c1ece0d808838dcf63dff03958a02c18c11a0c611d1c8aa34a4970	6	1299	
2021	154	2021-12-28	https://www.gesetzblatt.bremen.de/fastmedia/218/2021_12_28_GBl_Nr_0154_signed.pdf	200	320212	78f754c2abdc58f6f77acf9763f0327a70d929984fc33cd0a5c7200ebd7857cd	3	5876	
2021	155	2021-12-28	https://www.gesetzblatt.bremen.de/fastmedia/218/2021_12_28_GBl_Nr_0155_signed.pdf	200	322552	0dfa24e39ae82f141a3a652edfb9d9451bb75347e479578f59d18f8cb6dc35de	3	5110	
2021	156	2021-12-28	https://www.gesetzblatt.bremen.de/fastmedia/218/2021_12_28_GBl_Nr_0156_signed.pdf	200	316754	0a56aa0eb4bdf486d5ae73a2ad62b330f01db6fed69c10d472a5a8f940fab170	2	2294	
2021	157	2021-12-28	https://www.gesetzblatt.bremen.de/fastmedia/218/2021_12_28_GBl_Nr_0157_signed.pdf	200	206667	028590c9b1bf5da617fc07bfd2898876be9ced83aa43d339fb97843e5a1183d8	1	1409	
2021	158	2021-12-29	https://www.gesetzblatt.bremen.de/fastmedia/218/2021_12_29_GBl_Nr_0158_signed.pdf	200	311284	1baf0fd28f076968d7829ddf7934c837d6e1d8a0c16f624e002620966a028ed1	1	1172	
2022	1	2022-01-04	https://www.gesetzblatt.bremen.de/fastmedia/218/2022_01_04_GBl_Nr_0001_signed.pdf	200	200329	eca781109593941a077af00157bcc207692e7a735a90995418aeef81239e4b45	1	627	
2022	2	2022-01-07	https://www.gesetzblatt.bremen.de/fastmedia/218/2022_01_07_GBl_Nr_0002_signed.pdf	200	222147	6cde59af85e68a18d685289262576cd51d136a4f86fcf021a03faa806b7d97bb	3	6817	
2022	3	2022-01-10	https://www.gesetzblatt.bremen.de/fastmedia/218/2022_01_10_GBl_Nr_0003_signed.pdf	200	198346	6415793d1e76eaae4bb3354a07f4f2466ac3a75e7dafb08a9fe22750860cae16	1	374	
2022	4	2022-01-13	https://www.gesetzblatt.bremen.de/fastmedia/218/2022_01_13_GBl_Nr_0004_signed.pdf	200	214932	a206e00946b5de95ceea7cda6594b35fbfc7949f623ae299c5b5af6771bd41e9	3	4393	
2022	5	2022-01-17	https://www.gesetzblatt.bremen.de/fastmedia/218/2022_01_17_GBl_Nr_0005_signed.pdf	200	320351	5fb79f23dabab739b7dd5d23e10fed29575e995882d89a30fcf20a3d8e0d8904	3	8364	
2022	6	2022-01-20	https://www.gesetzblatt.bremen.de/fastmedia/218/2022_01_20_GBl_Nr_0006_signed.pdf	200	451528	eaff426d488d2580217e31310ab5af7a72bdb0c3c95a148778549ebc88c60d4d	28	70499	
2022	7	2022-01-26	https://www.gesetzblatt.bremen.de/fastmedia/218/2022_01_26_GBl_Nr_0007_signed.pdf	200	311916	b83e7087f80a71ec328ac21a0b52f83c89b2e7545c343e6fb9467595548c61c6	2	2451	
2022	8	2022-01-27	https://www.gesetzblatt.bremen.de/fastmedia/218/2022_01_27_GBl_Nr_0008_signed.pdf	200	513970	8400b78087362aa32f3be9ad496ed7e144d692cf3a4be27097eb56ed2c7c107e	30	59445	
2022	9	2022-01-31	https://www.gesetzblatt.bremen.de/fastmedia/218/2022_01_31_GBl_Nr_0009_signed.pdf	200	206247	bea7502e5656380a7081ece9fdb985c3eb7944c35e81a786f5f339688254ffa8	1	922	
2022	10	2022-02-04	https://www.gesetzblatt.bremen.de/fastmedia/218/2022_02_04_GBl_Nr_0010_signed.pdf	200	318074	4d63bdef0111376f9464a211413e3dcd1fb07a86960a202c2eb5b130c57df438	3	5944	
2022	11	2022-02-08	https://www.gesetzblatt.bremen.de/fastmedia/218/2022_02_08_GBl_Nr_0011_signed.pdf	200	312678	6e3f3df428f7aa35f9e90285abd0f44a129e02dc69a33767018bee78b5e90033	2	2962	
2022	12	2022-02-09	https://www.gesetzblatt.bremen.de/fastmedia/218/2022_02_09_GBl_Nr_0012_signed.pdf	200	357779	fa8ae0dcbb855926b43c18c102c2373887bcb11f487931a82865c91bf048a81a	10	21868	
2022	13	2022-02-09	https://www.gesetzblatt.bremen.de/fastmedia/218/2022_02_09_GBl_Nr_0013_signed.pdf	200	314301	37feee8f12d295bbb878a4ce56186db28390c5bd4bbbea61f95dcb49130ba1d7	2	2154	
2022	14	2022-02-18	https://www.gesetzblatt.bremen.de/fastmedia/218/2022_02_18_GBl_Nr_0014_signed.pdf	200	367151	c486dc63d780fd3fe69fc3bdbabb8eab950ab1dfec4cd6feb1e9d0cee3fe02cd	6	8388	
2022	15	2022-02-18	https://www.gesetzblatt.bremen.de/fastmedia/218/2022_02_18_GBl_Nr_0015_signed.pdf	200	305232	7ae0c8156fad7a6f2ef119a5395978601fb458ad39bb23b33f827751a4b05f6a	1	1355	
2022	16	2022-02-22	https://www.gesetzblatt.bremen.de/fastmedia/218/2022_02_22_GBl_Nr_0016_signed.pdf	200	213047	cf7d73b084f7b6c944747df7f3759911e177371c8807c0730e4d63df7a06b3b7	2	1925	
2022	17	2022-02-23	https://www.gesetzblatt.bremen.de/fastmedia/218/2022_02_23_GBl_Nr_0017_signed.pdf	200	388632	b7a10a6a5340c03549395b852c0de615688edaf2a8235e60643100c5d66b0b29	38	52642	
2022	18	2022-02-24	https://www.gesetzblatt.bremen.de/fastmedia/218/2022_02_24_GBl_Nr_0018_signed.pdf	200	207900	52e3efe5b4a338a9e080857c79864b49929f99c36e10c98586947d388f7c5af4	2	1761	
2022	19	2022-02-25	https://www.gesetzblatt.bremen.de/fastmedia/218/2022_02_25_GBl_Nr_0019_signed.pdf	200	225175	a3062cef86fcf2d83eaa31668e3a86f9f4127cecacc21eed5962a794dafec317	3	5787	
2022	20	2022-03-08	https://www.gesetzblatt.bremen.de/fastmedia/218/2022_03_08_GBl_Nr_0020_signed.pdf	200	208610	abcacbe9a984229e538fb0ec272eadb81c866ffc32ead2f8bbe332f52ebd2f65	1	1399	
2022	21	2022-03-11	https://www.gesetzblatt.bremen.de/fastmedia/218/2022_03_11_GBl_Nr_0021_signed.pdf	200	305913	56702d7eb83a61d440591eef6abec6d11bec4e026f2d16d1348d5ee67e11a0b4	1	1588	
2022	22	2022-03-18	https://www.gesetzblatt.bremen.de/fastmedia/218/2022_03_18_GBl_Nr_0022_signed.pdf	200	308024	f55ff1a3bab3391b3d6d184bc88461302b475d6a7bde0525fdd7c309fb5f932d	1	1125	
2022	23	2022-03-23	https://www.gesetzblatt.bremen.de/fastmedia/218/2022_03_23_GBl_Nr_0023_signed.pdf	200	304991	df69da2ac151b51d15637f708a9105a39c858f3ad72c2c8f1fd9da7b27c8a0ae	1	1097	
2022	24	2022-03-23	https://www.gesetzblatt.bremen.de/fastmedia/218/2022_03_23_GBl_Nr_0024_signed.pdf	200	304246	dc532a2a1362e0065e82f3cde56eb671b6616b0f0ced91171a11115b449896b3	1	1485	
2022	25	2022-03-23	https://www.gesetzblatt.bremen.de/fastmedia/218/2022_03_23_GBl_Nr_0025_signed.pdf	200	208337	750c8873b3906df22c6bdf4b4e33aa002522991f1942de4ddee277c3b6bac6fc	2	1880	
2022	26	2022-03-23	https://www.gesetzblatt.bremen.de/fastmedia/218/2022_03_23_GBl_Nr_0026_signed.pdf	200	337272	21b5938a6e26305ea58c346d0130cae0cb805d81c50151886d7a6905d33cf5c4	5	9579	
2022	27	2022-03-24	https://www.gesetzblatt.bremen.de/fastmedia/218/2022_03_24_GBl_Nr_0027_signed.pdf	200	334922	6b54fb1550673b916a77ab907d4d1d27c7fb6ba6610331f00b96daeb815d1e6a	5	11347	
2022	28	2022-03-30	https://www.gesetzblatt.bremen.de/fastmedia/218/2022_03_30_GBl_Nr_0028_signed.pdf	200	306378	f751849d50467fc4c157de777e2120a47e207ac36d29a81a1122a83e485447e6	1	1212	
2022	29	2022-03-30	https://www.gesetzblatt.bremen.de/fastmedia/218/2022_03_30_GBl_Nr_0029_signed.pdf	200	308748	7badccb8c4532d512439f114e24bae56687f5b6323a1b5b5331427d8bc575a63	1	908	
2022	30	2022-04-01	https://www.gesetzblatt.bremen.de/fastmedia/218/2022_04_01_GBl_Nr_0030_signed.pdf	200	316085	d4b1e45802dc9c6a01059eeed12c7ea6f517607f9896222407c6e74630e948d4	2	3815	
2022	31	2022-04-05	https://www.gesetzblatt.bremen.de/fastmedia/218/2022_04_05_GBl_Nr_0031_signed.pdf	200	314539	693e727e486fd2f054b25a3487fc67f039ed41259cfb101b848d07a3cd4614f9	2	3342	
2022	32	2022-04-05	https://www.gesetzblatt.bremen.de/fastmedia/218/2022_04_05_GBl_Nr_0032_signed.pdf	200	310082	948e8651201b0b03f45930321a18fe6a9e9d8fc8acbc38c582329d5af497ecfe	1	1662	
2022	33	2022-04-06	https://www.gesetzblatt.bremen.de/fastmedia/218/2022_04_06_GBl_Nr_0033_signed.pdf	200	528325	783f95cfd5f7aebc1e59d57e84a837159ed385f841f12fb412fd43b68a040b03	27	57220	
2022	34	2022-04-07	https://www.gesetzblatt.bremen.de/fastmedia/218/2022_04_07_GBl_Nr_0034_signed.pdf	200	302948	6ec1b6d26f54fc0db65a61396b26e6eae99b22adaf6e3e2b934060796910fb2d	1	962	
2022	35	2022-04-07	https://www.gesetzblatt.bremen.de/fastmedia/218/2022_04_07_GBl_Nr_0035_signed.pdf	200	309774	2e5209d4abddbc849b2b6515a6fd0a12ec091ab3a189c70493f86be5aa510704	2	3100	
2022	36	2022-04-08	https://www.gesetzblatt.bremen.de/fastmedia/218/2022_04_08_GBl_Nr_0036_signed.pdf	200	312922	601fa877a6c849768367dcaf30d2eeb0a4634ba6381f8a5aab9f98e9bf02f292	2	2278	
2022	37	2022-04-08	https://www.gesetzblatt.bremen.de/fastmedia/218/2022_04_08_GBl_Nr_0037_signed.pdf	200	310912	1f4a08f971ab822947adcbe1d8f760d7b446a31ca68dc5d05ca369800d57386e	2	1886	
2022	38	2022-04-08	https://www.gesetzblatt.bremen.de/fastmedia/218/2022_04_08_GBl_Nr_0038_signed.pdf	200	319908	247bab425124020cd057ff5eb2e6adf44d9638208e4b89da1aea4b5b51c2419a	3	4118	
2022	39	2022-04-08	https://www.gesetzblatt.bremen.de/fastmedia/218/2022_04_08_GBl_Nr_0039_signed.pdf	200	311588	890f3ea060ebe56319b7edf61a969041150f66913dbf3d96aafbf24987350db1	2	2423	
2022	40	2022-04-11	https://www.gesetzblatt.bremen.de/fastmedia/218/2022_04_11_GBl_Nr_0040_signed.pdf	200	3490040	022d0c86e1ef4488cdd565add4ebb5548d74292bbf2162ac19757075a7d9ee50	15	1815	
2022	41	2022-04-11	https://www.gesetzblatt.bremen.de/fastmedia/218/2022_04_11_GBl_Nr_0041_signed.pdf	200	323736	fcf0d57465b3a4501f4149424121fc2a54d39cbfb3a3a0f349275a80ac9971aa	3	4954	
2022	42	2022-04-11	https://www.gesetzblatt.bremen.de/fastmedia/218/2022_04_11_GBl_Nr_0042_signed.pdf	200	314246	3553db8aa2dd8fef9b099e16a9573311fd74219c961622847e58abd635869c97	2	2928	
2022	43	2022-04-11	https://www.gesetzblatt.bremen.de/fastmedia/218/2022_04_11_GBl_Nr_0043_signed.pdf	200	308373	1d2470c8c4ea4c073c70867f4a163823ae7d6cb198e0c3786a3373d028fd8254	1	1665	
2022	44	2022-04-12	https://www.gesetzblatt.bremen.de/fastmedia/218/2022_04_12_GBl_Nr_0044_signed.pdf	200	216694	af95a308c93a8cf2d5b2e257b81679ef957b14fb45865c5fc19ce3929f50c52e	4	7419	
2022	45	2022-04-12	https://www.gesetzblatt.bremen.de/fastmedia/218/2022_04_12_GBl_Nr_0045_signed.pdf	200	5161129	80f368e77846ad94ac5616e8130e8d2dc216856475fb96386c18f4a48531df93	14	2220	
2022	46	2022-04-29	https://www.gesetzblatt.bremen.de/fastmedia/218/2022_04_29_GBl_Nr_0046_signed.pdf	200	312901	e0ebddcde002e73f1faa5772976e97482fe1c3c6277177632440fdeb05171b15	2	1867	
2022	47	2022-05-12	https://www.gesetzblatt.bremen.de/fastmedia/218/2022_05_12_GBl_Nr_0047_signed.pdf	200	364175	6440f7a17e979c2793fd5e06bf8fae375bf8c7b1ea13b5e9f37f2595fedcc221	14	29320	
2022	48	2022-05-13	https://www.gesetzblatt.bremen.de/fastmedia/218/2022_05_13_GBl_Nr_0048_signed.pdf	200	311881	ed5513406a498d2c6f0c85f8b2b1e8019f61c9c0740b650daf0da3b6b2fea61a	2	1898	
2022	49	2022-05-13	https://www.gesetzblatt.bremen.de/fastmedia/218/2022_05_13_GBl_Nr_0049_signed.pdf	200	216010	427c476e3f5d497703a552c8c74efbca49e73a87e1d420806c1bdae0a3abf8bb	2	3369	
2022	50	2022-05-17	https://www.gesetzblatt.bremen.de/fastmedia/218/2022_05_17_GBl_Nr_0050_signed.pdf	200	203906	6765ead06444ea710a44c36c53bcd9115bd9696d44a599d1d935a27ee012cf5d	1	1606	
2022	51	2022-05-17	https://www.gesetzblatt.bremen.de/fastmedia/218/2022_05_17_GBl_Nr_0051_signed.pdf	200	209785	42a185f56ca7e9dcc1b760c5f13d2f5739db1a4ec98f14e7f871647159fc1c1c	1	1623	
2022	52	2022-05-18	https://www.gesetzblatt.bremen.de/fastmedia/218/2022_05_18_GBl_Nr_0052_signed.pdf	200	210332	182e0dd4859e73057b9064ee5e7e952a7f665df7fa988e43ac7bf79345b2b594	2	1644	
2022	53	2022-05-19	https://www.gesetzblatt.bremen.de/fastmedia/218/2022_05_19_GBl_Nr_0053_signed.pdf	200	322957	9ab30b51db5d02af7b0d69dfd141e731044851510869b4253129eb65689866ad	3	5288	
2022	54	2022-05-24	https://www.gesetzblatt.bremen.de/fastmedia/218/2022_05_24_GBl_Nr_0054_signed.pdf	200	316019	fd3c5c0eb95c4e132c67dee9b9dd0124a105f7f0262ae24baa7192462347dc40	2	2662	
2022	55	2022-05-25	https://www.gesetzblatt.bremen.de/fastmedia/218/2022_05_25_GBl_Nr_0055_signed.pdf	200	230163	5922c93fcdb50aab877057392f3429a1c82318119900b76d17885de4d8dcdcd3	5	9027	
2022	56	2022-05-31	https://www.gesetzblatt.bremen.de/fastmedia/218/2022_05_31_GBl_Nr_0056_signed.pdf	200	227430	12c51f77b009a3e9244c7d9ff88628ba205a674e1975e610d31f8c42bc2cb2d8	1	1012	
2022	57	2022-05-31	https://www.gesetzblatt.bremen.de/fastmedia/218/2022_05_31_GBl_Nr_0057_signed.pdf	200	224255	983bca8734d12ba8b3d27a214bf92305ec6ed7275b39e976f5898a41b885f46e	1	1567	
2022	58	2022-06-13	https://www.gesetzblatt.bremen.de/fastmedia/218/2022_06_13_GBl_Nr_0058_signed.pdf	200	205336	f08c06c7d4704ca38bc89dfeb82d6e5ee54c3388395e1aa5eedcf84d7e9c2424	1	1102	
2022	59	2022-06-14	https://www.gesetzblatt.bremen.de/fastmedia/218/2022_06_14_GBl_Nr_0059_signed.pdf	200	241399	43ffb366baed4e801b8dc2503d92a13ef8890103bf3e89953ad410da2ff2eeb4	3	3666	
2022	60	2022-06-24	https://www.gesetzblatt.bremen.de/fastmedia/218/2022_06_24_GBl_Nr_0060_signed.pdf	200	304220	32999fb12d9b25a01e883a28cfc2fbac6a8e0e33a5419909812dde639dac0dfb	1	1041	
2022	61	2022-06-30	https://www.gesetzblatt.bremen.de/fastmedia/218/2022_06_30_GBl_Nr_0061_signed.pdf	200	383818	cfb5c6458e64eefb0930a79714d0570b12e2d11791e511a82b9dca341cff1632	14	30015	
2022	62	2022-07-05	https://www.gesetzblatt.bremen.de/fastmedia/218/2022_07_05_GBl_Nr_0062_signed.pdf	200	1341379	36ce64e17e5b83da41296f6160eeaf35b93fa593931dc839a290aaba49e0f78a	72	153404	
2022	63	2022-07-05	https://www.gesetzblatt.bremen.de/fastmedia/218/2022_07_05_GBl_Nr_0063_signed.pdf	200	304031	94e76d1dfbeee69a2560b1869357f82913455c2bf81f3f3aaa559c43c539a167	1	1084	
2022	64	2022-07-05	https://www.gesetzblatt.bremen.de/fastmedia/218/2022_07_05_GBl_Nr_0064_signed.pdf	200	312464	deaf4f77aad4ff2e171d419de44e24810fe0017f1ead2a2d64e73f580c660667	2	2108	
2022	65	2022-07-05	https://www.gesetzblatt.bremen.de/fastmedia/218/2022_07_05_GBl_Nr_0065_signed.pdf	200	306990	4ce959b1a3e861709ea81856f9b84fbdfd1bc29253b44e9218a57b216557b297	1	1463	
2022	66	2022-07-08	https://www.gesetzblatt.bremen.de/fastmedia/218/2022_07_08_GBl_Nr_0066_signed.pdf	200	305351	a22b5d91540f3c2aa284424e5e065f7abc59d66ad774ade3cf4dcbf893e3f2f8	1	486	
2022	67	2022-07-15	https://www.gesetzblatt.bremen.de/fastmedia/218/2022_07_15_GBl_Nr_0067_signed.pdf	200	314748	138299043e59c82127e4dfc510a953888ef79f852f4e7390020534109d8103f0	2	3477	
2022	68	2022-07-15	https://www.gesetzblatt.bremen.de/fastmedia/218/2022_07_15_GBl_Nr_0068_signed.pdf	200	313075	aa539c59520ce5cbe46a5bc056316d4924962a82366a96f20051bbad4d5beb89	2	2159	
2022	69	2022-07-19	https://www.gesetzblatt.bremen.de/fastmedia/218/2022_07_19_GBl_Nr_0069_signed.pdf	200	203201	f32f9c61806974c18286348e69d09ccc2455dfb6fff2c196a54a39542b33c9bc	1	1445	
2022	70	2022-07-21	https://www.gesetzblatt.bremen.de/fastmedia/218/2022_07_21_GBl_Nr_0070_signed.pdf	200	335893	9506731b1b4dc63646d51caa8ad34b02903ab7600a67369ce4ace3f5077c2525	7	13720	
2022	71	2022-07-21	https://www.gesetzblatt.bremen.de/fastmedia/218/2022_07_21_GBl_Nr_0071_signed.pdf	200	342019	a9bbf3e7ed8599509d7336a35d6a830997f67ceea679115c4498dfc0fa6126f4	8	15954	
2022	72	2022-07-22	https://www.gesetzblatt.bremen.de/fastmedia/218/2022_07_22_GBl_Nr_0072_signed.pdf	200	207326	f47e36cd904246d49992ebc385486ac6b5ea029eb7d74072126dfedca171b0d1	1	969	
2022	73	2022-07-22	https://www.gesetzblatt.bremen.de/fastmedia/218/2022_07_22_GBl_Nr_0073_signed.pdf	200	199622	2b4a79ad8d3d021d0775903564b1c120257fc010ff3a686a1dc1d2dd73caa797	1	472	
2022	74	2022-07-25	https://www.gesetzblatt.bremen.de/fastmedia/218/2022_07_25_GBl_Nr_0074_signed.pdf	200	308490	02d11468c35b209d809313c49a7250d8b25d2699cb8cc3714a78be57119ae7b4	2	1634	
2022	75	2022-07-25	https://www.gesetzblatt.bremen.de/fastmedia/218/2022_07_25_GBl_Nr_0075_signed.pdf	200	312498	1fe6223c4ad3453886a0bad778abddc7a4d75e28bbadc9c6cbe7f080de78b08d	3	3539	
2022	76	2022-07-25	https://www.gesetzblatt.bremen.de/fastmedia/218/2022_07_25_GBl_Nr_0076_signed.pdf	200	328274	0e27378dfd6f9552462ac08bb5e4309ba8efcbec03ef55a8c8f86e31c690acf8	5	10995	
2022	77	2022-07-25	https://www.gesetzblatt.bremen.de/fastmedia/218/2022_07_25_GBl_Nr_0077_signed.pdf	200	307643	2e4bdf60a52482010b785fa790309afcf2e656a5e5ea5130e4e9ac930e2b8a6e	1	1167	
2022	78	2022-07-26	https://www.gesetzblatt.bremen.de/fastmedia/218/2022_07_26_GBl_Nr_0078_signed.pdf	200	449317	283e2782f7040ea5216f654a5aeb63298729738662752ef69510f45178ed828c	11	20591	
2022	79	2022-07-26	https://www.gesetzblatt.bremen.de/fastmedia/218/2022_07_26_GBl_Nr_0079_signed.pdf	200	208600	40b4c804b2da1cdefd90e160f510d0222021fca21274e03ff7ca78583bc22d67	2	2685	
2022	80	2022-08-01	https://www.gesetzblatt.bremen.de/fastmedia/218/2022_08_01_GBl_Nr_0080_signed.pdf	200	507426	0430228209850b72db803309c8f1f1e85b877bc799a10e78075f019446c5b4a9	20	44180	
2022	81	2022-08-04	https://www.gesetzblatt.bremen.de/fastmedia/218/2022_08_04_GBl_Nr_0081_signed.pdf	200	320890	a25c426672fdc244817824dd47ec09876663efbc54e0e64866ef9fd355bc914c	2	2886	
2022	82	2022-08-11	https://www.gesetzblatt.bremen.de/fastmedia/218/2022_08_11_GBl_Nr_0082_signed.pdf	200	210896	7a233a780b6772f3091e4a68123f3212a7ef89e5a68aca7a337ae095a0daf868	2	2026	
2022	83	2022-08-12	https://www.gesetzblatt.bremen.de/fastmedia/218/2022_08_12_GBl_Nr_0083_signed.pdf	200	215001	f17d2956aff4c88502c4b7ce550c37a267fb6ebf02482d040a68892a7497d016	2	2680	
2022	84	2022-08-19	https://www.gesetzblatt.bremen.de/fastmedia/218/2022_08_19_GBl_Nr_0084_signed.pdf	200	575738	ce643ad938d32f12fa715cd0ac21a815db6179744669798d9e247afdb5b577db	3	3079	
2022	85	2022-08-19	https://www.gesetzblatt.bremen.de/fastmedia/218/2022_08_19_GBl_Nr_0085_signed.pdf	200	312889	9598ed39d163cd451fd642f993a59d06c309ff7730c81cb7cfaf5abc8dccbf8f	1	1314	
2022	86	2022-08-23	https://www.gesetzblatt.bremen.de/fastmedia/218/2022_08_23_GBl_Nr_0086_signed.pdf	200	320855	012824ffc677606b16d051f6dc469db05f9ad7bddbff0576d1e45dd608fa794d	3	3278	
2022	87	2022-08-23	https://www.gesetzblatt.bremen.de/fastmedia/218/2022_08_23_GBl_Nr_0087_signed.pdf	200	327836	b41171668cc54fda7208b49687834f5309d2213873d25040a0b74b8e33d09cd7	5	6283	
2022	88	2022-09-02	https://www.gesetzblatt.bremen.de/fastmedia/218/2022_09_02_GBl_Nr_0088_signed.pdf	200	338662	ff6909d7e91a86f8d0c7d461cc8fd2a869edd714ff563355751038b9e55833cf	8	15032	
2022	89	2022-09-06	https://www.gesetzblatt.bremen.de/fastmedia/218/2022_09_06_GBl_Nr_0089_signed.pdf	200	297367	39f9a679fece7419d9a7fdd68fcc81c9757376fa0eacb3a903b8be53bfed3c9a	1	452	
2022	90	2022-09-13	https://www.gesetzblatt.bremen.de/fastmedia/218/2022_09_13_GBl_Nr_0090_signed.pdf	200	371618	5ad21392a8440f6d2eaa97881a2d7c80bda4afab0e8021024c0ff56c9a7bc39a	6	8567	
2022	91	2022-09-14	https://www.gesetzblatt.bremen.de/fastmedia/218/2022_09_14_GBl_Nr_0091_signed.pdf	200	308952	6f75aecdd77932895c786ef239b692c73d549229cd43194c8a571f6b31a8f8a5	1	1162	
2022	92	2022-09-28	https://www.gesetzblatt.bremen.de/fastmedia/218/2022_09_28_GBl_Nr_0092_signed.pdf	200	1364317	c7a2751d103aa0d65ccc9fc5dd0d2d8c4edcbe527b23d2ab03c9d288f9491c6a	22	40608	
2022	93	2022-09-29	https://www.gesetzblatt.bremen.de/fastmedia/218/2022_09_29_GBl_Nr_0093_signed.pdf	200	317190	fd1f3e1e37e12015ff131291d0564cabccdea68ac09bb5b6c8d5829bef894108	14	20425	
2022	94	2022-09-29	https://www.gesetzblatt.bremen.de/fastmedia/218/2022_09_29_GBl_Nr_0094_signed.pdf	200	238699	5647ffdbeed91c262b964026ac16fcece27c50c8c1d1d4eadd9661926cf98b8d	8	15640	
2022	95	2022-09-29	https://www.gesetzblatt.bremen.de/fastmedia/218/2022_09_29_GBl_Nr_0095_signed.pdf	200	211338	6cff9e1ec5f65a04bfb17666dcd8259ef83e10da4663e4ffc12fbba0d84da3ff	2	2679	
2022	96	2022-09-29	https://www.gesetzblatt.bremen.de/fastmedia/218/2022_09_29_GBl_Nr_0096_signed.pdf	200	260102	7bcc96d1b64c6b1a98d6e2cf13732f39206c9c07d5464b72a4a738de385701d2	13	27864	
2022	97	2022-09-30	https://www.gesetzblatt.bremen.de/fastmedia/218/2022_09_30_GBl_Nr_0097_signed.pdf	200	211715	975fc6e0fa599c1113fe3f84715cdeead08a66daf8f4f247dcd5e641136726e8	2	2286	
2022	98	2022-09-30	https://www.gesetzblatt.bremen.de/fastmedia/218/2022_09_30_GBl_Nr_0098_signed.pdf	200	206033	e5bcaaef19dac83714ee7a4e663cd44394d3d9606918dc1c689e343fffc9f8dd	1	1220	
2022	99	2022-10-10	https://www.gesetzblatt.bremen.de/fastmedia/218/2022_10_10_GBl_Nr_0099_signed.pdf	200	329545	ff6604b73e057e98791347b2c2b83865995910c18f0e5f91ab94fc50f31fb8d0	6	11445	
2022	100	2022-10-11	https://www.gesetzblatt.bremen.de/fastmedia/218/2022_10_11_GBl_Nr_0100_signed.pdf	200	297276	b00ff16287a64fbf46a3a7e64c671d8226defb491406f5d302ce4699483d2913	1	566	
2022	101	2022-10-13	https://www.gesetzblatt.bremen.de/fastmedia/218/2022_10_13_GBl_Nr_0101_signed.pdf	200	327104	6a7578bbf17e9fa5287b34af2ba72a567cb17b22cb23e6fb7efc4dd8adb23f7a	4	8883	
2022	102	2022-10-18	https://www.gesetzblatt.bremen.de/fastmedia/218/2022_10_18_GBl_Nr_0102_signed.pdf	200	304622	487768dcbf58668b174fa35302cf3169900a1cda760cb603850834a07238a7cd	1	567	
2022	103	2022-10-20	https://www.gesetzblatt.bremen.de/fastmedia/218/2022_10_20_GBl_Nr_0103_signed.pdf	200	310577	544fedd7fa4b11b2cfdb94a0a7035d2db0378fab6b6518859d6371a073a9e67d	2	1820	
2022	104	2022-10-20	https://www.gesetzblatt.bremen.de/fastmedia/218/2022_10_20_GBl_Nr_0104_signed.pdf	200	8368984	e8fb0f36bf27929d44da1930e2dd9bd4322d5419a12e417184695b9079e8939a	32	14355	
2022	105	2022-10-26	https://www.gesetzblatt.bremen.de/fastmedia/218/2022_10_26_GBl_Nr_0105_signed.pdf	200	337450	0330c5b5c3adbb946902b76499f60fe8e420be98578b9075a85c071ddaf2702d	6	7461	
2022	106	2022-10-28	https://www.gesetzblatt.bremen.de/fastmedia/218/2022_10_28_GBl_Nr_0106_signed.pdf	200	307695	7e8e9df99b0b984987bb10212ef444be60159e20f4c24dd5fb77572796711e33	1	1395	
2022	107	2022-10-28	https://www.gesetzblatt.bremen.de/fastmedia/218/2022_10_28_GBl_Nr_0107_signed.pdf	200	318792	c32f82ddfb60742790f147229a95a78b5b056261d550518695f052b1b0dadbcc	3	4201	
2022	108	2022-11-03	https://www.gesetzblatt.bremen.de/fastmedia/218/2022_11_03_GBl_Nr_0108_signed.pdf	200	374497	9371fb1317739d36e34195fc037069c9b2f19ae011b08c711f8cf85375fe9c8c	2	1665	
2022	109	2022-11-03	https://www.gesetzblatt.bremen.de/fastmedia/218/2022_11_03_GBl_Nr_0109_signed.pdf	200	375708	9ab32a6f9182210b5517505ac2fff9a40e45ba853562eb26701f01801d902dc4	2	1701	
2022	110	2022-11-03	https://www.gesetzblatt.bremen.de/fastmedia/218/2022_11_03_GBl_Nr_0110_signed.pdf	200	371286	fdf7bd95514cb13ffd9f16b4ec39f092586de981a97136c00a14020195d786cf	1	846	
2022	111	2022-11-03	https://www.gesetzblatt.bremen.de/fastmedia/218/2022_11_03_GBl_Nr_0111_signed.pdf	200	398820	d34cace6a3f868b0e444b81524c7d25371994c495560fd84cae68bd64bcf17c1	4	6744	
2022	112	2022-11-04	https://www.gesetzblatt.bremen.de/fastmedia/218/2022_11_04_GBl_Nr_0112_signed.pdf	200	1089615	719549dfe6c50dcdba6e81f676a2ef99d880da0021b75ddc34b209b74dc0cea3	87	200705	
2022	113	2022-11-04	https://www.gesetzblatt.bremen.de/fastmedia/218/2022_11_04_GBl_Nr_0113_signed.pdf	200	408793	fbc5d72e750204950725c7cafdc82062d5e8e8048096ba83352705776994a277	6	11587	
2022	114	2022-11-04	https://www.gesetzblatt.bremen.de/fastmedia/218/2022_11_04_GBl_Nr_0114_signed.pdf	200	2530889	5db6ba37cf6c65ee9ad884b9118003003ddb9e0e58accde5decc4d1d5f87266a	6	2031	
2022	115	2022-11-04	https://www.gesetzblatt.bremen.de/fastmedia/218/2022_11_04_GBl_Nr_0115_signed.pdf	200	405030	465ebea2237b6a325c30aff8795c3494e355766e4e8ec47ea9bb2c2c48c2aec3	5	8832	
2022	116	2022-11-07	https://www.gesetzblatt.bremen.de/fastmedia/218/2022_11_07_GBl_Nr_0116_signed.pdf	200	468989	02afe6119f9710951a563d59243a05393072246aa5fd22f1ce04ab6ac80e68ad	15	30069	
2022	117	2022-11-07	https://www.gesetzblatt.bremen.de/fastmedia/218/2022_11_07_GBl_Nr_0117_signed.pdf	200	387075	3cfcd4cd018fa4532b6bb7994b8b6d591e7928a50661c1a69c7e3f83722b11df	3	3771	
2022	118	2022-11-07	https://www.gesetzblatt.bremen.de/fastmedia/218/2022_11_07_GBl_Nr_0118_signed.pdf	200	383414	fb236b8f9db4b9877c21223293ffd2ff89b7000709272fb416b2c97bb1206c85	3	3476	
2022	119	2022-11-07	https://www.gesetzblatt.bremen.de/fastmedia/218/2022_11_07_GBl_Nr_0119_signed.pdf	200	933418	52689fe12c8556d72b4f98e98410ea638516fb27c88ba021edd0a3f9b3a693a5	25	36800	
2022	120	2022-11-08	https://www.gesetzblatt.bremen.de/fastmedia/218/2022_11_08_GBl_Nr_0120_signed.pdf	200	584358	b396a3137ad62bd348549c3b8483fd9c2e7f8f639c7e656bf7d9755113a7f834	24	49389	
2022	121	2022-11-15	https://www.gesetzblatt.bremen.de/fastmedia/218/2022_11_15_GBl_Nr_0121_signed.pdf	200	373479	9298cb92a1ff6471b16f703c2ea8a324f4ca37693e17b3e3854758286d283b24	1	1571	
2022	122	2022-11-15	https://www.gesetzblatt.bremen.de/fastmedia/218/2022_11_15_GBl_Nr_0122_signed.pdf	200	373750	467394115dba668aaa4fc98a67ad44a5760a5b75004e9a3eeacf61ddd68547ff	1	1428	
2022	123	2022-11-18	https://www.gesetzblatt.bremen.de/fastmedia/218/2022_11_18_GBl_Nr_0123_signed.pdf	200	376399	aeef444c5e6f298ea8bee41dc9ff49de65287ab97fc30228b34bd9bb2ae615df	2	1852	
2022	124	2022-11-28	https://www.gesetzblatt.bremen.de/fastmedia/218/2022_11_28_GBl_Nr_0124_signed.pdf	200	685439	c7e7ffe6995fcb072f2edf609678891f66bb90a8c99bb1627779c8ea71270ec7	10	15984	
2022	125	2022-11-30	https://www.gesetzblatt.bremen.de/fastmedia/218/2022_11_30_GBl_Nr_0125_signed.pdf	200	370349	967ecec2f6425aed566961830b4ae74eb10c6cbe6419f5f28ee9cb83ddfa063d	1	992	
2022	126	2022-11-30	https://www.gesetzblatt.bremen.de/fastmedia/218/2022_11_30_GBl_Nr_0126_signed.pdf	200	369216	43173849cd8e0934cf1c4be86c04b5f365d9697e9079e45119f524dab3c43811	1	954	
2022	127	2022-11-30	https://www.gesetzblatt.bremen.de/fastmedia/218/2022_11_30_GBl_Nr_0127_signed.pdf	200	372681	d5e5fded468359ba6d67240742687278deaa8d2ca2e08af883cf698e81e8b90c	1	1554	
2022	128	2022-11-30	https://www.gesetzblatt.bremen.de/fastmedia/218/2022_11_30_GBl_Nr_0128_signed.pdf	200	431018	8e48bdef16a433bbe28544d30ec5a4cdc0ce160870f298c48c0ccd2bde65f1bd	10	22143	
2022	129	2022-12-06	https://www.gesetzblatt.bremen.de/fastmedia/218/2022_12_06_GBl_Nr_0129_signed.pdf	200	1107619	3916769971bcd78330710021b21fcda6ce9b69c1cd4653780d8aa01080137f14	7	6922	
2022	130	2022-12-06	https://www.gesetzblatt.bremen.de/fastmedia/218/2022_12_06_GBl_Nr_0130_signed.pdf	200	1219903	806eb114a458cdfe9f7556cdc4ec26fbfaf0d5fe0b25876bd656ea4084db21f7	7	6984	
2022	131	2022-12-06	https://www.gesetzblatt.bremen.de/fastmedia/218/2022_12_06_GBl_Nr_0131_signed.pdf	200	425821	004a65cb8f326649670ed39295a1fdd6972f879576511e90c9d4161bb3ac0f54	8	18769	
2022	132	2022-12-06	https://www.gesetzblatt.bremen.de/fastmedia/218/2022_12_06_GBl_Nr_0132_signed.pdf	200	385443	90e9a5b2f9e39c5607b3220e7e3b208b8bee85e444e6e086cafd2dcee1665add	3	3334	
2022	133	2022-12-07	https://www.gesetzblatt.bremen.de/fastmedia/218/2022_12_07_GBl_Nr_0133_signed.pdf	200	3241007	1a6b0320da5d22f2905a56e25219be2b8a91703ed7da1470809c1ff1c9c25679	7	1755	
2022	134	2022-12-07	https://www.gesetzblatt.bremen.de/fastmedia/218/2022_12_07_GBl_Nr_0134_signed.pdf	200	394463	7e72d77a630f9a34ee1089a91eaec9bb2bb4e54d4dffb98b2efc87b165e69934	4	6416	
2022	135	2022-12-07	https://www.gesetzblatt.bremen.de/fastmedia/218/2022_12_07_GBl_Nr_0135_signed.pdf	200	494522	bd51b68f3c55b8064e80c3181a543b9b5986839e0159fd2591fefa1d1d53a1a3	18	44313	
2022	136	2022-12-07	https://www.gesetzblatt.bremen.de/fastmedia/218/2022_12_07_GBl_Nr_0136_signed.pdf	200	382346	e0f7a2c773a9fe5b5f134ae6b6b00f081949f3d0b0176affc13ef7afbab5ae06	2	2945	
2022	137	2022-12-08	https://www.gesetzblatt.bremen.de/fastmedia/218/2022_12_08_GBl_Nr_0137_signed.pdf	200	369622	901247f15707ac4ff5ff5dd8e282b71cf9a5da0faf64dacfa79446694b1ba45c	1	1825	
2022	138	2022-12-08	https://www.gesetzblatt.bremen.de/fastmedia/218/2022_12_08_GBl_Nr_0138_signed.pdf	200	380362	bec8c172dea1a5ef65814cd0e6879eadbc1af88f5e98736e16be7fa3f554f487	2	2775	
2022	139	2022-12-08	https://www.gesetzblatt.bremen.de/fastmedia/218/2022_12_08_GBl_Nr_0139_signed.pdf	200	379839	1ef2e24c92b9a2071b52489dd922be4540179fdbaceb56f9a604677c08833f62	2	1669	
2022	140	2022-12-08	https://www.gesetzblatt.bremen.de/fastmedia/218/2022_12_08_GBl_Nr_0140_signed.pdf	200	376540	b9a254f3e8cb956e9304c96a8f0ded1e2cec006456fea8f849ddb1a6e4f88966	1	1113	
2022	141	2022-12-14	https://www.gesetzblatt.bremen.de/fastmedia/218/2022_12_14_GBl_Nr_0141_signed.pdf	200	403937	be561b5d13776e85d7fec9595e67e00ed09d4c94942026e560f3413bcd5e652b	5	8698	
2022	142	2022-12-14	https://www.gesetzblatt.bremen.de/fastmedia/218/2022_12_14_GBl_Nr_0142_signed.pdf	200	479039	2329c0e3ba733908142a36fadedf59654f4f9b18e46a4f95f90560cd733f161a	7	9371	
2022	143	2022-12-15	https://www.gesetzblatt.bremen.de/fastmedia/218/2022_12_15_GBl_Nr_0143_signed.pdf	200	382568	5dd987d9eafedc09e2d976d2a294919cdd9dedf41d81d48b65587cc49e2fd71e	2	3336	
2022	144	2022-12-15	https://www.gesetzblatt.bremen.de/fastmedia/218/2022_12_15_GBl_Nr_0144_signed.pdf	200	371179	fd4e82d53e3e94b54cffd6f70a1ddb15d864f114b9683bf3f2d17baec0726113	1	1100	
2022	145	2022-12-15	https://www.gesetzblatt.bremen.de/fastmedia/218/2022_12_15_GBl_Nr_0145_signed.pdf	200	1549422	a3647ff1e8f1585097e9c50358e8d1f88a022964e013710d35b0bd7e9ff8e65c	5	3513	
2022	146	2022-12-15	https://www.gesetzblatt.bremen.de/fastmedia/218/2022_12_15_GBl_Nr_0146_signed.pdf	200	1640721	7c225903b0533220f6f074951538ce0549fd0a4bfc26efe3072a15a611129f52	5	3797	
2022	147	2022-12-16	https://www.gesetzblatt.bremen.de/fastmedia/218/2022_12_16_GBl_Nr_0147_signed.pdf	200	423382	6751dc04b28fd70a997e78c05d7b0e1aa9b962c75bd12d31d8d173b324368b56	3	1064	
2022	148	2022-12-16	https://www.gesetzblatt.bremen.de/fastmedia/218/2022_12_16_GBl_Nr_0148_signed.pdf	200	375086	cdff1aed4d0389ec39354f80849b3105705adca47afe4ae782e245eef756043c	2	1607	
2022	149	2022-12-16	https://www.gesetzblatt.bremen.de/fastmedia/218/2022_12_16_GBl_Nr_0149_signed.pdf	200	409308	f00559771aa052ca317a2a23a98782dd0bda8290f316c29eb4456b92be535c62	5	10258	
2022	150	2022-12-16	https://www.gesetzblatt.bremen.de/fastmedia/218/2022_12_16_GBl_Nr_0150_signed.pdf	200	701810	b749adf686ce3a0096273cb77385c327951f6ba7652136e2951d752567232e18	54	117639	
2022	151	2022-12-19	https://www.gesetzblatt.bremen.de/fastmedia/218/2022_12_19_GBl_Nr_0151_signed.pdf	200	400872	e8c74fa23c32a995d15ad79dc738ecf0abb48a332d5a4915002b06e19a04750f	3	5392	
2022	152	2022-12-19	https://www.gesetzblatt.bremen.de/fastmedia/218/2022_12_19_GBl_Nr_0152_signed.pdf	200	428589	b196eae99896e16e6cae36cb9cc137b4b79b5b84efd15b8e24665fb27dbe9992	7	12633	
2022	153	2022-12-19	https://www.gesetzblatt.bremen.de/fastmedia/218/2022_12_19_GBl_Nr_0153_signed.pdf	200	372749	d2c7f2f8e9fe2f4245bf9680204fa9c085a032c2ac31e6e58614317d25225df0	2	1462	
2022	154	2022-12-19	https://www.gesetzblatt.bremen.de/fastmedia/218/2022_12_19_GBl_Nr_0154_signed.pdf	200	396544	ce6f6b95781656da53246adfdc2c4356aebd578ed4ef8997c2e06776db49eb0a	4	6862	
2022	155	2022-12-20	https://www.gesetzblatt.bremen.de/fastmedia/218/2022_12_20_GBl_Nr_0155_signed.pdf	200	369211	0a876b8b8d48c6e85499e89da26b8490db3bb02bef3c8cff17d2fed84e903dfb	1	796	
2022	156	2022-12-20	https://www.gesetzblatt.bremen.de/fastmedia/218/2022_12_20_GBl_Nr_0156_signed.pdf	200	598664	3e75a3188944827038230f9a29fdd1d64889335ecc8c5a7c07b6efcd9692e5ba	35	84865	
2022	157	2022-12-20	https://www.gesetzblatt.bremen.de/fastmedia/218/2022_12_20_GBl_Nr_0157_signed.pdf	200	416246	f4dac4aa4a72811c7ec71a264ca4251596e1e34b952ddcd9d0e6b1b113c9e283	7	18782	
2022	158	2022-12-20	https://www.gesetzblatt.bremen.de/fastmedia/218/2022_12_20_GBl_Nr_0158_signed.pdf	200	405517	a84049d2da3de6e3ac4a4adcba10385edaecb41408819ef707088bffdd3d9af7	4	6421	
2022	159	2022-12-21	https://www.gesetzblatt.bremen.de/fastmedia/218/2022_12_21_GBl_Nr_0159_signed.pdf	200	401059	909b4c3482ae232184f5d12a1cb056fab3c97f43b1c050f780f17789698eb361	5	9636	
2022	160	2022-12-21	https://www.gesetzblatt.bremen.de/fastmedia/218/2022_12_21_GBl_Nr_0160_signed.pdf	200	379496	e60be3171bde64a339ea633419b7501d7e647f9b8c2f183033bffe719c660157	2	1984	
2022	161	2022-12-21	https://www.gesetzblatt.bremen.de/fastmedia/218/2022_12_21_GBl_Nr_0161_signed.pdf	200	376538	d7b455de5d8624d9633755ebd10da523ced009f28092cabdc50edb8319c8ee49	1	1401	
2022	162	2022-12-21	https://www.gesetzblatt.bremen.de/fastmedia/218/2022_12_21_GBl_Nr_0162_signed.pdf	200	1330154	e56815afb55e7f4537b2b5c344d9683dbcf40ddedadb3106eb6b8d69f803afc4	3	2280	
2022	163	2022-12-22	https://www.gesetzblatt.bremen.de/fastmedia/218/2022_12_22_GBl_Nr_0163_signed.pdf	200	392508	6f426d64d112244854c7c36bfc2563d1ad0fd4c090514cec2f32d0d567158ef5	4	6833	
2022	164	2022-12-23	https://www.gesetzblatt.bremen.de/fastmedia/218/2022_12_23_GBl_Nr_0164_signed.pdf	200	371369	e78e2376cef07884d0caeadbc55af79311b6ebd8e168b35d65089de791da5fce	1	721	
2022	165	2022-12-23	https://www.gesetzblatt.bremen.de/fastmedia/218/2022_12_23_GBl_Nr_0165_signed.pdf	200	1246354	4ce2ced23b87f04e449023aab8d4a11567a98bffa213151435250d04c1a8d89e	42	136361	
2022	166	2022-12-23	https://www.gesetzblatt.bremen.de/fastmedia/218/2022_12_23_GBl_Nr_0166_signed.pdf	200	615287	464253b5ef325843808e3bf9a00739702422fe4b4289a687372b8065b013fdf2	27	53771	
2022	167	2022-12-29	https://www.gesetzblatt.bremen.de/fastmedia/218/2022_12_29_GBl_Nr_0167_signed.pdf	200	374079	e540138217dfcab7e4ed55878cef96127a95d3a7cf42e6ab77f9e370c4f4630b	1	1431	
2023	1	2023-01-06	https://www.gesetzblatt.bremen.de/fastmedia/218/2023_01_06_GBl_Nr_0001_signed.pdf	200	376888	c865ffc34807160f5a65941d293073574451a3a08008ba06f28026228c6b2093	2	2794	
2023	2	2023-01-06	https://www.gesetzblatt.bremen.de/fastmedia/218/2023_01_06_GBl_Nr_0002_signed.pdf	200	384763	7fe4e54740c504313dc5d9437945ebaf428b8016f968b3ba0436c6db18aa9d5b	2	2968	
2023	3	2023-01-13	https://www.gesetzblatt.bremen.de/fastmedia/218/2023_01_13_GBl_Nr_0003_signed.pdf	200	441937	772231c10368e8afaefe106ce05fa56b440a3e8efdc3e114e1ca1d7b4d2744f6	12	25519	
2023	4	2023-01-18	https://www.gesetzblatt.bremen.de/fastmedia/218/2023_01_18_GBl_Nr_0004_signed.pdf	200	370597	543e4e783a8e241309ce1c4c1822c1bba30d33ec377f1be7c615691a6294571e	1	1222	
2023	5	2023-01-18	https://www.gesetzblatt.bremen.de/fastmedia/218/2023_01_18_GBl_Nr_0005_signed.pdf	200	461938	c12cda881bfffbeada8271dffa62dce28a48cf51646a67248e725824e533ecd6	14	29877	
2023	6	2023-01-18	https://www.gesetzblatt.bremen.de/fastmedia/218/2023_01_18_GBl_Nr_0006_signed.pdf	200	467633	2590f2865a70edc6791fdf8ac5d5788acb5512ec257ee61e9e0eac611c1aef56	15	31458	
2023	7	2023-01-27	https://www.gesetzblatt.bremen.de/fastmedia/218/2023_01_27_GBl_Nr_0007_signed.pdf	200	372394	1e43692ff5c2ee1817699d02388f360ef29105a0a57edcb1f3d6a1a8627dc9a4	1	1497	
2023	8	2023-01-31	https://www.gesetzblatt.bremen.de/fastmedia/218/2023_01_31_GBl_Nr_0008_signed.pdf	200	377034	d4dc85961081167a79cc8346d491248fe32f20a73aa1d59e26d7dbc17815b9ce	2	1649	
2023	9	2023-02-03	https://www.gesetzblatt.bremen.de/fastmedia/218/2023_02_03_GBl_Nr_0009_signed.pdf	200	396143	3ce0d6febdd62d34709ba165b6e0efac4d4dd163c5039f028443fce785fc222f	4	8398	
2023	10	2023-02-09	https://www.gesetzblatt.bremen.de/fastmedia/218/2023_02_09_GBl_Nr_0010_signed.pdf	200	371549	fb08b284b367a05d2b3cc95736d63a28206b53ce83137c4070f127d8afadb898	1	935	
2023	11	2023-02-09	https://www.gesetzblatt.bremen.de/fastmedia/218/2023_02_09_GBl_Nr_0011_signed.pdf	200	369924	66a4902c682501f574e8857769f212edc029385833a8dfcdcf6376612748b3a6	1	943	
2023	12	2023-02-10	https://www.gesetzblatt.bremen.de/fastmedia/218/2023_02_10_GBl_Nr_0012_signed.pdf	200	426014	c2bbf877daf7821ef046da6ebec2e4c3fe045a3766b977e4cd83288e91412e48	4	5840	
2023	13	2023-02-14	https://www.gesetzblatt.bremen.de/fastmedia/218/2023_02_14_GBl_Nr_0013_signed.pdf	200	383420	2f480450bf769dec4ad1053ca657f96eec42014cc7f20124f50d8e233ed246b7	2	2773	
2023	14	2023-02-23	https://www.gesetzblatt.bremen.de/fastmedia/218/2023_02_23_GBl_Nr_0014_signed.pdf	200	249034	d9dccb50e3326d516e0309ddd18d79f6a0cd8e8fac3de0e13c3e15f88212552f	6	8520	
2023	15	2023-03-02	https://www.gesetzblatt.bremen.de/fastmedia/218/2023_03_02_GBl_Nr_0015_signed.pdf	200	612972	397a4ec81223ede9d26ff9dfec132baa358e2030c31304522e21a4b31b62eb39	33	73681	
2023	16	2023-03-03	https://www.gesetzblatt.bremen.de/fastmedia/218/2023_03_03_GBl_Nr_0016_signed.pdf	200	370957	ea4a9176365b5e26820ef6f36280ccae4f3a4b4f8017350c52ce4aa0497d4a2f	2	1951	
2023	17	2023-03-03	https://www.gesetzblatt.bremen.de/fastmedia/218/2023_03_03_GBl_Nr_0017_signed.pdf	200	390532	c3e95096b7d0ad6e77bef890f4668522c9b42d2e23113ab9c5a5c5c9587de12d	3	4781	
2023	18	2023-03-03	https://www.gesetzblatt.bremen.de/fastmedia/218/2023_03_03_GBl_Nr_0018_signed.pdf	200	410507	d418742325218b552efffc7822b5bd446ca9d585a5d32031d4f1589468efce62	7	14843	
2023	19	2023-03-06	https://www.gesetzblatt.bremen.de/fastmedia/218/2023_03_06_GBl_Nr_0019_signed.pdf	200	363249	03c780f655ea333443b5bd8958fbf97ce4789a0fbefff1615941a88a78b5d97b	1	514	
2023	20	2023-03-16	https://www.gesetzblatt.bremen.de/fastmedia/218/2023_03_16_GBl_Nr_0020_signed.pdf	200	398706	54734f9c3fa043044a2226175a71a8029691c2142e89baf47726990e3409e984	4	8723	
2023	21	2023-03-16	https://www.gesetzblatt.bremen.de/fastmedia/218/2023_03_16_GBl_Nr_0021_signed.pdf	200	368718	a5cee269345cc052d18da37a67b14be654a749050379c460cf5e9be7f4a91e0f	1	787	
2023	22	2023-03-16	https://www.gesetzblatt.bremen.de/fastmedia/218/2023_03_16_GBl_Nr_0022_signed.pdf	200	5569554	5e551ce41242a349e8492d4ba6e871315fea3229e4549067fdd2b4eac53240b1	13	2374	
2023	23	2023-03-16	https://www.gesetzblatt.bremen.de/fastmedia/218/2023_03_16_GBl_Nr_0023_signed.pdf	200	568906	8c7c980512901d510c33594dbda642baf26e610e850dc8a31d2f7eed16da8d88	31	71240	
2023	24	2023-03-17	https://www.gesetzblatt.bremen.de/fastmedia/218/2023_03_17_GBl_Nr_0024_signed.pdf	200	389084	41d781c71429554549e5cbf2b6766d0561657867dc7451e072f83af7e04f3b43	3	5970	
2023	25	2023-03-17	https://www.gesetzblatt.bremen.de/fastmedia/218/2023_03_17_GBl_Nr_0025_signed.pdf	200	614232	04d938229c1d81dbcd2bef6961777741a24e564bcb3010de01a308258fd6bf11	38	83769	
2023	26	2023-03-20	https://www.gesetzblatt.bremen.de/fastmedia/218/2023_03_20_GBl_Nr_0026_signed.pdf	200	374182	3e8b0e3db5baaec357da4dc49789516dda175b3cfc2634433e8c2de1073e4860	2	1694	
2023	27	2023-03-20	https://www.gesetzblatt.bremen.de/fastmedia/218/2023_03_20_GBl_Nr_0027_signed.pdf	200	374560	9a9e4ba033de7e4a533d96148aaad41b0763b1a469c6cb1fd5b862ec51a8d13e	1	1058	
2023	28	2023-03-21	https://www.gesetzblatt.bremen.de/fastmedia/218/2023_03_21_GBl_Nr_0028_signed.pdf	200	373945	780d8c683790b04b97a48d5deab561fdbe4e72c98223c3c4e5fa2d27d7cb4a80	1	1495	
2023	29	2023-03-22	https://www.gesetzblatt.bremen.de/fastmedia/218/2023_03_22_GBl_Nr_0029_signed.pdf	200	373771	04974dc533c1568d7bf19e0679f3faf6fff2cd75679294ca29416dfbe8582dd2	1	1228	
2023	30	2023-03-23	https://www.gesetzblatt.bremen.de/fastmedia/218/2023_03_23_GBl_Nr_0030_signed.pdf	200	419113	99b122bdf4de4b42295eaee3f996816a5a79cc0598a8f7ed346b422160452cfc	6	7177	
2023	31	2023-03-30	https://www.gesetzblatt.bremen.de/fastmedia/218/2023_03_30_GBl_Nr_0031_signed.pdf	200	379526	edb6e3384f0f0ef2309fe6d80c2d85414f14116ef1dee62ed278bc9814c1059c	2	1692	
2023	32	2023-03-30	https://www.gesetzblatt.bremen.de/fastmedia/218/2023_03_30_GBl_Nr_0032_signed.pdf	200	521166	ec240a6bbdb57b548e9ab3f639ac5f3595dee6f68dd8efcde5ffabc4b674e6e3	8	13646	
2023	33	2023-03-30	https://www.gesetzblatt.bremen.de/fastmedia/218/2023_03_30_GBl_Nr_0033_signed.pdf	200	1163858	187ebc7ca3086edd2ab0ea7e91aa0b6df930416569f65db97f44c2d73fcb35df	29	60858	
2023	34	2023-03-30	https://www.gesetzblatt.bremen.de/fastmedia/218/2023_03_30_GBl_Nr_0034_signed.pdf	200	375977	da51368e0df5cf8cf3e8917603f61ace0128c37a47e2d0196694418fededfb01	1	1255	
2023	35	2023-03-31	https://www.gesetzblatt.bremen.de/fastmedia/218/2023_03_31_GBl_Nr_0035_signed.pdf	200	378965	fb70933b6eaf33b113f7ea9c047712ffa3a6b2709342c5e758b04b9ddb0be29f	2	2468	
2023	36	2023-04-04	https://www.gesetzblatt.bremen.de/fastmedia/218/2023_04_04_GBl_Nr_0036_signed.pdf	200	373208	7d9e5f099ed9161310aa8e217287e99ed081d74709225cccf3883967c64b33e7	1	1164	
2023	37	2023-04-14	https://www.gesetzblatt.bremen.de/fastmedia/218/2023_04_14_GBl_Nr_0037_signed.pdf	200	675744	e2a5094158423a47ed6b5c59b3596d46e684f4a006eb5ce1c0e4878107e8dc11	6	5192	
2023	38	2023-04-14	https://www.gesetzblatt.bremen.de/fastmedia/218/2023_04_14_GBl_Nr_0038_signed.pdf	200	1227104	7e0242fb94923a6787fd2eecb076bfb9a93973f25aee2e7aab8daf430dc349dc	8	8353	
2023	39	2023-04-14	https://www.gesetzblatt.bremen.de/fastmedia/218/2023_04_14_GBl_Nr_0039_signed.pdf	200	425101	a52afd05346efb9729dbde2b8249c72bab647bd52965d0ca76e62f52b27da977	9	19632	
2023	40	2023-04-14	https://www.gesetzblatt.bremen.de/fastmedia/218/2023_04_14_GBl_Nr_0040_signed.pdf	200	368536	20773402b41b40c80f2c9aa8cc9b60307101c1d4480ccd24d0418fa9f8ba58aa	1	660	
2023	41	2023-04-17	https://www.gesetzblatt.bremen.de/fastmedia/218/2023_04_17_GBl_Nr_0041_signed.pdf	200	389355	57b1d03f7517e7f87557bbf7cccacbaebf7a266e3ce95ad9ed93a8fba5b896c3	4	6000	
2023	42	2023-04-17	https://www.gesetzblatt.bremen.de/fastmedia/218/2023_04_17_GBl_Nr_0042_signed.pdf	200	2736129	13df5d6c39f7ace6ecdc7899d9af5e3ef12740534fa666db90d85a9d6bdf22c9	8	1405	
2023	43	2023-04-17	https://www.gesetzblatt.bremen.de/fastmedia/218/2023_04_17_GBl_Nr_0043_signed.pdf	200	459652	250f4fef99de87d3e3084ff2fcc09525efabe497c2017be3ccc590ae3efa8ecf	11	24473	
2023	44	2023-04-17	https://www.gesetzblatt.bremen.de/fastmedia/218/2023_04_17_GBl_Nr_0044_signed.pdf	200	419062	2605915706c94f43453a97cf45f649515ee2df70fa6a3ba10a9566809f09a09d	7	15835	
2023	45	2023-04-18	https://www.gesetzblatt.bremen.de/fastmedia/218/2023_04_18_GBl_Nr_0045_signed.pdf	200	369158	c0c10bf4a779792ffc0bc83a7dd27fd5d8daa395f3eb35049ce56f990ec878ef	1	1178	
2023	46	2023-04-18	https://www.gesetzblatt.bremen.de/fastmedia/218/2023_04_18_GBl_Nr_0046_signed.pdf	200	437613	7260601ebc594a92ee0d18f66a72bd0bcaf82f8c1e4c7faa52ffeff92f65a0a5	10	21569	
2023	47	2023-04-18	https://www.gesetzblatt.bremen.de/fastmedia/218/2023_04_18_GBl_Nr_0047_signed.pdf	200	376898	cf3476e0c232c744adaad65f28eef1bdf2e54116bb66bac5db240dafd2909214	2	2074	
2023	48	2023-04-18	https://www.gesetzblatt.bremen.de/fastmedia/218/2023_04_18_GBl_Nr_0048_signed.pdf	200	596873	f7f2433e4578d5100e8f795a59e609c45528688052eaf2d8acd1b090ec0fa728	7	14248	
2023	49	2023-04-19	https://www.gesetzblatt.bremen.de/fastmedia/218/2023_04_19_GBl_Nr_0049_signed.pdf	200	378251	5b85d0b2ee53aa1bff0bb2a5874bd978b64985139b0cff4a175a98aa7820fd27	2	1908	
2023	50	2023-04-19	https://www.gesetzblatt.bremen.de/fastmedia/218/2023_04_19_GBl_Nr_0050_signed.pdf	200	426080	064cb48fc9f9ce8eeadcbeecf3e55411a16433b63475427857ef050849da5efa	9	20755	
2023	51	2023-04-19	https://www.gesetzblatt.bremen.de/fastmedia/218/2023_04_19_GBl_Nr_0051_signed.pdf	200	371902	02f6c03f6a6bdfb8a94de58b4b6bf7193259bb248617d77ebe3abd5ee6c0f21e	1	946	
2023	52	2023-04-20	https://www.gesetzblatt.bremen.de/fastmedia/218/2023_04_20_GBl_Nr_0052_signed.pdf	200	362472	bbfaabd9e04971d379da91e63893e23d49ff9fd4ecc37f738aaf7fbf6804c841	1	418	
2023	53	2023-04-25	https://www.gesetzblatt.bremen.de/fastmedia/218/2023_04_25_GBl_Nr_0053_signed.pdf	200	446543	8b772bfe1cf92b286630130f635f9ea466e83cda720253dd0c5144c6c42d0f3d	10	18204	
2023	54	2023-04-26	https://www.gesetzblatt.bremen.de/fastmedia/218/2023_04_26_GBl_Nr_0054_signed.pdf	200	394555	c721cad850a399b9c653a9b84abad01c4a3b7a8866efcce6c18531a2be05b132	4	3770	
2023	55	2023-04-27	https://www.gesetzblatt.bremen.de/fastmedia/218/2023_04_27_GBl_Nr_0055_signed.pdf	200	375329	cf1fc79f4f248828217fd1043fb236c291ec4d330d6cc82d5635d6efa9ca9841	1	1599	
2023	56	2023-05-09	https://www.gesetzblatt.bremen.de/fastmedia/218/2023_05_09_GBl_Nr_0056_signed.pdf	200	461662	55aa2dddbc0134c2f0212a5959bc682a23809b0545ee89e9320ae025d4a7da72	15	33511	
2023	57	2023-05-09	https://www.gesetzblatt.bremen.de/fastmedia/218/2023_05_09_GBl_Nr_0057_signed.pdf	200	371211	da3741eeb40ee42f2cea129312eddeb5291e9012b6eb54d64d52e215067e5502	1	763	
2023	58	2023-05-12	https://www.gesetzblatt.bremen.de/fastmedia/218/2023_05_12_GBl_Nr_0058_signed.pdf	200	505559	cda3ca3d7047746c56922077dafad6fb6396ad79219e0bc1d70d8393403e1381	10	16727	
2023	59	2023-05-12	https://www.gesetzblatt.bremen.de/fastmedia/218/2023_05_12_GBl_Nr_0059_signed.pdf	200	380115	2e31a82ae9e0b581c407517a486ee18fe091c575c8b0d09a5801d35ae512947f	2	2279	
2023	60	2023-05-12	https://www.gesetzblatt.bremen.de/fastmedia/218/2023_05_12_GBl_Nr_0060_signed.pdf	200	388336	17bdb980ac61b8de59aa5e0a2eea5422be9dcca3c34fe423d048b1af6fe261b8	2	4456	
2023	61	2023-05-15	https://www.gesetzblatt.bremen.de/fastmedia/218/2023_05_15_GBl_Nr_0061_signed.pdf	200	481461	e87b9ac794c45405d9416f0f938c85dc8180ba28b5d4a73cd89ab620677e07cb	17	38419	
2023	62	2023-05-19	https://www.gesetzblatt.bremen.de/fastmedia/218/2023_05_19_GBl_Nr_0062_signed.pdf	200	386816	64220297cf51280e0ed7517d4758a9470e241843baac4510fc4091f77866214a	3	3402	
2023	63	2023-05-19	https://www.gesetzblatt.bremen.de/fastmedia/218/2023_05_19_GBl_Nr_0063_signed.pdf	200	372437	0554c9800f9a508ecf5246792ff750930e048f73a2cc4349f0b48ed71af7cfd1	1	1556	
2023	64	2023-05-19	https://www.gesetzblatt.bremen.de/fastmedia/218/2023_05_19_GBl_Nr_0064_signed.pdf	200	391640	293982efc594f4aaf8812fb70cb3ef5d011844a0bf5a7793a3585e7f067a7f15	4	7590	
2023	65	2023-05-19	https://www.gesetzblatt.bremen.de/fastmedia/218/2023_05_19_GBl_Nr_0065_signed.pdf	200	3564730	8b8435e9dc4d75aa12f65b93e5632303794f76cadb7e5e666b3e844c554c22c2	12	12712	
2023	66	2023-05-22	https://www.gesetzblatt.bremen.de/fastmedia/218/2023_05_22_GBl_Nr_0066_signed.pdf	200	410207	ff8723227906b9718ea10eb895e4834084bb40a589856152a31b8d386a7ce582	6	12786	
2023	67	2023-05-22	https://www.gesetzblatt.bremen.de/fastmedia/218/2023_05_22_GBl_Nr_0067_signed.pdf	200	374014	76d68057789a8c2939bd75d0ee7f071efbd749791ef7b5f1a283aa78f7368470	1	1119	
2023	68	2023-05-22	https://www.gesetzblatt.bremen.de/fastmedia/218/2023_05_22_GBl_Nr_0068_signed.pdf	200	377032	1bf1181301da9ca34b7beebf1943319c7318b692b0bab52b8489ab6bbbe560fd	2	2083	
2023	69	2023-05-22	https://www.gesetzblatt.bremen.de/fastmedia/218/2023_05_22_GBl_Nr_0069_signed.pdf	200	395782	0a8da8fe0dc45a16200a2cf02af160b300eb6084c79367dc788b6be7121e8c3e	4	8634	
2023	70	2023-05-23	https://www.gesetzblatt.bremen.de/fastmedia/218/2023_05_23_GBl_Nr_0070_signed.pdf	200	383652	4635d521b8e3cd39da4535fb521a10763408f8b519328fe59275554073fda4d8	3	3703	
2023	71	2023-05-23	https://www.gesetzblatt.bremen.de/fastmedia/218/2023_05_23_GBl_Nr_0071_signed.pdf	200	414423	c13ebb6a7d5ec59586ad4e768a0813b456fd22171269db14a09fd247531c2a92	7	16643	
2023	72	2023-05-23	https://www.gesetzblatt.bremen.de/fastmedia/218/2023_05_23_GBl_Nr_0072_signed.pdf	200	409737	81d739556490bc4f093ecdef711badde4e8b95eaf2cb832dd738b670e8bdba7a	5	10044	
2023	73	2023-05-23	https://www.gesetzblatt.bremen.de/fastmedia/218/2023_05_23_GBl_Nr_0073_signed.pdf	200	369586	5ea26d465bc31e3e18a65a7e0c96d9a61766864f8b9bec16a8faef10cc329972	1	1183	
2023	74	2023-05-24	https://www.gesetzblatt.bremen.de/fastmedia/218/2023_05_24_GBl_Nr_0074_signed.pdf	200	382133	71ea07aad0cdd26394e61ef0ec4bdac182fe0da31048f33d3a603cbf0e755cee	2	3031	
2023	75	2023-05-24	https://www.gesetzblatt.bremen.de/fastmedia/218/2023_05_24_GBl_Nr_0075_signed.pdf	200	524802	70d957e51ed6da9ff9c2d25d0b910ef6202a903ebf06e25858cc23b9f9a7d315	15	36661	
2023	76	2023-05-24	https://www.gesetzblatt.bremen.de/fastmedia/218/2023_05_24_GBl_Nr_0076_signed.pdf	200	381849	e9f3aba52ce9175996b58e9ca8a14908af29651b4c927ba44cecaddb0345fa41	2	2680	
2023	77	2023-06-13	https://www.gesetzblatt.bremen.de/fastmedia/218/2023_06_13_GBl_Nr_0077_signed.pdf	200	376226	9fbf6cebf84f8b4ea8194cc5f737bf769e858aef6d36067a2ed02c83422a12ce	1	1264	
2023	78	2023-06-13	https://www.gesetzblatt.bremen.de/fastmedia/218/2023_06_13_GBl_Nr_0078_signed.pdf	200	373762	1e6dfae12dfca0767fa508a18a6f5c245cd8a49913e5fe2560d3809252e42bfd	1	1213	
2023	79	2023-06-13	https://www.gesetzblatt.bremen.de/fastmedia/218/2023_06_13_GBl_Nr_0079_signed.pdf	200	375012	40704ca0d102b67729e2f80d767c01211d9a6495288aff6c6c932d7cd5208cb5	1	1351	
2023	80	2023-06-13	https://www.gesetzblatt.bremen.de/fastmedia/218/2023_06_13_GBl_Nr_0080_signed.pdf	200	373406	da47e907d6a0494097158db4777e42149aa3d5fef05c0c9aba2bec2260dbe049	1	1030	
2023	81	2023-06-14	https://www.gesetzblatt.bremen.de/fastmedia/218/2023_06_14_GBl_Nr_0081_signed.pdf	200	372238	715535485c3adb5f23eb023af28961238d5048e79ecb41ebc29f89c01db8f006	1	1017	
2023	82	2023-06-14	https://www.gesetzblatt.bremen.de/fastmedia/218/2023_06_14_GBl_Nr_0082_signed.pdf	200	375911	5d81d3f7f81b51378e6dbaf982131124c084f96d1cd34c4fb027cad60f69fe6f	1	1640	
2023	83	2023-06-16	https://www.gesetzblatt.bremen.de/fastmedia/218/2023_06_16_GBl_Nr_0083_signed.pdf	200	409393	cc593c61df95579158b09f86ddb9ec491fd58dfa0e920a8ee8a5c64fcd0d7aee	4	4708	
2023	84	2023-06-28	https://www.gesetzblatt.bremen.de/fastmedia/218/2023_06_28_GBl_Nr_0084_signed.pdf	200	378244	9cc86b19df78329c61b333369002fcc381c639e646951fe055d09a77fdc82046	2	2125	
2023	85	2023-07-13	https://www.gesetzblatt.bremen.de/fastmedia/218/2023_07_13_GBl_Nr_0085_signed.pdf	200	363512	aa65e643565a34ee95ca777da558c1db735d55116acbaf14d7736ddec40dd554	1	473	
2023	86	2023-07-18	https://www.gesetzblatt.bremen.de/fastmedia/218/2023_07_18_GBl_Nr_0086_signed.pdf	200	370684	f45e03d818dfa0da32bd9724f71f7edaf3be26461c702562d5e23694e7dc6725	1	1606	
2023	87	2023-07-18	https://www.gesetzblatt.bremen.de/fastmedia/218/2023_07_18_GBl_Nr_0087_signed.pdf	200	372105	b40b977363aded172b847f2fd48efb98d5b7695cad1b57ce4f317b9b9a4ec835	1	1624	
2023	88	2023-07-21	https://www.gesetzblatt.bremen.de/fastmedia/218/2023_07_21_GBl_Nr_0088_signed.pdf	200	363558	85c39df8667ed140a4164a80a291a5ef8dbea980a0da16095586e8329377fc89	1	773	
2023	89	2023-08-01	https://www.gesetzblatt.bremen.de/fastmedia/218/2023_08_01_GBl_Nr_0089_signed.pdf	200	213696	18bf255050229dc254e7d2e49e7f2ab70cc06635c6fcf86508ce3bbf5a3f33ca	2	2671	
2023	90	2023-08-29	https://www.gesetzblatt.bremen.de/fastmedia/218/2023_08_29_GBl_Nr_0090_signed.pdf	200	376182	7e7bbd2b0de3d66302888e09be92b32284dc2c1dbe1cbd12fb2d6ec846efa2db	1	1276	
2023	91	2023-08-29	https://www.gesetzblatt.bremen.de/fastmedia/218/2023_08_29_GBl_Nr_0091_signed.pdf	200	369531	aaf19dbd0aa65e8e4fa27c00c9ebb377416fb3f8c850e743114fa394c4983d14	1	1101	
2023	92	2023-09-15	https://www.gesetzblatt.bremen.de/fastmedia/218/2023_09_15_GBl_Nr_0092_signed.pdf	200	494648	13a6e3469aace23abefda4a415ddd483cd7dd8f8db867b1324e215196a866535	6	8557	
2023	93	2023-09-21	https://www.gesetzblatt.bremen.de/fastmedia/218/2023_09_21_GBl_Nr_0093_signed.pdf	200	370596	ab31dc50e501e27921beb7b981534997fca83a7e4dc5961103a94b779dffb82a	1	1078	
2023	94	2023-09-25	https://www.gesetzblatt.bremen.de/fastmedia/218/2023_09_25_GBl_Nr_0094_signed.pdf	200	371029	fd8ecb3d8daf0958e7f13268a1a4dc1afd8de51368cf12b282567eda3acaf4bd	2	1574	
2023	95	2023-09-25	https://www.gesetzblatt.bremen.de/fastmedia/218/2023_09_25_GBl_Nr_0095_signed.pdf	200	499807	1823900eaa7749742f835e7d441c5e0b7fc52c93129a2d26e2b28a10fdd66e58	3	1498	
2023	96	2023-09-25	https://www.gesetzblatt.bremen.de/fastmedia/218/2023_09_25_GBl_Nr_0096_signed.pdf	200	373721	0d9a0f05bcf0ca0ccf742de6fa0aa269453c0749f1070ad26346e62332718bee	1	1453	
2023	97	2023-09-25	https://www.gesetzblatt.bremen.de/fastmedia/218/2023_09_25_GBl_Nr_0097_signed.pdf	200	372454	94f7dba2003e3c682fd82cf76ea86b8dfda84249ff7a93de1727ed997f28cbd9	1	1248	
2023	98	2023-09-27	https://www.gesetzblatt.bremen.de/fastmedia/218/2023_09_27_GBl_Nr_0098_signed.pdf	200	384615	a40cf7cf997457dda3d62ed263c5f4730d85554503988ece3d45293731ba220b	3	4570	
2023	99	2023-09-28	https://www.gesetzblatt.bremen.de/fastmedia/218/2023_09_28_GBl_Nr_0099_signed.pdf	200	363915	f5b164f16dd967a357eea6af99a0d44eddaabc61bb4ec5d24db7e0c6d1e361b2	1	425	
2023	100	2023-09-28	https://www.gesetzblatt.bremen.de/fastmedia/218/2023_09_28_GBl_Nr_0100_signed.pdf	200	373249	17ed5ce750e1ced00a56a18becd54db7de7f8f2177adb3c3494bb66b726a6c9d	1	1000	
2023	101	2023-11-09	https://www.gesetzblatt.bremen.de/fastmedia/218/2023_11_09_GBl_Nr_0101_signed.pdf	200	373411	eb54a016188286ca6738818280c5aa0e88436ed075c69bb8ce958a3bd4b2af70	2	1702	
2023	102	2023-11-15	https://www.gesetzblatt.bremen.de/fastmedia/218/2023_11_15_GBl_Nr_0102_signed.pdf	200	391143	9b7d3c410d2b72f131a146ef88cd33b00d69d9a17cbc37a16f1c1bcf2e4c8daf	1	1327	
2023	103	2023-11-15	https://www.gesetzblatt.bremen.de/fastmedia/218/2023_11_15_GBl_Nr_0103_signed.pdf	200	402612	447448e46b018493ba8eb1597ed69190f07a378cf06e9cf49a01cab7f3c18ba0	5	9294	
2023	104	2023-11-16	https://www.gesetzblatt.bremen.de/fastmedia/218/2023_11_16_GBl_Nr_0104_signed.pdf	200	382997	da7ef09c56fc546eef21d85a7dcb1010af2441bcceeb0d17198bfe1a3c3c88e8	4	7378	
2023	105	2023-11-21	https://www.gesetzblatt.bremen.de/fastmedia/218/2023_11_21_GBl_Nr_0105_signed.pdf	200	370126	c68d4394b20922ccc907f62642033aef09f1760a88cbd99a0fbe6ce51da6b1ac	1	1678	
2023	106	2023-11-23	https://www.gesetzblatt.bremen.de/fastmedia/218/2023_11_23_GBl_Nr_0106_signed.pdf	200	3189709	6a9330e3f7747ec2dcc439b8ee9686a613c5bcc8b361d6b334cf3b682128747c	13	15110	
2023	107	2023-11-27	https://www.gesetzblatt.bremen.de/fastmedia/218/2023_11_27_GBl_Nr_0107_signed.pdf	200	571048	4b0da6e9b55b445bab4737a458b994d333bd1d2d19f40fa2d6edee36a3fc1261	16	24877	
2023	108	2023-11-28	https://www.gesetzblatt.bremen.de/fastmedia/218/2023_11_28_GBl_Nr_0108_signed.pdf	200	372276	8256afa30609cfaaf2f5f1936429678403e4380e13ec207585fa9cbb340dc5c3	1	1431	
2023	109	2023-12-04	https://www.gesetzblatt.bremen.de/fastmedia/218/2023_12_04_GBl_Nr_0109_signed.pdf	200	1781580	8eed91dec01c3f6c9b0c3aac026d81ddc8633474cbbe9abbe1179e3614058a7f	8	1324	
2023	110	2023-12-04	https://www.gesetzblatt.bremen.de/fastmedia/218/2023_12_04_GBl_Nr_0110_signed.pdf	200	381583	69c7d8538cfa052fdb8a7a48c7ae6ff85ecb08bedbbfe728627bec14458a7451	2	2807	
2023	111	2023-12-05	https://www.gesetzblatt.bremen.de/fastmedia/218/2023_12_05_GBl_Nr_0111_signed.pdf	200	373331	b8b8e3fe7bb0eaae6110c13b81b3a421b0a31410f49d1b160bb957819cf8de83	1	1531	
2023	112	2023-12-13	https://www.gesetzblatt.bremen.de/fastmedia/218/2023_12_13_GBl_Nr_0112_signed.pdf	200	384167	337e0f2a4e59bf0e050e4a3b22868a2561a9fb10206c43b16c6ce18675c65a14	2	2535	
2023	113	2023-12-14	https://www.gesetzblatt.bremen.de/fastmedia/218/2023_12_14_GBl_Nr_0113_signed.pdf	200	374863	7739c3939c2023549b321b51e90b7ee5ec6e5604a35f7c34db66c1f589daf8a7	1	1276	
2023	114	2023-12-14	https://www.gesetzblatt.bremen.de/fastmedia/218/2023_12_14_GBl_Nr_0114_signed.pdf	200	373125	6f4c0048a2987f0610485374380bbb3912a2506bda6edb06f774f9c458fe4fdf	1	1725	
2023	115	2023-12-19	https://www.gesetzblatt.bremen.de/fastmedia/218/2023_12_19_GBl_Nr_0115_signed.pdf	200	664286	95fcce91b35494c2267fdfa12cbb999648b75d995039c2f8919ce6213e02eae7	8	13371	
2023	116	2023-12-20	https://www.gesetzblatt.bremen.de/fastmedia/218/2023_12_20_GBl_Nr_0116_signed.pdf	200	396673	3874d10f8ef174cdc2dd23f80c23d0f67fbfd2b99ca4121dd14f165a9c2b6048	4	5104	
2023	117	2023-12-20	https://www.gesetzblatt.bremen.de/fastmedia/218/2023_12_20_GBl_Nr_0117_signed.pdf	200	383536	a41e6a2db7705351a71fb13e28b4a5b3e0d9a27de36f1d99e05a2d50fe2cd4b7	2	2768	
2023	118	2023-12-20	https://www.gesetzblatt.bremen.de/fastmedia/218/2023_12_20_GBl_Nr_0118_signed.pdf	200	387937	f24a8a827d53752ce7fef50f3771893c0a90885a99a03a6b21b6bd3dc469c123	1	1121	
2023	119	2023-12-21	https://www.gesetzblatt.bremen.de/fastmedia/218/2023_12_21_GBl_Nr_0119_signed.pdf	200	451969	681b6ea8346cd3664f98adc5e6105265b93a4ee71cdbad0774089430c30a6595	9	21908	
2023	120	2023-12-21	https://www.gesetzblatt.bremen.de/fastmedia/218/2023_12_21_GBl_Nr_0120_signed.pdf	200	378249	8822b312d4fc6c6f1003cf8bc44486c83bd4dfc3484a78b2a8324e18b74f2499	2	2797	
2023	121	2023-12-27	https://www.gesetzblatt.bremen.de/fastmedia/218/2023_12_27_GBl_Nr_0121_signed.pdf	200	424740	14fdd26c3304ece593f0eae3b07fe571619d14e944cc7e07b5e6b17f4f1f95a2	4	5205	
2023	122	2023-12-27	https://www.gesetzblatt.bremen.de/fastmedia/218/2023_12_27_GBl_Nr_0122_signed.pdf	200	372061	ddd38758c6f3c2a7635e7bd96bf464515e5e7dac8ec21ac5df46996c8b1a82fd	1	1040	
2023	123	2023-12-27	https://www.gesetzblatt.bremen.de/fastmedia/218/2023_12_27_GBl_Nr_0123_signed.pdf	200	370288	70ac1c001b789b63b4eb0e85eec5af35cea638ae604f4201656cc12912262450	1	797	
2023	124	2023-12-27	https://www.gesetzblatt.bremen.de/fastmedia/218/2023_12_27_GBl_Nr_0124_signed.pdf	200	366502	8d853e9bce05735fac959b4f9ad0fa88ba9c34924120812bb50b8882f2ad36c5	1	837	
2023	125	2023-12-28	https://www.gesetzblatt.bremen.de/fastmedia/218/2023_12_28_GBl_Nr_0125_signed.pdf	200	379385	f7aafae4e58231c13795a8e39a2bb7bcf70f23506ed13ae9952a91cba337755b	2	2527	
2023	126	2023-12-28	https://www.gesetzblatt.bremen.de/fastmedia/218/2023_12_28_GBl_Nr_0126_signed.pdf	200	499120	0579128c2fbb581874fd2eb7248108ebb0abac91193f6b19c7b2c0e5f24d6a4e	6	10522	
2023	127	2023-12-28	https://www.gesetzblatt.bremen.de/fastmedia/218/2023_12_28_GBl_Nr_0127_signed.pdf	200	455975	6d210d95090447c80c2fc340c102bda99126887631f2bbe1584424dcc758ddbb	15	36863	
2023	128	2023-12-29	https://www.gesetzblatt.bremen.de/fastmedia/218/2023_12_29_GBl_Nr_0128_signed.pdf	200	1173625	d68cb85ab4b8d9458ad86991e268f95e3f065cb10c98e8f5cf720ea3bead2862	8	8824	
2023	129	2023-12-29	https://www.gesetzblatt.bremen.de/fastmedia/218/2023_12_29_GBl_Nr_0129_signed.pdf	200	1154015	a2b8bfd905ec18237ebd18f214e37d57bf77ee4a36303aa8dbc01c92a4a44d0b	8	8583	
2023	130	2023-12-29	https://www.gesetzblatt.bremen.de/fastmedia/218/2023_12_29_GBl_Nr_0130_signed.pdf	200	365245	a5b2f052c8303315affc4aac3128a29672ff73ba1542008ce8386c047dbf0880	1	448	
2024	1	2024-01-10	https://www.gesetzblatt.bremen.de/fastmedia/218/2024_01_10_GBl_Nr_0001_signed.pdf	200	377007	8f32234487f4d7ca3831e501c3b45f2b83ff2aa7acfc194d27b6e19ca9c9eecd	2	2209	
2024	2	2024-01-11	https://www.gesetzblatt.bremen.de/fastmedia/218/2024_01_11_GBl_Nr_0002_signed.pdf	200	597744	8656906635d9734fe7d496a9c08e2eb91a6dd36728076858724fc0d5c3828332	4	4596	
2024	3	2024-01-12	https://www.gesetzblatt.bremen.de/fastmedia/218/2024_01_12_GBl_Nr_0003_signed.pdf	200	363153	04091d9b9958446d5da91148293f1fc4a942a0cc8ab8873e666e9f2e3c624279	1	486	
2024	4	2024-01-18	https://www.gesetzblatt.bremen.de/fastmedia/218/2024_01_18_GBl_Nr_0004_signed.pdf	200	427477	5e112efefe8d4b4c138445931e974438020e80f782c8c041d63866cbc5ff3e2d	10	19849	
2024	5	2024-01-24	https://www.gesetzblatt.bremen.de/fastmedia/218/2024_01_24_GBl_Nr_0005_signed.pdf	200	369502	ea8d3f370b9b2cf642eb0bd6a699619914126cfd6700828e0071b80850a1d6aa	1	1161	
2024	6	2024-02-01	https://www.gesetzblatt.bremen.de/fastmedia/218/2024_02_01_GBl_Nr_0006_signed.pdf	200	410989	d32551c69f083704466ef02f8aa1f2a0afd5b716119d4467354b3cf922dc72ec	8	18240	
2024	7	2024-02-06	https://www.gesetzblatt.bremen.de/fastmedia/218/2024_02_06_GBl_Nr_0007_signed.pdf	200	374479	0792328f9a7c8842ed0d2096ae3eae193dc8a86cd7a7fdbeadc5a0a397cd573f	1	1678	
2024	8	2024-02-23	https://www.gesetzblatt.bremen.de/fastmedia/218/2024_02_23_GBl_Nr_0008_signed.pdf	200	376094	1fcacf20e531d01c1bb6dd31dfdf5d931e98f6e7d1e5d204bff196dc64782cdf	1	1671	
2024	9	2024-02-27	https://www.gesetzblatt.bremen.de/fastmedia/218/2024_02_27_GBl_Nr_0009_signed.pdf	200	382704	28f4b18a7b05f7fe253b308e7f8d78b67c1cd15b27987e99aad1d77d9f80e16a	2	2634	
2024	10	2024-02-27	https://www.gesetzblatt.bremen.de/fastmedia/218/2024_02_27_GBl_Nr_0010_signed.pdf	200	386775	5255cbbaa6827c1013778f65636b9717133f8f968afce050a900c8b9148e045a	2	1615	
2024	11	2024-02-27	https://www.gesetzblatt.bremen.de/fastmedia/218/2024_02_27_GBl_Nr_0011_signed.pdf	200	494538	a53bfb2ac2a117e6b1a6a15e43ec2109308553d8ef647e78ec96e697c1e4dc40	6	8536	
2024	12	2024-02-27	https://www.gesetzblatt.bremen.de/fastmedia/218/2024_02_27_GBl_Nr_0012_signed.pdf	200	415612	18a7548add6852da524c92dfd71c7d74d2bc7282ec6723a908d358d08a716d55	4	5108	
2024	13	2024-03-07	https://www.gesetzblatt.bremen.de/fastmedia/218/2024_03_07_GBl_Nr_0013_signed.pdf	200	372438	09f7ec9c0c7b5c9b84f502c5a9318e2392d3538d1c3e978bda619ff5144ff9e9	1	1196	
2024	14	2024-03-13	https://www.gesetzblatt.bremen.de/fastmedia/218/2024_03_13_GBl_Nr_0014_signed.pdf	200	393201	8e47bbe522799e8549fe88f5110b83884d454ef2c3636ea9553d9bbfeab8a636	3	4508	
2024	15	2024-03-13	https://www.gesetzblatt.bremen.de/fastmedia/218/2024_03_13_GBl_Nr_0015_signed.pdf	200	393239	35893275c62c2d775d8c8f1f20984f1af8f3e0bf2ed884f4a69ceaeeeda5797e	4	7489	
2024	16	2024-03-13	https://www.gesetzblatt.bremen.de/fastmedia/218/2024_03_13_GBl_Nr_0016_signed.pdf	200	376074	e9a9cbb641f6e2844202868bce81c0d9d5f8508338ec411d47d26b79b24140a5	2	2048	
2024	17	2024-03-13	https://www.gesetzblatt.bremen.de/fastmedia/218/2024_03_13_GBl_Nr_0017_signed.pdf	200	929176	387445a96c0ae9e1b84cb55f9d9f1f1acccd9090cf69d7c100fdc5548a7b0cbd	41	55209	
2024	18	2024-03-14	https://www.gesetzblatt.bremen.de/fastmedia/218/2024_03_14_GBl_Nr_0018_signed.pdf	200	370394	f334968298c2d0d227ff2fec3a7b99e1b5edf54c148a44e035af310a957621ab	2	2203	
2024	19	2024-03-21	https://www.gesetzblatt.bremen.de/fastmedia/218/2024_03_21_GBl_Nr_0019_signed.pdf	200	369577	6231113d8aaef3df71d7470a95bf38499a2f23b2176641f1bcc986309807623f	1	941	
2024	20	2024-03-21	https://www.gesetzblatt.bremen.de/fastmedia/218/2024_03_21_GBl_Nr_0020_signed.pdf	200	374476	4ed35e69245c9ccbdf6b60f9fae3febed78d506be776612f0148bc6eab6afe40	1	1661	
2024	21	2024-03-28	https://www.gesetzblatt.bremen.de/fastmedia/218/2024_03_28_GBl_Nr_0021_signed.pdf	200	378459	076aa26b911db96f3da66e75529136c9539fbeea402da4f6209780904992cd2c	2	3067	
2024	22	2024-03-28	https://www.gesetzblatt.bremen.de/fastmedia/218/2024_03_28_GBl_Nr_0022_signed.pdf	200	394577	d048107b827c1f19dd79d012c5925d124d0e1f41bcfa3a2ff52e67237fd892a9	4	6472	
2024	23	2024-03-28	https://www.gesetzblatt.bremen.de/fastmedia/218/2024_03_28_GBl_Nr_0023_signed.pdf	200	395789	95b7a2bf067ac174f1d5b2d624a61edafdbe52227bf46be2017fdd50efb21a33	2	1579	
2024	24	2024-04-05	https://www.gesetzblatt.bremen.de/fastmedia/218/2024_04_05_GBl_Nr_0024_signed.pdf	200	469793	9e5281cfdc52321bf0a3b817a66440cb2b4b2425f1f7155e3b9d6d8b1871ee8e	11	21781	
2024	25	2024-04-05	https://www.gesetzblatt.bremen.de/fastmedia/218/2024_04_05_GBl_Nr_0025_signed.pdf	200	435871	2c881c87167d1bfd7c4c06a50ba7a6b01acdf263fd1e62dd05785756e99f90a4	9	20060	
2024	26	2024-04-05	https://www.gesetzblatt.bremen.de/fastmedia/218/2024_04_05_GBl_Nr_0026_signed.pdf	200	371594	80f810bfe91375b656b7d4fcded86eea29de858626451683db9bf83c90130956	1	1124	
2024	27	2024-04-05	https://www.gesetzblatt.bremen.de/fastmedia/218/2024_04_05_GBl_Nr_0027_signed.pdf	200	401580	d0d08cbd1afcb19a2e3e97d9d5cf8b14e36ff1fba0264df49b09df4e67b7948f	5	10143	
2024	28	2024-04-08	https://www.gesetzblatt.bremen.de/fastmedia/218/2024_04_08_GBl_Nr_0028_signed.pdf	200	372607	18d39b448f2ba65705d9cb4ef222114b7b1ac559c92ee2dceaf394aa928318d6	1	872	
2024	29	2024-04-08	https://www.gesetzblatt.bremen.de/fastmedia/218/2024_04_08_GBl_Nr_0029_signed.pdf	200	389028	55b313289ad1ecd8090226570e03846189ea78eb87a9a9ff3c317a7c06b0ea15	3	4821	
2024	30	2024-04-10	https://www.gesetzblatt.bremen.de/fastmedia/218/2024_04_10_GBl_Nr_0030_signed.pdf	200	384038	e60056ea83d73114d88839dbf018e507eacf1320b4c1ca6560f4f487d41a6ad5	2	2786	
2024	31	2024-04-15	https://www.gesetzblatt.bremen.de/fastmedia/218/GBl_2024_04_15_Nr_0031_signed.pdf	200	201574	5979c5346eb466ccd6eb3b3a5fb0cf43a06a5ce435dfb47cd5fe5995b3a87574	1	551	
2024	32	2024-04-16	https://www.gesetzblatt.bremen.de/fastmedia/218/2024_04_16_GBl_Nr_0032_signed.pdf	200	410073	bf3944e61339f0eabb869725be72be00b7f966e9f016bd37315093e2aa32fa78	5	7177	
2024	33	2024-04-17	https://www.gesetzblatt.bremen.de/fastmedia/218/2024_04_17_GBl_Nr_0033_signed.pdf	200	376698	cd043d59c62d020e633839cadf3f51050a75770512ca5a82f6071d9c6b27b74a	1	1609	
2024	34	2024-04-17	https://www.gesetzblatt.bremen.de/fastmedia/218/2024_04_17_GBl_Nr_0034_signed.pdf	200	377981	8a65d187aa6c9bef7bf9709ebce028a51c41f4d4593632912d27ed304d3bfb67	2	1672	
2024	35	2024-04-26	https://www.gesetzblatt.bremen.de/fastmedia/218/2024_04_26_GBl_Nr_0035_signed.pdf	200	302711	b1f0192c9b75b2bbf550cf4c44d546a9857ff372313956a92d68c79ea59353e2	1	1372	
2024	36	2024-05-08	https://www.gesetzblatt.bremen.de/fastmedia/218/2024_05_08_GBl_Nr_0036_signed.pdf	200	204723	72913b4de81d8b6b64854e823a9f7cae79894f405fa2c105bab2e9bc9866ebdb	1	590	
2024	37	2024-05-15	https://www.gesetzblatt.bremen.de/fastmedia/218/2024_05_15_GBl_Nr_0037_signed.pdf	200	311629	e143c91b35bc5395ad2a2cdec5690bde1e30c9007ee6a829937dc60c7086dc9e	2	2950	
2024	38	2024-05-27	https://www.gesetzblatt.bremen.de/fastmedia/218/2024_05_27_GBl_Nr_0038_signed.pdf	200	210010	fa0c0793bb8ce1085b69fbbc6714f86d7181dc2d3c64faf460c46e808d2368f7	2	2667	
2024	39	2024-05-27	https://www.gesetzblatt.bremen.de/fastmedia/218/2024_05_27_GBl_Nr_0039_signed.pdf	200	967716	c9feb72cb8ce79b94ad0c242c4bd55cbd35c14e871deb19fc73b1a785d9e268d	3	946	
2024	40	2024-05-28	https://www.gesetzblatt.bremen.de/fastmedia/218/2024_05_28_GBl_Nr_0040_signed.pdf	200	307899	2252c397a19a52f41a0839971dc0259d546dd15ec36ec895611c0c9308392517	1	1342	
2024	41	2024-05-30	https://www.gesetzblatt.bremen.de/fastmedia/218/2024_05_30_GBl_Nr_0041_signed.pdf	200	727571	245d01f6d4962b58c068cb3489361c2babe6e91d2c36ad6efa133105d0f9ff47	22	38685	
2024	42	2024-05-30	https://www.gesetzblatt.bremen.de/fastmedia/218/2024_05_30_GBl_Nr_0042_signed.pdf	200	206923	fdad1e96dafda8f6f523cc47fa83905fe4154b750dcf3281f61cd82cac54bf59	1	1051	
2024	43	2024-05-31	https://www.gesetzblatt.bremen.de/fastmedia/218/2024_06_01_GBl_Nr_0043_signed.pdf	200	968831	908a69ce311457e57af863ef2bc652f5941e6b41e1149c6677beff48e355da1a	3	1284	
2024	44	2024-06-03	https://www.gesetzblatt.bremen.de/fastmedia/218/2024_06_03_GBl_Nr_0044_signed.pdf	200	817821	803ae7a40e077a05239bbd3718629eadd9d25906a14fb9fb76518c9552fa5840	28	42957	
2024	45	2024-06-05	https://www.gesetzblatt.bremen.de/fastmedia/218/2024_06_05_GBl_Nr_0045_signed.pdf	200	206670	67d6b46562b7124ef39b92da898e1b42dee74df782d859ba9b03428ba9ed7908	1	1685	
2024	46	2024-06-05	https://www.gesetzblatt.bremen.de/fastmedia/218/2024_06_05_GBl_Nr_0046_signed.pdf	200	207394	45f2bdfb5438b384bfce4aac87c6c453314406f4fe9bbd725dd12612e911f091	1	1705	
2024	47	2024-06-07	https://www.gesetzblatt.bremen.de/fastmedia/218/2024_06_07_GBl_Nr_0047_signed.pdf	200	226405	82d095fbd565871fe6ab84ff273c18576528820e78203a118a70677abcd30ac7	5	11501	
2024	48	2024-06-11	https://www.gesetzblatt.bremen.de/fastmedia/218/2024_06_11_GBl_Nr_0048_signed.pdf	200	303850	c99a5b5035c3ef53ffe68bc847b44cfed5a68b78f0a2b74b8e0e731a211ad081	1	1033	
2024	49	2024-06-11	https://www.gesetzblatt.bremen.de/fastmedia/218/2024_06_11_GBl_Nr_0049_signed.pdf	200	203738	82b251a3dc7ecae59e4114c2f301368664da40427fb4c05e41e07bde97375b52	1	458	
2024	50	2024-06-11	https://www.gesetzblatt.bremen.de/fastmedia/218/2024_06_11_GBl_Nr_0050_signed.pdf	200	310078	d9f16495cdcb072e7c9bdad457f65f107dabfa1b9c4094e25c24a7f3acb08493	2	4927	
2024	51	2024-06-20	https://www.gesetzblatt.bremen.de/fastmedia/218/2024_06_20_GBl_Nr_0051_signed.pdf	200	298186	c35146dc38825c73437dfe714895bdb39b114c1273cba6ace2986df58c33cff7	1	723	
2024	52	2024-06-21	https://www.gesetzblatt.bremen.de/fastmedia/218/2024_06_21_GBl_Nr_0052_signed.pdf	200	315507	e54d26bce7bd8a321e1adc25a959703163c981c83ff83957e68ff1a5e326e591	3	5371	
2024	53	2024-06-21	https://www.gesetzblatt.bremen.de/fastmedia/218/2024_06_21_GBl_Nr_0053_signed.pdf	200	296063	3ff906b72e8356ecb1a437fe9b94ae180c6808415b6fcda316bbb0437c5a1c71	1	521	
2024	54	2024-06-21	https://www.gesetzblatt.bremen.de/fastmedia/218/2024_06_21_GBl_Nr_0054_signed.pdf	200	958000	3507a82314934164f976366bdf7f0485d81d1c25300800f5b2430be5d01185ea	22	45289	
2024	55	2024-06-21	https://www.gesetzblatt.bremen.de/fastmedia/218/2024_06_21_GBl_Nr_0055_signed.pdf	200	948123	dc6c466d3b02161459ceeeed240465a6c19237e5b07c7e4b40aa9032b3e752f1	19	39920	
2024	56	2024-06-21	https://www.gesetzblatt.bremen.de/fastmedia/218/2024_06_21_GBl_Nr_0056_signed.pdf	200	307166	affdbc16ac73c5663c59004a0981b8e5daf7cdd8c9a3ffcebe1562e02fe32bb7	2	2194	
2024	57	2024-06-24	https://www.gesetzblatt.bremen.de/fastmedia/218/2024_06_24_GBl_Nr_0057_signed.pdf	200	874376	c1b7f3b8c5e369e792c495272cf7f6228dae8ee5f366675bd4e9ea813149cb75	104	243605	
2024	58	2024-06-24	https://www.gesetzblatt.bremen.de/fastmedia/218/2024_06_24_GBl_Nr_0058_signed.pdf	200	304571	2e8ffd9a85710e6f1674a2a0e6d70f6deead550d300f41754188607bddf4ea87	2	2203	
2024	59	2024-06-24	https://www.gesetzblatt.bremen.de/fastmedia/218/2024_06_24_GBl_Nr_0059_signed.pdf	200	319173	73602e266b6c91d1afc4df2fc3b0e31822edf624277adb7d9e4824eb4d2e75ae	4	5843	
2024	60	2024-06-25	https://www.gesetzblatt.bremen.de/fastmedia/218/2024_06_25_GBl_Nr_0060_signed.pdf	200	974009	c2783b9362888c01ff41241cdbe1e4f244511193429a035eec3a720a6e351550	105	242587	
2024	61	2024-06-26	https://www.gesetzblatt.bremen.de/fastmedia/218/2024_06_26_GBl_Nr_0061_signed.pdf	200	201417	7cee45340f36fcbba06fe47e7782d99b3491ec19dc5932b988990d59c2ec68ce	1	606	
2024	62	2024-06-26	https://www.gesetzblatt.bremen.de/fastmedia/218/2024_06_26_GBl_Nr_0062_signed.pdf	200	342097	2e660cca7687d47adbe6ff86d9f5230465df5cfe597ccc0987e531f70d5e994c	7	14336	
2024	63	2024-06-28	https://www.gesetzblatt.bremen.de/fastmedia/218/2024_06_28_GBl_Nr_0063_signed.pdf	200	469818	7b7ec3bafc4b37ec49df87314042d764f6d3c05b339ac0df8bded76e3759004e	29	66837	
2024	64	2024-06-28	https://www.gesetzblatt.bremen.de/fastmedia/218/2024_06_28_GBl_Nr_0064_signed.pdf	200	332869	2ce0abb50bae928d4ab9c0f2ebf783e95b205ac6ecb22f2eb28425c63bfdf1e9	6	11576	
2024	65	2024-06-28	https://www.gesetzblatt.bremen.de/fastmedia/218/2024_06_28_GBl_Nr_0065_signed.pdf	200	224742	241c00c3493263eca62e68de011b4692d0adfeacce84def03f2c63c19da75ae1	5	9196	
2024	66	2024-06-28	https://www.gesetzblatt.bremen.de/fastmedia/218/2024_06_28_GBl_Nr_0066_signed.pdf	200	305911	544bff4bb3378720b4b605f7e2c9e349b4df2d5c10fabe08b49bcb1f5f561e97	2	1660	
2024	67	2024-07-02	https://www.gesetzblatt.bremen.de/fastmedia/218/2024_07_02_GBl_Nr_0067_signed.pdf	200	296672	1f3ff4bf45f5242a72ecab3cc5c534589000b998d56638d9a7ce041d51db66ed	1	557	
2024	68	2024-07-03	https://www.gesetzblatt.bremen.de/fastmedia/218/2024_07_03_GBl_Nr_0068_signed.pdf	200	200454	71498da29572394abe1747a6772ead2424e9763f5429a4402a996b94bbe96a18	1	1175	
2024	69	2024-07-03	https://www.gesetzblatt.bremen.de/fastmedia/218/2024_07_03_GBl_Nr_0069_signed.pdf	200	301486	9b9d2de660e5b123041c25bddc4b28a17ad883f25bbcc0147f114e3eab9fc4d0	1	1385	
2024	70	2024-07-05	https://www.gesetzblatt.bremen.de/fastmedia/218/2024_07_05_GBl_Nr_0070_signed.pdf	200	200292	c3c325e33421074bee27975d7821f16b90c62f7c35c9f47712dbe49d05b940a3	1	733	
2024	71	2024-07-05	https://www.gesetzblatt.bremen.de/fastmedia/218/2024_07_05_GBl_Nr_0071_signed.pdf	200	202133	8b8b6af2a82ac31b6057aaef7f3031cd4abc1c53f5bf0d0c8cb68e4cb05e1e9f	1	917	
2024	72	2024-07-05	https://www.gesetzblatt.bremen.de/fastmedia/218/2024_07_05_GBl_Nr_0072_signed.pdf	200	398108	5cad96c1f710d23aed331101fdac65b3aa1c9d03aa96616a54bc38d077968aa9	1	774	
2024	73	2024-07-05	https://www.gesetzblatt.bremen.de/fastmedia/218/2024_07_05_GBl_Nr_0073_signed.pdf	200	351960	d13b6e40796c7895d930b7855975025caafec5519adadafb9942c975ccd723a0	9	18274	
2024	74	2024-07-05	https://www.gesetzblatt.bremen.de/fastmedia/218/2024_07_05_GBl_Nr_0074_signed.pdf	200	313125	a89781a5f12b318d8022c7cc9f5fc37ade15136dcf282f44ad427b1c4a160ec5	3	4964	
2024	75	2024-07-05	https://www.gesetzblatt.bremen.de/fastmedia/218/2024_07_05_GBl_Nr_0075_signed.pdf	200	353988	bbdb8902480d33a23004edf7ae7aa06405abd80848a7b3f4bbf23ad28a3d9a4a	8	17206	
2024	76	2024-07-05	https://www.gesetzblatt.bremen.de/fastmedia/218/2024_07_05_GBl_Nr_0076_signed.pdf	200	1159491	c460998effac9c67238bc3097df00c87bfa7657ada012896813a8c5d0a5e9d6e	8	959	
2024	77	2024-07-12	https://www.gesetzblatt.bremen.de/fastmedia/218/2024_07_12_GBl_Nr_0077_signed.pdf	200	411241	907f6088e6e421f950080f14d7e5923d90c5723b1df0d00d238efefbcd230721	20	40429	
2024	78	2024-07-24	https://www.gesetzblatt.bremen.de/fastmedia/218/2024_07_24_GBl_Nr_0078_signed.pdf	200	252296	0e726e80903ce715bc3e7dabd552e9c5fff57b6cdee51f359358410ec51f578a	8	16414	
2024	79	2024-07-25	https://www.gesetzblatt.bremen.de/fastmedia/218/2024_07_25_GBl_Nr_0079_signed.pdf	200	195811	fa95ba3e39f47cea39833cf4ffdc35733a8ec44b38c2c29a09b95873f777736f	1	540	
2024	80	2024-08-06	https://www.gesetzblatt.bremen.de/fastmedia/218/2024_08_06_GBl_Nr_0080_signed.pdf	200	205187	0845555430ce54922c28ca352e10415d4ae76646d38d72b0e276f92da29eab36	1	990	
2024	81	2024-08-06	https://www.gesetzblatt.bremen.de/fastmedia/218/2024_08_06_GBl_Nr_0081_signed.pdf	200	311002	997b206e7bd65ba92e3e987cdad673bacac80beffaad77dd0b44b82b61626aae	1	1699	
2024	82	2024-08-09	https://www.gesetzblatt.bremen.de/fastmedia/218/2024_08_09_GBl_Nr_0082_signed.pdf	200	304010	b77a843c93959b380a0639a14fa82fc99f09d3896542f673e00f1f7fa4248e17	1	1244	
2024	83	2024-08-19	https://www.gesetzblatt.bremen.de/fastmedia/218/2024_08_19_GBl_Nr_0083_signed.pdf	200	376986	e7230ef50ffdfa34884d3d0320888a68471a8e641c9e449c7e0ab1b4978700c1	13	19751	
2024	84	2024-08-19	https://www.gesetzblatt.bremen.de/fastmedia/218/2024_08_19_GBl_Nr_0084_signed.pdf	200	393994	b8f2132f7985247297530bbe995730c56485a24603ca5e1d10b76b80a75e74a2	18	38301	
2024	85	2024-08-19	https://www.gesetzblatt.bremen.de/fastmedia/218/2024_08_19_GBl_Nr_0085_signed.pdf	200	406447	bdca94faf074e4e97dddff0811cfda938c7047d717d4888fbd082ac3a300b1c5	21	46088	
2024	86	2024-08-22	https://www.gesetzblatt.bremen.de/fastmedia/218/2024_08_21_GBl_Nr_0086_signed.pdf	200	386323	a15896364acb123137d714eec9efd815e5e2dce6477aaa6a046cfce30e91e85b	16	32232	
2024	87	2024-09-04	https://www.gesetzblatt.bremen.de/fastmedia/218/2024_09_04_GBl_Nr_0087_signed.pdf	200	403066	c4b5b555a0c76564e48fa408d7d5c3b495c959ab7209f0ea5e7fe01bd4026350	2	1611	
2024	88	2024-09-10	https://www.gesetzblatt.bremen.de/fastmedia/218/2024_09_10_GBl_Nr_0088_signed.pdf	200	547469	09ac1bba58fd0fe2571e60aecfc8c175f5c444ec30feca19792db56506e31fc5	6	9432	
2024	89	2024-09-11	https://www.gesetzblatt.bremen.de/fastmedia/218/2024_09_11_GBl_Nr_0089_signed.pdf	200	478337	ac5ef7e9f9394739bc0bc694610b0931645662edea80bb7c94b5784e819fd220	18	33800	
2024	90	2024-09-19	https://www.gesetzblatt.bremen.de/fastmedia/218/2024_09_19_GBl_Nr_0090_signed.pdf	200	401417	aa333ee8d4a666bcaee5744f6b29b4d061e1c81fe960fb4dea707e5891ffc4cf	1	841	
2024	91	2024-09-20	https://www.gesetzblatt.bremen.de/fastmedia/218/2024_09_20_GBl_Nr_0091_signed.pdf	200	341285	c983d6ba25f25e8d690ffbdbe4ff5ac855eb8568957e47fbc158a43e65c7f20d	5	7330	
2024	92	2024-09-20	https://www.gesetzblatt.bremen.de/fastmedia/218/2024_09_20_GBl_Nr_0092_signed.pdf	200	223769	89b7c67012bd21f21b82daba86328cd59d48f8806c1f3292845e6be05bb2b63f	6	9323	
2024	93	2024-09-20	https://www.gesetzblatt.bremen.de/fastmedia/218/2024_09_20_GBl_Nr_0093_signed.pdf	200	501864	22e8bb07bec69e1484f94629c2a8586940e75080894e675d5711f31b5c36de71	2	1957	
2024	94	2024-09-20	https://www.gesetzblatt.bremen.de/fastmedia/218/2024_09_20_GBl_Nr_0094_signed.pdf	200	501201	92026ae05f197915663d9be3ac7b1a57f4c818da0a074745d577024ba492a2fb	2	1620	
2024	95	2024-09-27	https://www.gesetzblatt.bremen.de/fastmedia/218/2024_09_27_GBl_Nr_0095_signed.pdf	200	309629	61056c1c7230f28ac59cb0f671484ffc0dd30134a67ede585163369365cbf001	2	1794	
2024	96	2024-09-27	https://www.gesetzblatt.bremen.de/fastmedia/218/2024_09_27_GBl_Nr_0096_signed.pdf	200	305684	9f30b4b53406bc09d74aa924fe2f1c197f18338feef90cdd859f4de6e71e8fb3	2	2643	
2024	97	2024-09-27	https://www.gesetzblatt.bremen.de/fastmedia/218/2024_09_27_GBl_Nr_0097_signed.pdf	200	957188	cc8f290e6866db7293b2303ca54fc125d1e4b3989f8eb716e8059fbebb048f80	2	1464	
2024	98	2024-09-30	https://www.gesetzblatt.bremen.de/fastmedia/218/2024_09_30_GBl_Nr_0098_signed.pdf	200	309450	f11f7d802bce8d483e96b734764296d037632c21d0d96627172067b942286099	2	2707	
2024	99	2024-10-10	https://www.gesetzblatt.bremen.de/fastmedia/218/2024_10_10_GBl_Nr_0099_signed.pdf	200	200372	a58f622fe07428023f2c758523370de298337b268a5ca491af6e23b16250483a	1	1053	
2024	100	2024-10-10	https://www.gesetzblatt.bremen.de/fastmedia/218/2024_10_10_GBl_Nr_0100_signed.pdf	200	375521	51d457bc0dc22389c2db2eeb271b3db3a84aa06a4472dacf2b5739a64b591e72	10	20472	
2024	101	2024-10-12	https://www.gesetzblatt.bremen.de/fastmedia/218/2024_10_12_GBl_Nr_0101_signed.pdf	200	1647992	8ddc6d432026a577895edb50989844f7e01c761187b6093bc73d5fcbd9ab3db6	6	909	
2024	102	2024-10-12	https://www.gesetzblatt.bremen.de/fastmedia/218/2024_10_12_GBl_Nr_0102_signed.pdf	200	198552	37bf8cccdc27d6ae8cdd508ce621d840b8ab7d3fac1859a2ca2410a598396030	1	1404	
2024	103	2024-10-12	https://www.gesetzblatt.bremen.de/fastmedia/218/2024_10_12_GBl_Nr_0103_signed.pdf	200	5292176	b159799cedc988ceda325308971286360e55ff43178f85547f174c94ef47a912	36	3188	
2024	104	2024-10-15	https://www.gesetzblatt.bremen.de/fastmedia/218/2024_10_15_GBl_Nr_0104_signed.pdf	200	309063	dd5134716c1876374e945cdea52740250e032373d81382d3c56661c57b93b09c	2	3904	
2024	105	2024-10-30	https://www.gesetzblatt.bremen.de/fastmedia/218/2024_10_30_GBl_Nr_0105_signed.pdf	200	401755	ef30b1ae6877b777daa2d52b8e09f5b470d2fd62df2630b82b49a4524a9903a2	17	33843	
2024	106	2024-10-30	https://www.gesetzblatt.bremen.de/fastmedia/218/2024_10_30_GBl_Nr_0106_signed.pdf	200	302696	26aff3bac735a1bc0eb997d19d4b592bc7886260e7618a1c31db30a1f0fd9316	1	1376	
2024	107	2024-10-31	https://www.gesetzblatt.bremen.de/fastmedia/218/2024_10_31_GBl_Nr_0107_signed.pdf	200	300532	de637cfb738a32cdfb2023356cddba580ab0ba552885ebc6364b7f08f4e7cdc9	1	818	
2024	108	2024-10-31	https://www.gesetzblatt.bremen.de/fastmedia/218/2024_10_31_GBl_Nr_0108_signed.pdf	200	203038	c5156227c4fabb0481f7098764d6e4e5a9c50c337a351d6fe29623c581666f34	1	813	
2024	109	2024-10-31	https://www.gesetzblatt.bremen.de/fastmedia/218/2024_10_31_GBl_Nr_0109_signed.pdf	200	302485	3df3c5b6d941841a2a97f0d28cf5027ace35a32faa196b94fe91886232690a7a	1	806	
2024	110	2024-10-31	https://www.gesetzblatt.bremen.de/fastmedia/218/2024_10_31_GBl_Nr_0110_signed.pdf	200	303578	66f143d81cde7b2e2b5200f29c111feaa26d44d23b27826d409065c4d9ffaec3	1	790	
2024	111	2024-10-31	https://www.gesetzblatt.bremen.de/fastmedia/218/2024_10_31_GBl_Nr_0111_signed.pdf	200	303303	a1ec62fe17de602f8f5c0558445cc8466ce04f128b6b09117e655ef48e953a4e	1	802	
2024	112	2024-10-31	https://www.gesetzblatt.bremen.de/fastmedia/218/2024_10_31_GBl_Nr_0112_signed.pdf	200	304494	b34e3aaa620b59230f0c17eb6e50c5f5e789c4a70a405f77c40f036bd5c6af29	1	795	
2024	113	2024-10-31	https://www.gesetzblatt.bremen.de/fastmedia/218/2024_10_31_GBl_Nr_0113_signed.pdf	200	304457	8c17a365834823a1f03659d700995e6349bbe97260d57f72570def4efac7fbd0	1	802	
2024	114	2024-10-31	https://www.gesetzblatt.bremen.de/fastmedia/218/2024_10_31_GBl_NR_0114_signed.pdf	200	305440	9dac0034ed2f7f7dd2f63383d91f58536740525a4f1c5100931ebf121bd2701f	1	1132	
2024	115	2024-11-05	https://www.gesetzblatt.bremen.de/fastmedia/218/2024_11_05_GBl_Nr_0115_signed.pdf	200	306467	92c4de9dbfaebbeec1d299a411fe4d8e6ffdd7225c9582b11c94fe6b1127a82f	3	3963	
2024	116	2024-11-14	https://www.gesetzblatt.bremen.de/fastmedia/218/2024_11_14_GBl_Nr_0116_signed.pdf	200	209117	c963d3d4391eb6032b94dfc13545b7a2f0ec658708134a1ed18c047caff7af8f	2	2220	
2024	117	2024-11-19	https://www.gesetzblatt.bremen.de/fastmedia/218/2024_11_19_GBl_Nr_0117_signed.pdf	200	206254	e49105f48c65ac1f7a552515a322e70f8960455b34908ba80e713e48608916bc	2	1747	
2024	118	2024-11-19	https://www.gesetzblatt.bremen.de/fastmedia/218/2024_11_19_GBl_Nr_0118_signed.pdf	200	281149	2f7afc0fa8a84cd60419f83e4c0c68439a50ebd4a437137467a4e39a0fe91df5	7	8953	
2024	119	2024-11-20	https://www.gesetzblatt.bremen.de/fastmedia/218/2024_11_20_GBl_Nr%200119_signed.pdf	200	325893	0de6331d8a7f6a01b2f196029a7537acc8f43317eb9b68e6d5513c4fd90374ed	5	8501	
2024	120	2024-11-20	https://www.gesetzblatt.bremen.de/fastmedia/218/2024_11_20_GBl_Nr_0120_signed.pdf	200	1685152	9684447adcec8ae0ebca3d9e01c2b2136a32dd9094b907dd8ab841da4c93334e	193	462987	
2024	121	2024-11-20	https://www.gesetzblatt.bremen.de/fastmedia/218/2024_11_19_GBl_Nr_0121_signed.pdf	200	298437	41e7f51d8fccce68ba52a7b70cd8991985f0acc14ac2472ed65f3c210b4967a9	1	629	
2024	122	2024-11-20	https://www.gesetzblatt.bremen.de/fastmedia/218/2024_11_20_GBl_Nr%20122_signed.pdf	200	211727	87211899ce834b4940d4fcea66e21c3b82d00493ecd93df5067d741074601908	3	6244	
2024	123	2024-11-21	https://www.gesetzblatt.bremen.de/fastmedia/218/2024_11_21_GBl_Nr_123_signed.pdf	200	322905	abbb0e6b6c1014f485e2671f6714c54e3d868a5aa31aa30f1f68c2dc6e5ee40e	4	8301	
2024	124	2024-11-22	https://www.gesetzblatt.bremen.de/fastmedia/218/2024_11_22_GBl_Nr_0124_signed.pdf	200	201209	acc629b7ed80e07dbfc2b0e2f78ac4edcf1ded00c435a10ceac61fc09e97b1ab	1	929	
2024	125	2024-11-27	https://www.gesetzblatt.bremen.de/fastmedia/218/2024_11_27_GBl_Nr_0125_signed.pdf	200	208295	8a742b244cb35c56f5fa6af5634ef3b67557622186eb3b7db6e3a3b736940c6a	2	1960	
2024	126	2024-11-27	https://www.gesetzblatt.bremen.de/fastmedia/218/2024_11_27_GBl_Nr_0126_signed.pdf	200	218618	dae8e1d2abbe8b75ddffd734a5c9d9b2ac97828ce277158bdcf0737bfb676dbf	1	492	
2024	127	2024-11-29	https://www.gesetzblatt.bremen.de/fastmedia/218/2024_11_29_GBl_Nr_0127_signed.pdf	200	199419	f2ae7143afc69157468c329640c4d43d6be28f2a71799f7db74969c894ef849f	1	736	
2024	128	2024-12-03	https://www.gesetzblatt.bremen.de/fastmedia/218/2024_12_03_GBl_Nr_0128_signed.pdf	200	300191	5802ff8b620b239c601b0fd916a9b6754eb7fbdc49d6d01ade05b85e6872bd1f	1	967	
2024	129	2024-12-03	https://www.gesetzblatt.bremen.de/fastmedia/218/2024_12_03_GBl_Nr_0129_signed.pdf	200	293888	a08cc3ba11dcf4d2c18286849d7d5afed944eda4220db6798beae26d027dab42	1	1085	
2024	130	2024-12-03	https://www.gesetzblatt.bremen.de/fastmedia/218/2024_12_03_GBl_Nr_0130_signed.pdf	200	298642	136404759785e2a337739cf351491382fc9fbd123fd0674127fcd3fd23b85c92	1	1485	
2024	131	2024-12-03	https://www.gesetzblatt.bremen.de/fastmedia/218/2024_12_03_GBl_Nr_0131_signed.pdf	200	246006	03cdb3844585a221ff320a04305cea98997df288c6134fa3c400128ee3aa6fdd	7	14683	
2024	132	2024-12-03	https://www.gesetzblatt.bremen.de/fastmedia/218/2024_12_03_GBl_Nr_0132_signed.pdf	200	299163	bf86e4f9efcc8bf52453f41107adbc35ddee1a724429b903413b39f16a2ed516	1	961	
2024	133	2024-12-04	https://www.gesetzblatt.bremen.de/fastmedia/218/2024_12_04_GBl_Nr_0133_signed.pdf	200	211261	ae9edf496174724ecaaae370e1e8610e20c8d055f290c43e555bc352e031d544	3	2815	
2024	134	2024-12-04	https://www.gesetzblatt.bremen.de/fastmedia/218/2024_12_04_GBl_Nr_0134_signed.pdf	200	301571	c6ca6485b789a86efc89a003925148e54dd1949033bbdbe0103ca81724567950	1	1320	
2024	135	2024-12-04	https://www.gesetzblatt.bremen.de/fastmedia/218/2024_12_04_GBl_Nr%200135_signed.pdf	200	377232	f0bb0d2b89eea9acd7c6d576d357cf6b5895ffc36b84da7404ac97ff5d3dba20	1	547	
2024	136	2024-12-04	https://www.gesetzblatt.bremen.de/fastmedia/218/2024_12_04_GBl_Nr%200136_signed.pdf	200	652952	6317bb2bff0f5ca2b30c28910161dfdcc9b3684b288d36d098cb439914b05474	19	34046	
2024	137	2024-12-06	https://www.gesetzblatt.bremen.de/fastmedia/218/2024_12_06_GBl_Nr%200137_signed.pdf	200	296023	1dcc15a1f680b55e4d8d2aaa3206171241faf7fe811927f0536b785627a26593	1	558	
2024	138	2024-12-10	https://www.gesetzblatt.bremen.de/fastmedia/218/2024_12_10_GBl_Nr_0138_signed.pdf	200	306108	2cf86323d62a2af249929a8e35ae3e3b6ca99706f0d42c55050543e089a38afa	1	1672	
2024	139	2024-12-10	https://www.gesetzblatt.bremen.de/fastmedia/218/2024_12_10_GBl_Nr_0139_signed.pdf	200	306375	d1b8689773e8b8a10daa6ec3997a5209142571523e183f04768388f2fa0e802c	2	2786	
2024	140	2024-12-10	https://www.gesetzblatt.bremen.de/fastmedia/218/2024_12_10_GBl_Nr_0140_signed.pdf	200	200354	eb21c4798f26a879a75b727a9185661bea565d2c4420621fc002d2eb0c77cec9	1	1248	
2024	141	2024-12-12	https://www.gesetzblatt.bremen.de/fastmedia/218/2024_12_12_GBl_Nr_0141_signed.pdf	200	202795	1c7301f63f2abaa2e8641d04804248dabd4a5dcd3f715bc67b5a2af9a654a096	1	869	
2024	142	2024-12-14	https://www.gesetzblatt.bremen.de/fastmedia/218/2024_12_14_GBl_Nr_0142_signed.pdf	200	303001	6fea1e74d46d586c241f74c5fc21ea415ad578f2143d1007ab30df2abb460bca	1	1299	
2024	143	2024-12-17	https://www.gesetzblatt.bremen.de/fastmedia/218/2024_17_12_GBl_Nr_0143_signed.pdf	200	422070	603ae2ee38d2bdf08aa6fe066c6bc1572e02aec0093e7f428fcd16446c825e02	20	43723	
2024	144	2024-12-17	https://www.gesetzblatt.bremen.de/fastmedia/218/2024_12_17_GBl_Nr%200144_signed.pdf	200	414350	d506fef9bfb3d9832845cf0c9cb279c4d2c3022c63e7bbc00016ab060a5b69b7	19	39926	
2024	145	2024-12-18	https://www.gesetzblatt.bremen.de/fastmedia/218/2024_12_18_GBl_Nr_0145_signed.pdf	200	305307	de943c958c836ccfb3b6d0e918b0ef2d7fbbda1a3837958cbaadc4e28bcd3e4a	2	1608	
2024	146	2024-12-18	https://www.gesetzblatt.bremen.de/fastmedia/218/2024_12_18_GBl_Nr_0146_signed.pdf	200	302286	1f856af161ad7207ef6fec45c12d5dbc02c2e4c38dac010c3bb7bdd381c78647	1	821	
2024	147	2024-12-18	https://www.gesetzblatt.bremen.de/fastmedia/218/2024_12_18_GBl_Nr_0147_signed.pdf	200	302852	ded86806dadc74debfd7b18eef0cd47b52b6f36505a14bbcbe471aae6d33b63f	1	1310	
2024	148	2024-12-19	https://www.gesetzblatt.bremen.de/fastmedia/218/2024_12_19_GBl_Nr_0148_signed.pdf	200	479862	2fa65739b70cec6816345da5668f29cc552a2bdade81de8f360210cba502b4a2	1	900	
2024	149	2024-12-19	https://www.gesetzblatt.bremen.de/fastmedia/218/2024_12_19_GBl_Nr_0149_signed.pdf	200	478629	bc02be8280ab588f013cf5477a379ad1e19c9531545b270d7e5f9cb86dc59d5e	1	1144	
2024	150	2024-12-19	https://www.gesetzblatt.bremen.de/fastmedia/218/Ausfe2024_12_19_GBl_Nr_0150_signed.pdf	200	318748	630fb0d3bca0d143f2e3dbc4e5b503613c372d4cdc1d6d27bf23befa6f66d21e	4	5519	
2024	151	2024-12-19	https://www.gesetzblatt.bremen.de/fastmedia/218/2024_12_19_GBl_Nr_0151_signed.pdf	200	303142	c39388c83cb1f2f4373f444397d14ecad73e6fd6999ee6b3e4f09fe69c892c42	2	1498	
2024	152	2024-12-19	https://www.gesetzblatt.bremen.de/fastmedia/218/2024_12_20_GBl_Nr_0152_signed.pdf	200	300421	b7ec2f40cb3309b9616725cbb17e25d8393b0adb3d1d7ee12400c17e553a1c2e	1	1069	
2024	153	2024-12-19	https://www.gesetzblatt.bremen.de/fastmedia/218/2024_12_19_GBl_Nr_0153_signed.pdf	200	302337	9a8ef537a3b1e388862ccb75e345910830a669f05f6113070939caf55bfd2002	1	1237	
2024	154	2024-12-20	https://www.gesetzblatt.bremen.de/fastmedia/218/2024_12_20_GBl_Nr_0154%20NEU_signed.pdf	200	2523781	d61eaba4a7f9851e73ecce28620fb822c1f566842025cd178817b3c5496f3a5b	8	1851	
2024	155	2024-12-20	https://www.gesetzblatt.bremen.de/fastmedia/218/2024_12_20_GBl_Nr_0155_signed.pdf	200	424834	47dae29b238801feb1687bbfa4a5a48f3b261a892b3b59d7aa8d5fbb4354560e	8	13200	
2024	156	2024-12-20	https://www.gesetzblatt.bremen.de/fastmedia/218/2024_12_20_GBl_Nr_0156_signed.pdf	200	307099	14d88dfc62d3f4892683ed1d5e9b939f12d5e27ddac5aa309e352f3443f1e822	2	2308	
2024	157	2024-12-20	https://www.gesetzblatt.bremen.de/fastmedia/218/2024_12_20_GBl_Nr_0157_signed.pdf	200	206931	e0501c85244e88c8cd69307c80c084b337558fedd3cbb3bbc6817f9971d71f6a	2	2457	
2024	158	2024-12-20	https://www.gesetzblatt.bremen.de/fastmedia/218/2024_12_20_GBl_Nr_0158_signed.pdf	200	301438	facbfc8c4dd83033b9d7af89dc1c40b8fcf9de006c1f2d8ee3f5b2ce465d128e	1	999	
2024	159	2024-12-20	https://www.gesetzblatt.bremen.de/fastmedia/218/2024_12_20_GBl_Nr_0159_signed.pdf	200	302027	a8dbdc1f16fce4ed4727e01ac5c63de54b7886cde0333ce35cee51664f049bd2	1	1262	
2025	1	2025-01-07	https://www.gesetzblatt.bremen.de/fastmedia/218/2025_01_07_GBl_Nr_0001_signed.pdf	200	305197	6f33e2721bafdbf6b19d0bfcf33dc493d8fa49f2550f2a102bc3197ca06232d6	2	1734	
2025	2	2025-01-07	https://www.gesetzblatt.bremen.de/fastmedia/218/2025_01_07_GBl_Nr_0002_signed.pdf	200	323750	7762664b18407adb4b3cd0401605eee6048b18bded5e30ba13e6af3f8df80890	6	9696	
2025	3	2025-01-07	https://www.gesetzblatt.bremen.de/fastmedia/218/2025_01_07_GBl_Nr_0003_signed.pdf	200	323229	68f79353c7c0b4b2a0349045f94f5b5095b7916a851bda71145a9f46b480cf14	5	6337	
2025	4	2025-01-16	https://www.gesetzblatt.bremen.de/fastmedia/218/2025_01_16_GBl_Nr_0004_signed.pdf	200	309796	e59d437acb176653c79ace56790c6e512027f60bc60d9dfbcee4122d4877a844	2	3193	
2025	5	2025-01-24	https://www.gesetzblatt.bremen.de/fastmedia/218/2025_01_24_GBl_Nr_0005_signed.pdf	200	328785	5a33cccd2261f4127ad422955629a406a0df2e4edf53a933d98fc95aa9c6f24e	3	4633	
2025	6	2025-02-05	https://www.gesetzblatt.bremen.de/fastmedia/218/2025_02_05_GBl_Nr_0006_signed.pdf	200	861679	7150f47d80dd3820cf7bba9db53285d47e7121bb3d18cec9fcf2a42eb7668f83	3	3031	
2025	7	2025-02-05	https://www.gesetzblatt.bremen.de/fastmedia/218/2025_02_05_GBl_Nr_0007_signed.pdf	200	322194	2ade6a75e65879b8ab637ff0d8e44c99c691a54015d0ecca94bf1b698b09ba94	4	7199	
2025	8	2025-02-05	https://www.gesetzblatt.bremen.de/fastmedia/218/2025_02_05_GBl_Nr_0008_signed.pdf	200	305336	e841389212852dea683efead6d587479a6b7a60a80297ae19c54bdfcace66f4a	1	1890	
2025	9	2025-02-05	https://www.gesetzblatt.bremen.de/fastmedia/218/2025_02_05_GBl_Nr_0009_signed.pdf	200	302515	c3e9f26725a212e71ebfd55eb10e79adb1d1caf762fde84fe0e08eb5716acfa3	2	1395	
2025	10	2025-02-18	https://www.gesetzblatt.bremen.de/fastmedia/218/2025_02_18_GBl_Nr_0010_signed.pdf	200	210560	4b8a74bc5e0e9092df369d3095334adc812955ba85c2c538d57575c739b92c10	2	2591	
2025	11	2025-02-20	https://www.gesetzblatt.bremen.de/fastmedia/218/2025_02_20_GBl_Nr_0011_signed.pdf	200	199021	131ed0eb55ede5932992088d010feaa8c6a544b57a222a1f4a4afb050b163df7	1	610	
2025	12	2025-02-21							Gesetzblatt 2025 Nr. 12 wurde zurückgezogen
2025	13	2025-02-21	https://www.gesetzblatt.bremen.de/fastmedia/218/2025_02_21_GBl_Nr_0013_signed.pdf	200	227933	dddae0940b9d15dd07e31fe06694fdc2d2a6116412e1def0b1a99492bdb29b8b	2	1720	
2025	14	2025-03-04	https://www.gesetzblatt.bremen.de/fastmedia/218/2025_02_282025_03_04_GBl_Nr_0014_signed.pdf	200	364165	101a699fdfaf5e72d567d90deb636f8cbae01fd8d32e71d7c50a47398fdeabb4	10	12696	
2025	15	2025-03-11	https://www.gesetzblatt.bremen.de/fastmedia/218/2025_03_11_GBl_Nr_0015_signed.pdf	200	298430	3cc7dfd860e04166827e6ff1290874edd8e275e2bf0dbb0dd7b818cca10faf39	1	525	
2025	16	2025-03-12	https://www.gesetzblatt.bremen.de/fastmedia/218/2025_03_1_signed.pdf	200	202834	67da183de40fe48710f324011e342314030971e90de15660ffd31dbd356375db	1	1037	
2025	17	2025-03-12	https://www.gesetzblatt.bremen.de/fastmedia/218/2025_03_12_GBl_Nr_0017_signed.pdf	200	547807	ca1150e8d3db9da1b0f7fea0ea20be88f69a898da559a8f2c86636e829c8699a	6	9357	
2025	18	2025-03-21	https://www.gesetzblatt.bremen.de/fastmedia/218/2025_03_21_GBl_Nr_0018_signed.pdf	200	311421	74888ee5645e85c759cb7ef6a194757ca67dffde3fbdbe5481ad1006a2d0528d	2	3629	
2025	19	2025-03-21	https://www.gesetzblatt.bremen.de/fastmedia/218/2025_03_21_GBl_Nr_0019_signed.pdf	200	482784	8b478e78ba18d8576481f7c46327a46f1058bbb6efed54caa32c0d2ca8b8df70	2	1479	
2025	20	2025-03-21	https://www.gesetzblatt.bremen.de/fastmedia/218/2025_03_21_GBl_Nr_0020_signed.pdf	200	308487	4c709212c3add90877e4ac64b205a17120c4dd38ff9fafe7440ba41677659729	2	3245	
2025	21	2025-03-21	https://www.gesetzblatt.bremen.de/fastmedia/218/2025_03_21_GBl_Nr_0021_signed.pdf	200	325236	2ca0cd3415cbe0f4432e4511aa51d6b82969fcc566c5f5a24520764a7fdbc44d	4	6837	
2025	22	2025-03-26	https://www.gesetzblatt.bremen.de/fastmedia/218/2025_03_26_GBl_Nr_0022_signed.pdf	200	419220	66d6732b933cdbf9ff1cf439ff6b5312d9ed75ca57dabda4c972d263388c511e	9	21725	
2025	23	2025-03-26	https://www.gesetzblatt.bremen.de/fastmedia/218/2025_03_26_GBl_Nr_0023_signed.pdf	200	667451	5de390d52fd0f24645b7595baccb16210edcbc7895a8a0877a8a14ee0dbb32df	2	546	
2025	24	2025-03-26	https://www.gesetzblatt.bremen.de/fastmedia/218/2025_03_26_GBl_Nr_0024_signed.pdf	200	509977	08e1df62e1deafc8397abde017bfaa934888b1429457823c087428f2adef20a1	44	90119	
2025	25	2025-03-26	https://www.gesetzblatt.bremen.de/fastmedia/218/2025_03_26_GBl_Nr_0025_signed.pdf	200	296161	696b185eb00c08081d24a79870cf754e63c2985dbb1fcb33311ac065392c58ff	1	696	
2025	26	2025-03-27	https://www.gesetzblatt.bremen.de/fastmedia/218/2025_03_27_GBl_Nr_0026_signed.pdf	200	305522	793dcf3157ef1c848b47d48975f03729583c2739413ebb85f1ffaa50dc4ed2fe	2	3130	
2025	27	2025-04-01	https://www.gesetzblatt.bremen.de/fastmedia/218/2025_04_01_GBl_Nr_0027_signed.pdf	200	200594	714498688850407a93a48babdc357694fd41bfdcaef6364d46939a705b830564	1	856	
2025	28	2025-04-03	https://www.gesetzblatt.bremen.de/fastmedia/218/2025_04_03_GBl_Nr_0028_signed.pdf	200	209800	4964c12ccd7481832d8f4ac51336a29bc905e243625a13e3e235d64c3c661b40	3	3976	
2025	29	2025-04-03	https://www.gesetzblatt.bremen.de/fastmedia/218/2025_04_03_GBl_Nr_0029_signed.pdf	200	2020586	51d2f1e1e26639644e7f57536461822321a7a1294d91c1e1054d7556544ed40b	130	432703	
2025	30	2025-04-05	https://www.gesetzblatt.bremen.de/fastmedia/218/2025_04_05_GBl_Nr_0030_signed.pdf	200	298600	aebf9068df3fa9dd6f5eea243d26ced64d2309b0a330ebf3c4ebaa7716fb1d23	1	565	
2025	31	2025-04-08	https://www.gesetzblatt.bremen.de/fastmedia/218/2025_04_08_GBl_Nr_0031_signed.pdf	200	315546	8613d9beaf64d2367ccef849ad87f3a3b2708752e043ab4f12367043e1a40704	3	4496	
2025	32	2025-04-11	https://www.gesetzblatt.bremen.de/fastmedia/218/2025_04_11_GBl_Nr_0032_signed.pdf	200	317396	9a61d42d796ec25a1261123e84b2406eaae623d92254a197ef513d742066bc4c	3	5168	
2025	33	2025-04-11	https://www.gesetzblatt.bremen.de/fastmedia/218/2025_04_11_GBl_Nr%200033_signed.pdf	200	625558	bf10daa87f900856f923d972b8b68c6efe6035228108af04ac8d81f5de67d020	65	148342	
2025	34	2025-04-11	https://www.gesetzblatt.bremen.de/fastmedia/218/2025_04_11_GBl_Nr_0034_signed.pdf	200	463929	865e065edab8228b34cd4a84f8f63f9560e1ba0a11227cbd1c6277d50d755a7a	26	53035	
2025	35	2025-04-11	https://www.gesetzblatt.bremen.de/fastmedia/218/2025_04_11_GBl_Nr_0035_signed.pdf	200	220789	a3b8f3d381c148bbc6bc49fe8f2a6bd2b4b3dcaa36213541c43cba493d36c8d5	4	8569	
2025	36	2025-04-12	https://www.gesetzblatt.bremen.de/fastmedia/218/2025_04_12_GBl_Nr_0036_signed.pdf	200	4401190	02e40184c24ef6d0a0204d2fd23fcb35f32e8605db1fb35512488aab1a616a62	26	2706	
2025	37	2025-04-16	https://www.gesetzblatt.bremen.de/fastmedia/218/2025_04_16_GBl_Nr%200037_signed.pdf	200	303938	eb5899f6ec87816c20333ff5e53c92ef828a07ff14c5d10760d4b810afe8ed6e	1	1574	
2025	38	2025-04-26	https://www.gesetzblatt.bremen.de/fastmedia/218/2025_04_26_GBl_Nr_0038_signed.pdf	200	323454	6b364ac0064fb21abde0a0bfaa1ffa1c448060141acc5fcc54ade480e46a46d6	4	6952	
2025	39	2025-04-26	https://www.gesetzblatt.bremen.de/fastmedia/218/2025_04_26_GBl_Nr_0039_signed.pdf	200	341355	6f5ab1fd3e765bd1d4219782125669a39b9b8c80469a07ab0b0d481fb9488c90	7	10121	
2025	40	2025-04-29	https://www.gesetzblatt.bremen.de/fastmedia/218/2025_04_29_GBl_Nr_0040_signed.pdf	200	303073	0fcbd204eb775d5e386169c805c087eebc861d29a8a87288909af2c266dcdb02	2	1633	
2025	41	2025-05-01	https://www.gesetzblatt.bremen.de/fastmedia/218/2025_05_01_GBl_Nr_0041_signed.pdf	200	312402	fcb25a8f8acb9eb8a93f1e07d1b01af804050d7879632b42b3b397cb496b6c49	2	1827	
2025	42	2025-05-01	https://www.gesetzblatt.bremen.de/fastmedia/218/2025_05_01_GBl_Nr_0042_signed.pdf	200	308408	5403931a0cbba8bdf0d0429575dce2ca156ee8bb47d048e6d082806a9c4ac41f	2	2576	
2025	43	2025-05-03	https://www.gesetzblatt.bremen.de/fastmedia/218/2025_05_03_GBl_Nr_0043_signed.pdf	200	317486	1607ebe7c80a00af989aa0566b053a12e994937f5ff0f4085a5a4b2faee9ee0c	3	6055	
2025	44	2025-05-08	https://www.gesetzblatt.bremen.de/fastmedia/218/2025_05_08_GBl_Nr%200044_signed.pdf	200	222005	5a680d82e34afb62b02f1c8049cce66222f715a1741b906d206b4874a7e2ef42	5	11290	
2025	45	2025-05-08	https://www.gesetzblatt.bremen.de/fastmedia/218/2025_05_08_GBl_Nr_0045_signed.pdf	200	379807	ec831cab6caa2768eb6ad84ada1a722511b791fffdad8be998c7101066620f61	15	32545	
2025	46	2025-05-08	https://www.gesetzblatt.bremen.de/fastmedia/218/2025_05_08_GBl_Nr_0046_signed.pdf	200	375688	dbecb43a31509227746c2d5a6ddaa4827d927e8ce03bdff5af3c9c2db6c85186	14	29861	
2025	47	2025-05-08	https://www.gesetzblatt.bremen.de/fastmedia/218/2025_05_08_GBl_Nr_0047_signed.pdf	200	360303	91b73cdc830d619efdda07c39225c1ec52bdf75c90dd739d102421ef0fe0f8d5	11	27906	
2025	48	2025-05-08	https://www.gesetzblatt.bremen.de/fastmedia/218/2025_05_08_GBl_Nr_0048_signed.pdf	200	355973	4b7e8d06e9829e5d6ce33ecfd4abbea432f475544a41ab6a83d9367bb6c9af47	10	24388	
2025	49	2025-05-08	https://www.gesetzblatt.bremen.de/fastmedia/218/2025_05_08_GBl_Nr_0049_signed.pdf	200	316170	b0b75e13f5ea034b8131880cb8282e87d69ce51354868164179d04e2e0c2727e	2	2846	
2025	50	2025-05-15	https://www.gesetzblatt.bremen.de/fastmedia/218/2025_05_15_GBl_Nr_0050_signed.pdf	200	210025	41f1a0114a35905fc8eb7e60f77b0755856d96d78423b8b5a8d4b95f85f1bfcc	2	2758	
2025	51	2025-05-15	https://www.gesetzblatt.bremen.de/fastmedia/218/2025_05_15_GBl_Nr_0051_signed.pdf	200	306312	12a496d8d60a56693b1ca5133e843fef9f5d08a595ac391f8110fc0ce478931e	1	1025	
2025	52	2025-05-15	https://www.gesetzblatt.bremen.de/fastmedia/218/2025_05_15_GBl_Nr_0052_signed.pdf	200	483826	0c624faa235ed9af7867e27a8cc3b5e007b2cd4be5fa99778e41a8949a34bf68	1	1410	
2025	53	2025-05-21	https://www.gesetzblatt.bremen.de/fastmedia/218/2025_05_21_GBl_Nr_0053_signed.pdf	200	312319	3b2d8c2bb8ed87cdc65cab7df30c2bb694d2ed7280739bdf20ea5a05d5e771e7	2	3250	
2025	54	2025-05-24	https://www.gesetzblatt.bremen.de/fastmedia/218/2025_05_24_GBl_Nr_0054_signed.pdf	200	298970	df0938d64187f0fded72d2e56b2ac0e48620ec1e195322727f92605e9e54c836	1	728	
2025	55	2025-05-24	https://www.gesetzblatt.bremen.de/fastmedia/218/2025_05_24_GBl_Nr_0055_signed.pdf	200	299065	b21214f7bb1329083476a24a07b18c0ae1ea66a2cc8f47090fd47de79141cdd1	1	880	
2025	56	2025-05-24	https://www.gesetzblatt.bremen.de/fastmedia/218/2025_05_24_GBl_Nr_0056_signed.pdf	200	298085	a9dfab5dffbca4317e589026588768238a0c0c41b7346254fbf928d995fbaa32	1	810	
2025	57	2025-05-24	https://www.gesetzblatt.bremen.de/fastmedia/218/2025_05_24_GBl_Nr_0057_signed.pdf	200	301555	47660b62ecd9293602e03600706eeed3cc32830f82fc2c1b13f0e06fdcc123f2	1	850	
2025	58	2025-05-24	https://www.gesetzblatt.bremen.de/fastmedia/218/2025_05_24_GBl_Nr_0058_signed.pdf	200	300232	03da745946202bce1ba4518ffab768c7af9f2f8a4cf16daeb13ff8e3e023edca	1	869	
2025	59	2025-05-28	https://www.gesetzblatt.bremen.de/fastmedia/218/2025_05_28_GBl_Nr_0059_signed.pdf	200	304887	46bbb785906f443cf638318e0af6e9d34af94b063aee14cf2bbf318fc9064a8e	1	1172	
2025	60	2025-05-30	https://www.gesetzblatt.bremen.de/fastmedia/218/2025_05_30_GBl_Nr_0060_signed.pdf	200	323452	a6b17c20c6054aeb27bdaaaee92d42b68763f64ecce72244e6cc66af62bb9d81	3	3679	
2025	61	2025-05-30	https://www.gesetzblatt.bremen.de/fastmedia/218/2025_05_30_GBl_Nr_0061_signed.pdf	200	533546	def700c830d2f6fa0da61b0c39c93bc2cab6886124aa883355be56847fd4db35	10	21925	
2025	62	2025-05-30	https://www.gesetzblatt.bremen.de/fastmedia/218/2025_05_30_GBl_Nr_0062_signed.pdf	200	316149	e64d793093e46ab3d049a4313a45086f5b9cff2662ba6c4e1744ac5216a32c77	3	6709	
2025	63	2025-05-30	https://www.gesetzblatt.bremen.de/fastmedia/218/2025_05_30_GBl_Nr_0063_signed.pdf	200	322719	8652c75fcb87437e74d8d5c3efa1be89550dc9c1e8830f466d3c68ccd205619a	4	7293	
2025	64	2025-05-30	https://www.gesetzblatt.bremen.de/fastmedia/218/2025_05_30_GBl_Nr_0064_signed.pdf	200	623404	1fdeb4810b7b3ddf1913354f9ba248a210e4d50f15a7807c196ff40f58574d91	10	12370	
2025	65	2025-05-30	https://www.gesetzblatt.bremen.de/fastmedia/218/2025_05_30_GBl_Nr_0065_signed.pdf	200	303604	98d739c433586c764a0d6a1d5fbb511369ee9a41711a47ed8e280cdd703b5a90	1	1210	
2025	66	2025-06-05	https://www.gesetzblatt.bremen.de/fastmedia/218/2025_06_05_GBl_Nr_0066_signed.pdf	200	259987	992599d03944f3b127e16869d01830d6caaa97a2037b7b1fc954ff31c1c7f65e	6	11086	
2025	67	2025-06-13	https://www.gesetzblatt.bremen.de/fastmedia/218/2025_06_13_GBl_Nr_0067_signed.pdf	200	338429	05c878c02a99f3e2932ef6d859e3cb1455da15e7d4fc61595cd57c4725a577b3	7	14653	
2025	68	2025-06-13	https://www.gesetzblatt.bremen.de/fastmedia/218/2025_06_13_GBl_Nr_0068_signed.pdf	200	202766	f43cf3aab69f773b5ac0582b0e975893ba927943553c21e5863ca79496a1b67c	1	1677	
2025	69	2025-06-13	https://www.gesetzblatt.bremen.de/fastmedia/218/2025_06_13_GBl_Nr_0069_signed.pdf	200	203688	ac2625fdf98ea0a6d08bb29631f49e8b3fbc2cb5b709ee63052bcad5f550f931	1	1698	
2025	70	2025-06-19	https://www.gesetzblatt.bremen.de/fastmedia/218/2025_06_19_GBl_Nr_0070_signed.pdf	200	480247	422fd54d41884269259c38e4bdc8c0deb19e4bdac7069f602db208ac58167965	34	80656	
2025	71	2025-06-19	https://www.gesetzblatt.bremen.de/fastmedia/218/2025_06_19_GBl_Nr_0071_signed.pdf	200	297065	241f8f7467a85c4b2c1dcfbbbc72baf19f054658416baa0e000013fa942e2e52	1	534	
2025	72	2025-06-25	https://www.gesetzblatt.bremen.de/fastmedia/218/2025_06_25_GBl_Nr_0072_signed.pdf	200	299772	5f09bef65b9d29d9b1cc6ed023c24b3902d77b61952ef7e65e8642de67d40b8d	1	753	
2025	73	2025-06-26	https://www.gesetzblatt.bremen.de/fastmedia/218/2025_06_26_GBl_Nr_0073_signed.pdf	200	541191	57c0e42572ba330790b3352e1a40f2b1c836b12213284a553e40f201ae10053c	12	19904	
2025	74	2025-06-26	https://www.gesetzblatt.bremen.de/fastmedia/218/2025_06_26_GBl_Nr_0074_signed.pdf	200	325008	081310290f5c3c3468e8aef69feb9a41569912919c27dae5b46364b6abc1f778	4	6830	
2025	75	2025-06-26	https://www.gesetzblatt.bremen.de/fastmedia/218/2025_06_26_GBl_Nr_0075_signed.pdf	200	311203	1e688e160afe73544332ccdf928f0a5e91f126a3d62eb530cbdeff7b1c6869e3	2	2130	
2025	76	2025-06-30	https://www.gesetzblatt.bremen.de/fastmedia/218/2025_06_30_GBl%200076_signed.pdf	200	305423	2039161e741b600d33cdb5ffc967824ae9f9a5a31fac9990ea3ec5c74b13f5b6	2	2597	
2025	77	2025-07-02	https://www.gesetzblatt.bremen.de/fastmedia/218/2025_07_02_GBl_Nr_0077_signed.pdf	200	358039	d41692e2ba1fe0abc95479686bf39adfdab328aa7e00e7cd377b1a8557828fe4	10	19789	
2025	78	2025-07-09	https://www.gesetzblatt.bremen.de/fastmedia/218/2025_07_09_GBl_Nr_0078_signed.pdf	200	353853	16d93d94ef2c09bcaa4bcf81a1c50604998797d5ca477c31fe405570b80bd528	10	21382	
2025	79	2025-07-09	https://www.gesetzblatt.bremen.de/fastmedia/218/2025_07_09_GBl_Nr_0079_signed.pdf	200	323788	c5e26ef81c78255c7e339ffbc8d238bc466c49159a6fe49db91b005d1ae0f059	4	4955	
2025	80	2025-07-09	https://www.gesetzblatt.bremen.de/fastmedia/218/2025_07_09_GBl_Nr_0080_signed.pdf	200	402061	61fbf58a8fb2afb1e8cb8b953d18e22140328d963de6172cc40dfb4d270d9d03	18	42183	
2025	81	2025-07-09	https://www.gesetzblatt.bremen.de/fastmedia/218/2025_07_09_GBl_Nr_0081_signed.pdf	200	304141	ed0a61e51e7034e7a72c01a95c16d733d14e61a265fdaa385a70680ab09bb491	1	1579	
2025	82	2025-07-09	https://www.gesetzblatt.bremen.de/fastmedia/218/2025_07_09_GBl_Nr_0082_signed.pdf	200	507561	c46c7ae7ce496841dd90b29a7b8ea3b1c1698f7abf8f91ef23ce0cd0e07347f3	5	13641	
2025	83	2025-07-11	https://www.gesetzblatt.bremen.de/fastmedia/218/2025_07_11_GBl_Nr_0083_signed.pdf	200	294796	d5ee111768917e907deb2626697b3b775a403ac3f3351b52212e5c957fbb116a	1	516	
2025	84	2025-07-12	https://www.gesetzblatt.bremen.de/fastmedia/218/2025_07_12_GBl_Nr_0084_signed.pdf	200	302542	098489c3fc877923780e1e3ebb2d052bb5d55c15a5450ff6c52c2e9f5a07929e	1	1063	
2025	85	2025-07-12	https://www.gesetzblatt.bremen.de/fastmedia/218/2025_07_12_GBl_Nr_0085_signed.pdf	200	298579	1c33487f0d7f56ea781462e1a6ce469ee617e6320f43fe2d4a43c7ccfc8c9d57	1	706	
2025	86	2025-07-15	https://www.gesetzblatt.bremen.de/fastmedia/218/2025_07_15_GBl_Nr_0086_signed.pdf	200	200738	b75c72f72f70e554c055714026394f732997583ce4c2fd5948dbadd3e0033f2b	1	1149	
2025	87	2025-07-15	https://www.gesetzblatt.bremen.de/fastmedia/218/2025_07_15_GBl_Nr_0087_signed.pdf	200	301920	d1059745d3890b8a31bcf49059caa5fb5241194fc84f7d7bae45b0c65a44d7cc	1	1360	
2025	88	2025-07-17	https://www.gesetzblatt.bremen.de/fastmedia/218/2025_07_17_GBl_Nr_0088_signed.pdf	200	400857	0ae4b1bd716d5a22d21889f0a6851817b14545f44281343345d36887f61c7e7c	8	7923	
2025	89	2025-07-24	https://www.gesetzblatt.bremen.de/fastmedia/218/2025_07_24_GBl_Nr_0089_signed.pdf	200	305797	2ebf1e3186e7647ab6c3329a9c73e30273099c637c76a9adde9e320d37baa910	2	1595	
2025	90	2025-07-24	https://www.gesetzblatt.bremen.de/fastmedia/218/2025_07_24_GBl_Nr_0090_signed.pdf	200	345726	8251a48c85bbeb66b2a1b8ce5982e3e445491556f80e7d0f8ffb0c5c7e4a7ba3	7	14790	
2025	91	2025-07-25							Gesetzblatt 2025 Nr. 91 wurde aufgehoben
2025	92	2025-07-26	https://www.gesetzblatt.bremen.de/fastmedia/218/2025_07_26_ABl_Nr_0092_signed.pdf	200	521481	703190197e80ac3e5d6e85f8768fecb866300c9aa33fb024be317d3489de695c	12	11477	
2025	93	2025-09-03	https://www.gesetzblatt.bremen.de/fastmedia/218/2025_09_03_GBl_Nr_0093_signed.pdf	200	308559	c800c46d8e62ae81b5be2394302efaf859584f5cb41898ee27b693db53831a23	2	2612	
2025	94	2025-09-04	https://www.gesetzblatt.bremen.de/fastmedia/218/2025_09_04_GBl_Nr_0094_signed.pdf	200	328331	bce6d8f49c5f2c6ea074049a8333c188ddd073e546009e29e3fbdeceb970b3e6	5	9129	
2025	95	2025-09-04	https://www.gesetzblatt.bremen.de/fastmedia/218/2025_09_04_GBl_Nr_0095_signed.pdf	200	328931	a284be240bce1acd3ca8ff01d3efbe73a882553639bc48159154882fc0f4a936	5	6610	
2025	96	2025-09-04	https://www.gesetzblatt.bremen.de/fastmedia/218/2025_09_04_GBl_Nr_0096_signed.pdf	200	340016	7a9275f94c6031152c69f558c6701cbdfe04ddf64a7ee1e8c88c8f5d2f7aba46	5	9104	
2025	97	2025-09-11	https://www.gesetzblatt.bremen.de/fastmedia/218/2025_09_11_GBl_Nr_0097_signed.pdf	200	298485	28d1b0bfb3f329b468ee4403ca32dffbf51d1c0bfc2673fad08981d06c8750d2	1	1307	
2025	98	2025-09-12	https://www.gesetzblatt.bremen.de/fastmedia/218/2025_09_12_GBl_Nr_0098_signed.pdf	200	664073	9061db0ebf03387dd5cb8fc326b0293fdb279e53432f17e8774914f82571abad	51	57862	
2025	99	2025-09-12	https://www.gesetzblatt.bremen.de/fastmedia/218/2025_09_12_GBl_Nr_0099_signed.pdf	200	310109	a8b2192fc5ca945872107bfacaac75d5b42bcf22590cdc2bf07dea46819ccc0b	1	1514	
2025	100	2025-09-12	https://www.gesetzblatt.bremen.de/fastmedia/218/2025_09_12_GBl_Nr_0100_signed.pdf	200	602385	3dfbd13c3b93110452e12de2372aa0c6edd07f4f4c23a2c1de16f85b210b52cd	41	55459	
2025	101	2025-09-16	https://www.gesetzblatt.bremen.de/fastmedia/218/2025_09_16_GBl_Nr_0101_signed.pdf	200	295976	238f84a4e6c8e1234a89090e957b7cd28d69c1c539e2ad7dc7150a31ff207193	1	565	
2025	102	2025-09-17	https://www.gesetzblatt.bremen.de/fastmedia/218/2025_09_17_GBl_Nr_0102_signed.pdf	200	294992	ae609bc41090b9b2020f24b933f39deb665e6cba49c76672e402fd7025af232e	1	465	
2025	103	2025-09-20	https://www.gesetzblatt.bremen.de/fastmedia/218/2025_09_20_GBl_Nr_0103_signed.pdf	200	1198254	a1bb5aff427bace8160abec5b05760e3b62f288206fcce1d14dc3a724aae2f9d	14	34667	
2025	104	2025-09-23	https://www.gesetzblatt.bremen.de/fastmedia/218/2025_09_23_GBl_Nr_0104_signed.pdf	200	318040	d4766a0ea27763b0f5ff28bc1191cb87e8ef03b920efab54636b68c20c7ad98f	3	5962	
2025	105	2025-09-26	https://www.gesetzblatt.bremen.de/fastmedia/218/2025_09_26_GBl_Nr_0105_signed.pdf	200	547824	45fed1b1eb5ed2aadbf362401363b835bd1dbbbe29af5e318807863c78e983f7	6	9788	
2025	106	2025-10-01	https://www.gesetzblatt.bremen.de/fastmedia/218/2025_10_01_GBl_Nr_0106_signed.pdf	200	326317	1033ae1476bd5c449569ef3f445e0986c808899d22dd775b37a003eb26cfb59c	5	8508	
2025	107	2025-10-03	https://www.gesetzblatt.bremen.de/fastmedia/218/2025_10_03_GBl_Nr_0107_signed.pdf	200	278485	e563a7c377738956168a928cd39e09750ea6ace1b08d543dd93725769ce7f27d	9	15571	
2025	108	2025-10-03	https://www.gesetzblatt.bremen.de/fastmedia/218/2025_10_03_GBl_Nr_0108_signed.pdf	200	264298	03e204cd99a838d004cbfcf4b08aa8fcb719f3ec24b82c772f83e5bb14d66f50	9	16478	
2025	109	2025-10-10	https://www.gesetzblatt.bremen.de/fastmedia/218/2025_10_10_GBl_Nr_0109_signed.pdf	200	8291691	bdcd41b0334f247fcc5ff5513de21133e31c1522501d6e9f3b1d4ffd350dbcb9	34	4156	
2025	110	2025-10-10	https://www.gesetzblatt.bremen.de/fastmedia/218/2025_10_10_GBl_Nr_0110_signed.pdf	200	34295413	c203dd7ab2efefb4b13b0b6ecac7fd4b9f5d7b3dc3d97880d8981dcc4f6650e5	84	7417	
2025	111	2025-10-10	https://www.gesetzblatt.bremen.de/fastmedia/218/2025_10_10_GBl_Nr_0111_signed.pdf	200	1699566	aa65f5407d5a886ecbf95e841b89e514681f2fe866c5fd29a1fff28152e24975	5	1154	
2025	112	2025-10-11	https://www.gesetzblatt.bremen.de/fastmedia/218/2025_10_10_GBl_Nr_0112_signed.pdf	200	233496	c4da72958e697036bdfea1a34ca35027d711a50dd7585f9da2dca820345e3b07	1	1387	
2025	113	2025-10-11	https://www.gesetzblatt.bremen.de/fastmedia/218/2025_10_11_GBl_Nr_0113_signed.pdf	200	214820	b4825c98ca7f8573736bf624eb34fc468ee02a7450916dfc47a83a3d19fb51f0	1	1285	
2025	114	2025-10-15	https://www.gesetzblatt.bremen.de/fastmedia/218/2025_10_15_GBl_Nr_0114_signed.pdf	200	628126	7bd0caa4d448c96650958e278edc298b7dec37d8b370fa86f79176e5061b7e35	6	8251	
2025	115	2025-10-15	https://www.gesetzblatt.bremen.de/fastmedia/218/2025_10_15_GBl_Nr_0115_signed.pdf	200	195224	873a15601724a6d3a683dd384504e9e8b509a5c580255a86ec07f5ef9cf59361	1	1280	
2025	116	2025-10-15	https://www.gesetzblatt.bremen.de/fastmedia/218/2025_10_15_GBl_Nr_0116_signed.pdf	200	239646	d1f151e40ff5282662325ccb28019329b79484aa7022b66541ddb6d1555f4810	6	8840	
2025	117	2025-10-16	https://www.gesetzblatt.bremen.de/fastmedia/218/2025_10_16_GBl_Nr_0117_signed.pdf	200	239430	7427f11a0e7eb3024211c1a4673c94e2f4e2becfb2f24c84b22092d9490b5ff3	6	10834	
2025	118	2025-10-30	https://www.gesetzblatt.bremen.de/fastmedia/218/2025_10_30_GBl_Nr_0118_signed.pdf	200	499151	aaa16c8bb48f0915704a64a4b78a52158a4f47f29576fa26118bfbef6ee77af3	31	49429	
2025	119	2025-11-06	https://www.gesetzblatt.bremen.de/fastmedia/218/2025_11_06_GBl_Nr_0119_signed.pdf	200	207434	881feabec95e986a7d50e2df7f9413192b8e1fb0d509cb827fe3249e4b39e4dc	3	4671	
2025	120	2025-11-06	https://www.gesetzblatt.bremen.de/fastmedia/218/2025_11_06_GBl_Nr_0120_signed.pdf	200	238871	7cf18b3746e36b809004c8763706ecea04e29066dfdd131f365bb82ad4d7ac0c	1	1202	
2025	121	2025-11-12	https://www.gesetzblatt.bremen.de/fastmedia/218/2025_11_12_GBl_Nr_0121_signed.pdf	200	210679	3dd043f459ff2bdeef792c36cf51b23826c9a2f6c0d14ad6bdda993c62c29fdf	4	5142	
2025	122	2025-11-19	https://www.gesetzblatt.bremen.de/fastmedia/218/2025_11_19_GBl_Nr_0122_signed.pdf	200	319024	b031fe12dc822ad6c04d3762d2dc1ee5b95190fda59d52e895d4fd81a3375453	18	34324	
2025	123	2025-11-26	https://www.gesetzblatt.bremen.de/fastmedia/218/2025_11_26_GBl_Nr_0123_signed.pdf	200	241049	bc2c49c456704dcf4bc1df626c893f814a3ae0605d7e31d369143f0551f724f7	1	1455	
2025	124	2025-11-26	https://www.gesetzblatt.bremen.de/fastmedia/218/2025_11_26_GBl_Nr_0124_signed.pdf	200	2882936	977b392e7e3f549ed3bd5915a7a1d8b592623ff6f41cd293024dab7fe6310cad	231	577082	
2025	125	2025-11-26	https://www.gesetzblatt.bremen.de/fastmedia/218/2025_11_26_GBl_Nr_0125_signed.pdf	200	218206	6d305062e1f62b8ec16400965291f154e17f077d316dc6776ae6ffd8994fc7bc	2	2532	
2025	126	2025-11-28	https://www.gesetzblatt.bremen.de/fastmedia/218/2025_11_28_GBl_Nr_0126_signed.pdf	200	229838	9ca862b7b0e74b4dd3c85bdf4dc0a2c3185286a8bb5fee38a9a4afa367b9072f	4	5680	
2025	127	2025-11-28	https://www.gesetzblatt.bremen.de/fastmedia/218/2025_11_28_GBl_Nr_0127_signed.pdf	200	10140492	63f7de38446eb420c503e54548e9750836d633d90cc821e0a65761a1e7a6e0d5	51	69753	
2025	128	2025-11-29	https://www.gesetzblatt.bremen.de/fastmedia/218/2025_11_29_GBl_Nr_0128_signed.pdf	200	292682	faed83ed625bf8ed862d0ca806050b0d23e3c5b119cefc9a982f48d4e1a7b7e0	9	13660	
2025	129	2025-12-02	https://www.gesetzblatt.bremen.de/fastmedia/218/2025_12_02_GBl_Nr_0129_signed.pdf	200	253282	89e5461df98601a2cebd19dd1d0bfa1d4704f1a31337bf3404b29eed83ced33d	4	5524	
2025	130	2025-12-02	https://www.gesetzblatt.bremen.de/fastmedia/218/2025_12_02_GBl_Nr_0130_signed.pdf	200	253162	e8d3db4a720025e697eb41e35b7d392267586076e1ad1745165209ac2dc80a8b	8	12613	
2025	131	2025-12-02	https://www.gesetzblatt.bremen.de/fastmedia/218/2025_12_02_GBl_Nr_0131_signed.pdf	200	213888	47851cc0869ccd7673bced0484134b7c21fbe4df388e3ef78e3d0e994345607e	1	937	
2025	132	2025-12-04	https://www.gesetzblatt.bremen.de/fastmedia/218/2025_12_04_GBl_Nr_0132_signed.pdf	200	363950	6a29dbc4814973171f998dc1febd6ec7dcc9a6b81fefae7da80f17809a8aeda5	26	35020	
2025	133	2025-12-10	https://www.gesetzblatt.bremen.de/fastmedia/218/2025_12_10_GBl_Nr_0133_signed.pdf	200	216078	a9bb1e2ed923bad3f4f76de6d97a8ed71feb30d3c0ea9986a5f30dc5cf91c786	1	1278	
2025	134	2025-12-11	https://www.gesetzblatt.bremen.de/fastmedia/218/2025_12_11_GBl_Nr_0134_signed.pdf	200	236651	decb88bf91c6c404efe91d73f5af9c383960509268feeab4197b10571e9457d2	1	1068	
2025	135	2025-12-11	https://www.gesetzblatt.bremen.de/fastmedia/218/2025_12_11_GBl_Nr_0135_signed.pdf	200	240293	979acc40aabc3d5360276ffcaeebd5305e422a715ebf2c54f25ff953938e33d3	1	1255	
2025	136	2025-12-11	https://www.gesetzblatt.bremen.de/fastmedia/218/2025_12_11_GBl_Nr_0136_signed.pdf	200	228062	a329fa47f287028a1447884725828a5c5bef1d75e0479f620c5b912cbcefb34a	3	4264	
2025	137	2025-12-11	https://www.gesetzblatt.bremen.de/fastmedia/218/2025_12_11_GBl_Nr_0137_signed.pdf	200	231862	bdbe3ae35205cc99f7edea7c87e30e5ff0c4e0cc2e8a554998b9ee5f958bf621	4	5729	
2025	138	2025-12-11	https://www.gesetzblatt.bremen.de/fastmedia/218/2025_12_11_GBl_Nr_0138_signed.pdf	200	241182	0703cf5ba47805602038fcf29186f602c0a145d19ca3452fe7920276e3958682	6	13038	
2025	139	2025-12-11	https://www.gesetzblatt.bremen.de/fastmedia/218/2025_12_11_GBl_Nr_0139_signed.pdf	200	223151	8f892ee7ee0b4d59a6ed054d754b1790c65dc131a075781fa058965fbe5bd77b	3	3375	
2025	140	2025-12-13	https://www.gesetzblatt.bremen.de/fastmedia/218/2025_12_13_GBl_Nr_0140_signed.pdf	200	221548	eb1241e54037fb9c010d2bedb19a20841edca0fe023539f850ad9e41773b1199	1	1025	
2025	141	2025-12-13	https://www.gesetzblatt.bremen.de/fastmedia/218/2025_12_13_GBl_Nr_0141_signed.pdf	200	210465	87942bf2c59d0ad3a8024978a6720dc62d1205d316c8aee825c5261d8b4a5cc5	1	1088	
2025	142	2025-12-16	https://www.gesetzblatt.bremen.de/fastmedia/218/2025_12_16_GBl_Nr_0142_signed.pdf	200	222014	cb451baff6f19a04df0012c9386ba240a5e90418c77be5f2f37ccc1659e95a47	2	3518	
2025	143	2025-12-17	https://www.gesetzblatt.bremen.de/fastmedia/218/2025_12_17_GBl_Nr_0143_signed.pdf	200	520722	bb7bfa773c84a447b7d8f0701ca41728ef421a773be269bbd840ba9e3f72e81f	6	7604	
2025	144	2025-12-17	https://www.gesetzblatt.bremen.de/fastmedia/218/2025_12_17_GBl_Nr_0144_signed.pdf	200	520464	8347c12df2a044523f8849ab1b178cc84f927d69da7c045db95e274f20cfaaa4	6	6662	
2025	145	2025-12-17	https://www.gesetzblatt.bremen.de/fastmedia/218/2025_12_17_GBl_Nr_0145_signed.pdf	200	263143	66c92ad29b87e892099a1fd3c9bc07517a5c7626b1504e0c000b9e21ed860e30	6	11749	
2025	146	2025-12-17	https://www.gesetzblatt.bremen.de/fastmedia/218/2025_12_17_GBl_Nr_0146_signed.pdf	200	220902	7f8a8369bcd6f5fc5ee4b20dc4a8151dd1dac8ec1c8203e45891307220fee62d	2	2616	
2025	147	2025-12-17	https://www.gesetzblatt.bremen.de/fastmedia/218/2025_12_17_GBl_Nr_0147_signed.pdf	200	218378	52b283f91642fc73bef8a96055534f4a42211ccd72243e4fef3e461ec329e42d	2	2003	
2025	148	2025-12-17	https://www.gesetzblatt.bremen.de/fastmedia/218/2025_12_17_GBl_Nr_0148_signed.pdf	200	218991	4d8e4553d9f2685f708578c411eb61b547249a7173719f8d597aa1ef001a66c9	2	4094	
2025	149	2025-12-18	https://www.gesetzblatt.bremen.de/fastmedia/218/2025_12_18_GBl_Nr_0149_signed.pdf	200	238128	6a12274b4986d439649155e346e40d8ea577e073f930a1cb3e05e37bd7399806	4	6640	
2025	150	2025-12-18	https://www.gesetzblatt.bremen.de/fastmedia/218/2025_12_18_GBl_Nr_0150_signed.pdf	200	258633	05ed96cff01fb0bcda1ff29c0298391480dc6aace4188e71ada91a55d0173345	8	15432	
2025	151	2025-12-18	https://www.gesetzblatt.bremen.de/fastmedia/218/2025_12_18_GBl_Nr_0151_signed.pdf	200	216015	d278d0de3574b96fcd44b0257f31f9e2aa50703fc6c43f315772c589b74b7c40	1	1402	
2025	152	2025-12-18	https://www.gesetzblatt.bremen.de/fastmedia/218/2025_12_18_GBl_Nr_0152_signed.pdf	200	222555	3edf7e1268ebff4578f56aa9d246fcaaac12c342dd062032019a96b7d08bb7b0	2	3093	
2025	153	2025-12-18	https://www.gesetzblatt.bremen.de/fastmedia/218/2025_12_18_GBl_Nr_0153_signed.pdf	200	214964	9fb4a65dcb39a828ca498c430d9035d493dcde4926cac209cdfa6baa38cb711f	1	1088	
2025	154	2025-12-18	https://www.gesetzblatt.bremen.de/fastmedia/218/2025_12_18_GBl_Nr_0154_signed.pdf	200	268481	fc9987c492568607d634e1e23eddb3e62deaa15bc5fdeb43d43fd2fb9d3e566a	5	11336	
2025	155	2025-12-18	https://www.gesetzblatt.bremen.de/fastmedia/218/2025_12_18_GBl_Nr_0155_signed.pdf	200	214075	dfd874cf3776fb809bb170ce01cf8d1721283f91149fedf5ecf40bdbfdad6cc4	1	1432	
2025	156	2025-12-18	https://www.gesetzblatt.bremen.de/fastmedia/218/2025_12_18_GBl_Nr_0156_signed.pdf	200	224447	2fa89d7b3f785b5dbd932b81f0dbe763a3271b55496435114cc4697d7065e26e	2	3195	
2025	157	2025-12-18	https://www.gesetzblatt.bremen.de/fastmedia/218/2025_12_18_GBl_Nr_0157_signed.pdf	200	221579	c746bb620ff67f79cd5c7aee15717cab53f3853493290b0c02fc9fd0a947f629	2	2512	
2025	158	2025-12-19	https://www.gesetzblatt.bremen.de/fastmedia/218/2025_12_19_GBl_Nr_0158_signed.pdf	200	236987	be830c5b6ac94eaf414ec3fd3c331e35fba3618360f1001fa13b970356bf45d5	2	1909	
2025	159	2025-12-19	https://www.gesetzblatt.bremen.de/fastmedia/218/2025_12_19_GBl_Nr_0159_signed.pdf	200	1438051	221c34023feb94fa6a215947ca1c0245e36701a03a88b161d4c460e754383bd9	3	942	
2025	160	2025-12-20	https://www.gesetzblatt.bremen.de/fastmedia/218/2025_12_20_GBl_Nr_0160_signed.pdf	200	370938	bdcd05d25552bd063f794750989486091c7bc7004ec60e8e0e53c412c5a82db8	18	34590	
2025	161	2025-12-20	https://www.gesetzblatt.bremen.de/fastmedia/218/2025_12_20_GBl_Nr_0161_signed.pdf	200	213927	13d124319d39317c6b4b1da36ae57d0bc48a9024a3586e0031335d145e487d72	1	1657	
2025	162	2025-12-23	https://www.gesetzblatt.bremen.de/fastmedia/218/2025_12_23_GBl_Nr_0162_signed.pdf	200	214947	0a0717a7c65d8d85e32ad2d48da1fe296d99a9d84fcfe3cf8c63f283e983e4a7	2	1903	
2025	163	2025-12-23	https://www.gesetzblatt.bremen.de/fastmedia/218/2025_12_23_GBl_Nr_0163_signed.pdf	200	720361	382b6a51939531bbcc98d0c534897aacdb1a4d901ad827f6a924a91b287382f1	30	45863	
2025	164	2025-12-23	https://www.gesetzblatt.bremen.de/fastmedia/218/2025_12_23_GBl_Nr_0164_signed.pdf	200	283770	7c077e4c2afcd70c8e95333d4ed3d188c285ae571ae23589f650041ceeb8243d	8	18021	
2025	165	2025-12-24	https://www.gesetzblatt.bremen.de/fastmedia/218/2025_12_24_GBl_Nr_0165_signed.pdf	200	214798	d3f7bff22e5354be39f8a8850f6ca4bdfa404c5ab59a9e823615baf983e256b5	1	1323	
2025	166	2025-12-24	https://www.gesetzblatt.bremen.de/fastmedia/218/2025_12_23_GBl_Nr_0166_signed.pdf	200	209245	b67972f41961172a111704a44fe275ace9fa89e2159f1f4a5b39eaaa5c86f61f	1	583	
2025	167	2025-12-24	https://www.gesetzblatt.bremen.de/fastmedia/218/2025_12_24_GBl_Nr_0167_signed.pdf	200	236114	f427663b88732cd8b0360a6d4de5825e11673a34757ea6e2e1ed9ad89aab5274	2	2080	
2026	1	2026-01-08	https://www.gesetzblatt.bremen.de/fastmedia/218/2026_01_08_GBl_Nr_0001_signed.pdf	200	208544	9353d684121e4a95f5c4998953c3d0a746abd8a65501240cf9df4ac3e0aebc67	1	419	
2026	2	2026-01-15	https://www.gesetzblatt.bremen.de/fastmedia/218/2026_01_15_GBl_Nr_2_signed.pdf	200	227959	9d9d9114d42de39ab2d16b8bbf060a690bd19c8025a4b925bedab63b29943801	1	634	
2026	3	2026-01-20	https://www.gesetzblatt.bremen.de/fastmedia/218/2026_01_20_GBl_Nr_0003_signed.pdf	200	220071	017e94c38eb9f9d1e272144baac99503ac35ef9f57d5c3764fff074013c040ae	2	2430	
2026	4	2026-01-21	https://www.gesetzblatt.bremen.de/fastmedia/218/2026_01_21_GBl_Nr_0004_signed.pdf	200	208026	693c7d48eda11a0905b30a75cf8b50254c85465a6a528b2c3afaa0141fe97bb4	1	463	
2026	5	2026-01-28	https://www.gesetzblatt.bremen.de/fastmedia/218/2025_01_28_GBl_Nr_0005_signed.pdf	200	215895	43be0f8343cbecf820f52106b4cc87e53f1cd6e78fcb6f2844766d24a128c375	1	1165	
2026	6	2026-01-28	https://www.gesetzblatt.bremen.de/fastmedia/218/2026_01_28_GBl_Nr_0006_signed.pdf	200	225250	ab4216ee076a0bfae173f1cc294cb067a3f53e62c2bb93667b1600a69d497078	3	4357	
2026	7	2026-01-31	https://www.gesetzblatt.bremen.de/fastmedia/218/2026_01_31_GBl_Nr_0007_signed.pdf	200	219866	c8e4c0db4b4388d9b750aea62869b0d7a2a81eef998ed85175f5cabc35300324	2	3074	
2026	8	2026-01-31	https://www.gesetzblatt.bremen.de/fastmedia/218/2026_01_31_GBl_Nr_0008_signed.pdf	200	212398	5681edb96c2459984b2897006e6e105fb36e01b625ec1633d142eadd4f2fcbe7	1	1373	
2026	9	2026-02-04	https://www.gesetzblatt.bremen.de/fastmedia/218/2026_02_04_GBl_Nr_0009_signed.pdf	200	856711	b82ae4994689fefdfd401b923df94f9325021554d7d6f6ec31f10aefe6679ad1	8	8865	
2026	10	2026-02-06	https://www.gesetzblatt.bremen.de/fastmedia/218/2026_02_06_GBl_Nr_0010_signed.pdf	200	124799	b7780efcc3600dda866dbedc65b9e8920fbb180b92ac459d7b77c3a6cf19d164	1	420	
2026	11	2026-02-18	https://www.gesetzblatt.bremen.de/fastmedia/218/2026_02_18_GBl_Nr_0011_signed.pdf	200	252419	b7a2032749f099cab0dfee5e2df03ee9e4f5fb7e7b82fd8e82a7f32d0fc7f74a	4	7986	
2026	12	2026-02-19	https://www.gesetzblatt.bremen.de/fastmedia/218/2026_02_19_GBl_Nr_0012_signed.pdf	200	215020	dcf6267bde26d6cf8687d9c5771a7d6a84b557ef30b5cd913800bf053aefd79b	1	1511	
2026	13	2026-02-19	https://www.gesetzblatt.bremen.de/fastmedia/218/2026_02_19_GBl_Nr_0013_signed.pdf	200	212616	f48eb3d55257229cb15c9bf833f8858f7bd34db6a783513b4b798f1e36977455	1	907	
2026	14	2026-02-19	https://www.gesetzblatt.bremen.de/fastmedia/218/2026_02_19_GBl_Nr_0014_signed.pdf	200	214200	e649bdc639c6412373504460e52e126d1f9464e5311ea951a5748285b455c6b4	1	1221	
2026	15	2026-02-21	https://www.gesetzblatt.bremen.de/fastmedia/218/2026_02_21_GBl_Nr_0015_signed.pdf	200	391231	c12952872687e145db01caa075816fbd3053a2b440a4ecb08907943d9d519bf7	6	6110	
2026	16	2026-02-26	https://www.gesetzblatt.bremen.de/fastmedia/218/2026_02_26_GBl_Nr_0016_signed.pdf	200	211947	d1de7a33fec8f8b74d0148f0f4cd1997507436d6a898d9ae61dbcddd89be1447	1	861	
2026	17	2026-02-27	https://www.gesetzblatt.bremen.de/fastmedia/218/2026_02_27_GBl_Nr_0017_signed.pdf	200	254994	15d200dd24b9a161f977ac13520fe0d44467645326eb44d8e2e2cd1ba4848bf1	6	9016	
2026	18	2026-03-03	https://www.gesetzblatt.bremen.de/fastmedia/218/2026_03_03_GBl_Nr_0018_signed.pdf	200	653312	83ef82f68424f13d6991f035aa0b4c6bab3d82ae182feef9d69e82d6b2386233	52	123766	
2026	19	2026-03-04	https://www.gesetzblatt.bremen.de/fastmedia/218/2026_03_04_GBl_Nr_0019_signed.pdf	200	217951	44ead51c302e795d09acfe24db2d9201e0fa66399569a562d53b487a72651414	1	1268	
2026	20	2026-03-06	https://www.gesetzblatt.bremen.de/fastmedia/218/2026_03_06_GBl_Nr_0020_signed.pdf	200	213809	def85c1690837cd09ee62691ee859db4a1c9357ab31ef360ebd53646f924b6a1	1	789	
2026	21	2026-03-10	https://www.gesetzblatt.bremen.de/fastmedia/218/2026_03_10_GBl_Nr_0021_signed.pdf	200	239550	4156250b0417d306379b3ac1861103a7726868d52a66f5eca1d29ddb72cf7553	5	9050	
2026	22	2026-03-19	https://www.gesetzblatt.bremen.de/fastmedia/218/2026_03_14_GBl_Nr_0022_signed.pdf	200	331594	2b36783fda0e78ff2aa88ffc1b664080856dacb816bd57340110c9cd1d5bdc74	6	9292	
2026	23	2026-03-19	https://www.gesetzblatt.bremen.de/fastmedia/218/2026_03_19_GBl_Nr_0023_signed.pdf	200	301775	60a9b678f5c1be919fce827bb0fc2d8506dea09dae17673290af9dc167572ad2	15	38205	
2026	24	2026-03-19	https://www.gesetzblatt.bremen.de/fastmedia/218/2026_03_19_GBl_Nr_0024_signed.pdf	200	250051	42d0dac51c8be7e7cece1210f35017e3df5a5d5e376a866fba32970db4fe27fd	8	14703	
2026	25	2026-03-19	https://www.gesetzblatt.bremen.de/fastmedia/218/2026_03_19_GBl_Nr_0025_signed.pdf	200	250053	0d86f4a23ee43933fc679cdb7b811cc8e02042614a96e245922ba52eb381d0a5	6	13121	
2026	26	2026-03-19	https://www.gesetzblatt.bremen.de/fastmedia/218/2026_03_19_GBl_Nr_0026_signed.pdf	200	296534	d8e259339ce86637a06ec185b5d4e95ad1adb2e2b28e010f9f56dd218a1c51c9	16	33610	
2026	27	2026-03-19	https://www.gesetzblatt.bremen.de/fastmedia/218/2026_03_19_GBl_Nr_0027_signed.pdf	200	319948	ceff8bf3009af9c4b2fe690ae92797aa565f15dc683322744e5260d591986654	18	43771	
2026	28	2026-03-19	https://www.gesetzblatt.bremen.de/fastmedia/218/2026_03_19_GBl_Nr_0028_signed.pdf	200	218673	2ae23784d3bc5577dbbd45e15ce679a7e01bcf5746abad4a4fe9887f1b50783a	2	2254	
2026	29	2026-03-20	https://www.gesetzblatt.bremen.de/fastmedia/218/2026_03_20_GBl_Nr_0029_signed.pdf	200	214653	b48dcb8c7f4ee7c10978e1c01a1d91660995ab43d0c88ed3b67d2e69e741d3c8	1	1088	
2026	30	2026-03-25	https://www.gesetzblatt.bremen.de/fastmedia/218/2026_03_25_ABl_Nr_0030_signed.pdf	200	402274	3359654ae8027beb15f2e6426c398732a9d2592e3ca5f3c1d3271576042f1b0e	30	57269	
2026	31	2026-03-25	https://www.gesetzblatt.bremen.de/fastmedia/218/2026_03_25_GBl_0031_signed.pdf	200	427751	1324d2313e32b40edd0bd088c47db33ab8a61febdc9148cfdac23a7f3c3e09d3	19	39353	
2026	32	2026-03-25	https://www.gesetzblatt.bremen.de/fastmedia/218/2026_03_25_GBl_0032_signed.pdf	200	431034	91c78739094cc3c46312f27d8289c80025304ad68eaffd4a2655c5adb6bb8655	20	40021	
2026	33	2026-03-25	https://www.gesetzblatt.bremen.de/fastmedia/218/2026_03_25_GBl_Nr_0033_signed.pdf	200	579264	23ae6a1f5370743901f9ce9fa70d368e2e5d86652a691dafb39a55493f44b01a	21	44459	
2026	34	2026-03-25	https://www.gesetzblatt.bremen.de/fastmedia/218/2026_03_25_GBl_Nr_0034_signed.pdf	200	581035	ee5023b31fb569187abfe42ee693642eaa894673334242916018a6b745f81303	21	45613	
2026	35	2026-03-25	https://www.gesetzblatt.bremen.de/fastmedia/218/2026_03_25_GBl_Nr_0035_signed.pdf	200	218318	09bbc9f35066f6117db8c268af77df6c9861ea98ece740985688f10715b05bf3	2	1949	
2026	36	2026-03-28	https://www.gesetzblatt.bremen.de/fastmedia/218/2026_03_28_GBl_Nr_0036_signed.pdf	200	225850	cbb7c6b4abc684752132b0651aa5a5820e7531b6ecec7057bae0b7cd76fd58c3	2	1400	
2026	37	2026-04-09	https://www.gesetzblatt.bremen.de/fastmedia/218/2026_04_09_GBl_Nr_0037_signed.pdf	200	292780	bd6097049ef217e4795b230c43e7db8460c87e44277933ab14186852d42cb996	9	12658	
2026	38	2026-04-09	https://www.gesetzblatt.bremen.de/fastmedia/218/2026_04_09_GBl_Nr_0038_signed.pdf	200	229368	d664630f854dab185fe2761cd692d2e6dea323865095d193579c464986f580ed	1	795	
2026	39	2026-04-09	https://www.gesetzblatt.bremen.de/fastmedia/218/2026_04_09_GBl_Nr_0039_signed.pdf	200	220412	f0b8c98752b2d357e40c6be9079f16c40c7ce78f03c6ff5847175cf3945e0e39	1	1575	
2026	40	2026-04-11	https://www.gesetzblatt.bremen.de/fastmedia/218/2026_04_11_GBl_Nr_0040_signed.pdf	200	210766	87efe47164f2b56656c8154453551e25bbe5b450786c29116c3925abe619eeaa	2	3048	
2026	41	2026-04-14	https://www.gesetzblatt.bremen.de/fastmedia/218/2026_04_14_GBl_Nr_0041_signed.pdf	200	211813	c624505e5c7d31aa5f88eb3219e599ba6df111f290341da722fd0a668be50b95	1	740	
2026	42	2026-04-15	https://www.gesetzblatt.bremen.de/fastmedia/218/2026_04_15_GBl_Nr_0042_signed.pdf	200	204302	9bc9116b07ed250d3fdc9d088c5433c6272b9dc6a034770d513bc154795b98ed	1	898	
2026	43	2026-04-16	https://www.gesetzblatt.bremen.de/fastmedia/218/2026_04_16_GBl_Nr_0043_signed.pdf	200	208672	04b235af891f066d1240e99a02d990b394f2d1b7a97035943f12ad27501dbd05	2	1602	
2026	44	2026-04-17	https://www.gesetzblatt.bremen.de/fastmedia/218/2026_04_17_GBl_Nr_0044_signed.pdf	200	240318	1687cdb2582fc4b4e1472490d0fac6fc839db8daa4217794b0a4e0d51cec9853	5	10595	
2026	45	2026-04-17	https://www.gesetzblatt.bremen.de/fastmedia/218/2026_04_17_GBl_Nr_0045_signed.pdf	200	221979	d418fb66e9ad4a3f3a2d6c4c898405c51a59eb96cd3a9f9d632cb375b4f4f17a	2	4160	
2026	46	2026-04-17	https://www.gesetzblatt.bremen.de/fastmedia/218/2026_04_17_GBl_Nr_0046_signed.pdf	200	214483	44af490378a91d53451d1f2d5320d4a8c51f4aeef3b4fc72eb37665807595527	1	882	
2026	47	2026-04-18	https://www.gesetzblatt.bremen.de/fastmedia/218/2026_04_18_GBl_0047_signed.pdf	200	294085	415a8a845a3f50071822d330034ea4c9c97bfae9caa06d6a2cc49e4ac161a71c	10	14749	
2026	48	2026-04-18	https://www.gesetzblatt.bremen.de/fastmedia/218/2026_04_18_GBl_Nr_0048_signed.pdf	200	426435	bc70cf89df75e89ea0d3b3a86019a3573a6322d19bdfcbc39c83fd3285c35967	34	83702	
2026	49	2026-04-22	https://www.gesetzblatt.bremen.de/fastmedia/218/2026_04_22_GBl_Nr_0049_signed.pdf	200	193969	b85ed05f0ace472a7ebe086970875b93b6c0a1b805ab39b39359154c4ab6bcb5	1	487	
2026	50	2026-05-07	https://www.gesetzblatt.bremen.de/fastmedia/218/2026_05_07_GBl_Nr_0050_signed.pdf	200	318419	52a04717a98a0b34e3904ebf65cc02704c34b8930d4120b4f51b656c8a110fcd	17	38217	
2026	51	2026-05-07	https://www.gesetzblatt.bremen.de/fastmedia/218/2026_05_07_GBl_Nr_0051_signed.pdf	200	887821	0ba3f80397d218b568e3501b026b61a1cddcb68cd16ce300ac6bc8c5241d2d1a	5	4180	
2026	52	2026-05-14	https://www.gesetzblatt.bremen.de/fastmedia/218/2026_05_14_GBl_Nr_0052_signed.pdf	200	224693	2e2e18da92fea46a7cc52fdc5cdb9cb8790461f09a61dc6a8e9ce4a9d7b1630a	2	3397	
2026	53	2026-05-22	https://www.gesetzblatt.bremen.de/fastmedia/218/2026_05_12_GBl_Nr_0053_signed.pdf	200	202985	82bc93ab9879aaa8228cdd31750ada45ee255a9dd63b9b1bfa271fd830d2d62f	1	1641	
2026	54	2026-05-28	https://www.gesetzblatt.bremen.de/fastmedia/218/2026_05_28_GBl_Nr_0054_signed.pdf	200	214329	1b97711de2577bf167888c2f9169a7bdbff22075620fa9bad8efff85c35f29ef	2	1923	
2026	55	2026-06-01	https://www.gesetzblatt.bremen.de/fastmedia/218/2026_06_01_GBl_Nr_0055_signed.pdf	200	210398	54e2b95e2a7fd7a177d11d7c81801adb386cbe8c14b450574da15d77d0f76e1d	1	854	
2026	56	2026-06-12	https://www.gesetzblatt.bremen.de/fastmedia/218/2026_06_12_GBl_Nr_0056_signed.pdf	200	208351	df645929714231ddcf37a5e069546bfd332e57a52d847cca6611d7e50512ba29	1	1695	
2026	57	2026-06-13	https://www.gesetzblatt.bremen.de/fastmedia/218/2026_06_13_GBl_Nr_0057_signed.pdf	200	201099	f90b98cc7ee2628be8f0b3c2163072fb3420fc0edb2e6b975ab0df4d14470f7a	1	1702	
2026	58	2026-06-16	https://www.gesetzblatt.bremen.de/fastmedia/218/2026_06_16_GBl_Nr%2058_signed.pdf	200	214410	d5ea626efbb5040f7bcf21f2f44e0d30724445ca2e04ed8e330b3dd3a7b62fca	1	1161	
2026	59	2026-06-19	https://www.gesetzblatt.bremen.de/fastmedia/218/2026_06_19_GBl_Nr_0059_signed.pdf	200	208286	57fba2f843fbe5bc4183c85fd88172d56492fb0db8ac62ca904d99a8eb73a80d	2	2714	
2026	60	2026-06-19	https://www.gesetzblatt.bremen.de/fastmedia/218/2026_06_19_GBl_Nr_0060_signed.pdf	200	297020	fb0795a79674401761fc23d0eaec46867924eea649d3be1df90ac5211bff9813	16	33123	
2026	61	2026-06-19	https://www.gesetzblatt.bremen.de/fastmedia/218/2026_06_19_GBl_Nr_0061_signed.pdf	200	220412	989b1617589210cfd011a0a0c8978767a55c34887a199902e82b94c0cfb74879	4	5755	
2026	62	2026-06-19	https://www.gesetzblatt.bremen.de/fastmedia/218/2026_06_19_GBl_Nr_0062_signed.pdf	200	203726	c06d0d70d72279e9091504e3d9209e232991085b67854882bbf88d2090575f7b	2	1623	
2026	63	2026-06-19	https://www.gesetzblatt.bremen.de/fastmedia/218/2026_06_19_GBl_Nr_0063_signed.pdf	200	4716796	d5dfe4df14e351d596647bc330ceba5e4cddb2d283fbde5328581ce446381460	23	2634	
2026	64	2026-06-19	https://www.gesetzblatt.bremen.de/fastmedia/218/2026_06_19_GBl_Nr_0064_signed.pdf	200	202594	7d16b3e30e7aa031f8fe4e3de579a18f8d5e31d488aa5300b731c8631525ad98	1	1392	
2026	65	2026-06-20	https://www.gesetzblatt.bremen.de/fastmedia/218/2026_06_20_GBl_Nr_0065_signed.pdf	200	241975	fdb83b056b11f178e0fb008871abe33c3f11c062a37e89d2551cf519e8d3aa82	7	12884	
2026	66	2026-06-20	https://www.gesetzblatt.bremen.de/fastmedia/218/2026_06_20_GBl_Nr_0066_signed.pdf	200	204394	b362dbd9a16a35be4345dc0b1f28bc041f1285756e905fadd0ed11233262c4a9	2	1833	
2026	67	2026-06-23	https://www.gesetzblatt.bremen.de/fastmedia/218/2026_06_23_GBl_Nr_0067_signed.pdf	200	215638	086f5a32a18db6232ca75ec44317de95d595552bd305009787a0b85cc28ffa03	4	6596	
2026	68	2026-06-23	https://www.gesetzblatt.bremen.de/fastmedia/218/2026_06_23_GBl_Nr_0068_signed.pdf	200	197116	1ee64f557f9c613f95733a33ce6c4621bb4852b24c22d324a4f08bdee1dcbdd7	1	1085	
2026	69	2026-06-24	https://www.gesetzblatt.bremen.de/fastmedia/218/2026_06_24_GBl_Nr_0069_signed.pdf	200	363681	b471d21eb044bb0eb6a02b0de2516df028cdb6f495445ad321d29e8025d134ea	24	49837	
2026	70	2026-06-26	https://www.gesetzblatt.bremen.de/fastmedia/218/2026_06_26_GBl_Nr_0070_signed.pdf	200	232535	b67341a7d03b6c38710d705a548da5a04a5c05945ccc3fd04339b6fcf2f85e79	7	15143	
2026	71	2026-06-30	https://www.gesetzblatt.bremen.de/fastmedia/218/2026_06_30_GBl_Nr_0071_signed.pdf	200	250670	8d3c32e3955fa461a0d133f9fa72d274a947f7b6e03dc534d1652b93789a5673	12	26486	
2026	72	2026-06-30	https://www.gesetzblatt.bremen.de/fastmedia/218/2026_06_30_GBl_Nr_0072_signed.pdf	200	212915	cd40785dab64ce00ef36aea9b137438369395d25e79edacf2880f3c85d413919	4	6781	
2026	73	2026-07-01	https://www.gesetzblatt.bremen.de/fastmedia/218/2026_07_01_GBl_Nr_0073_signed.pdf	200	213721	c388a25bb93dd7b62fae986d5ad810a19a155f090bae53857f22acfc0aed6b10	3	6148	
2026	74	2026-07-02	https://www.gesetzblatt.bremen.de/fastmedia/218/2026_07_02_GBl_Nr_0074_signed.pdf	200	377885	51e0d430234f1f8400df74fdad6124191fe1da2da4efebf5594222b2f86c569d	31	63194	
2026	75	2026-07-04	https://www.gesetzblatt.bremen.de/fastmedia/218/GBl_BHV%20Fraktionsbeitr%C3%A4ge%202026_signed.pdf	200	198998	43aaecb8eb7c26f3f2adff839aec21b3fbebf932ca9446a067749b3e6f103b9b	1	1377	
2026	76	2026-07-04	https://www.gesetzblatt.bremen.de/fastmedia/218/GBl_BHV%20Aufwandspauschale%202026_signed.pdf	200	197775	5b7be50b990d6d083226554ea7174cf4d318cc305020cb84a41f0f0c78a74929	1	1168	
2026	77	2026-07-08	https://www.gesetzblatt.bremen.de/fastmedia/218/2026_07_08_GBl_Nr_0077_signed.pdf	200	197894	ab8dd7582d7e2186739ed5e1d613aa1f9516f0ac8e88c564f05fbac714d9cff5	1	838	
2026	78	2026-07-14	https://www.gesetzblatt.bremen.de/fastmedia/218/2026_07_14_GBl_Nr_0078_signed.pdf	200	232697	21cb0a36f3bce2e09fe2a05a40b3d1bd65a185c0573414ec4f7f43b90eb7f749	8	18036	
2026	79	2026-07-14	https://www.gesetzblatt.bremen.de/fastmedia/218/2026_07_14_GBl_Nr_0079_signed.pdf	200	202921	474e6b1db42b374acc8910316eb6414f74fe136be676946101b3fb650d2cfbef	2	1845	
2026	80	2026-07-15	https://www.gesetzblatt.bremen.de/fastmedia/218/2026_07_15_GBl_Nr_0080_signed.pdf	200	201245	2ac8e34b74f855307bc188ad6bdd73efa611fc7ec705eb3b62381ad062cbd659	1	1312	
2026	81	2026-07-15	https://www.gesetzblatt.bremen.de/fastmedia/218/2026_07_15_GBl_Nr_0081_signed.pdf	200	225785	dbe95dcbd4b8992253cc2481dcc439d65272f41b45a093b0983ac840f1dbed4b	6	10897	
2026	82	2026-07-15	https://www.gesetzblatt.bremen.de/fastmedia/218/2026_07_15_GBl_Nr_0082_signed.pdf	200	3386232	103128ed4672dacda73a952c7fa3cd8745afe5881a62487669b866dfea5f4dd8	10	2694	
2026	83	2026-07-29	https://www.gesetzblatt.bremen.de/fastmedia/218/2026_07_29_GBl_Nr_0083_signed.pdf	200	219015	9731c4d4e5594ae0a5272bd85fdc8d8eceaaa445118ab3a16cb713e58d6893b5	5	9800	
2026	84	2026-08-15	https://www.gesetzblatt.bremen.de/fastmedia/218/2026_08_15_GBl_Nr_0084_signed.pdf	200	206080	00d5583c34ad4a9fef812b5f771fb9030a7c7e77df690a750eaf9a60d3593000	2	1871	
2026	85	2026-08-15	https://www.gesetzblatt.bremen.de/fastmedia/218/2026_08_15_GBl_Nr_0085_signed.pdf	200	203322	76e7810af5832f63bf1a31324760e870232b1240735e28a422507c394845c9a8	2	2425	
2026	86	2026-08-15	https://www.gesetzblatt.bremen.de/fastmedia/218/2026_08_15_GBl_Nr_86_signed.pdf	200	203466	6d3cb84387f182f099ccab5cfd28cf2316a4c4e012465617fe17c88558e35e57	2	2050	
2026	87	2026-08-20	https://www.gesetzblatt.bremen.de/fastmedia/218/2026_08_20_GBl_Nr_0087_signed.pdf	200	238036	d23c2c9d9fd284c715125f6b568dfd46b45265d503d20e667635fbb5fbbe7ab8	8	14510	
2026	88	2026-08-21	https://www.gesetzblatt.bremen.de/fastmedia/218/2026_08_21_GBl_Nr_0088_signed.pdf	200	253420	5d330bc9699cf88a484f470afba3dbfd6a7fbbf033513dd0ac1b29b94e1ec0e3	6	10566	
2026	89	2026-09-04	https://www.gesetzblatt.bremen.de/fastmedia/218/2026_09_04_GBl_Nr_0089_signed.pdf	200	317840	aba1ca5f3e749b926ba929ed320d966b27a17e7224e63e1e4766420f305361e3	6	9132	
2026	90	2026-09-08	https://www.gesetzblatt.bremen.de/fastmedia/218/2026_09_08_GBl_Nr_0090_signed.pdf	200	1155908	b67e27fa95b2641773e56498bdefa621cee831f81074f0fc21cd20648b24f2d2	5	4977	
2026	91	2026-09-08	https://www.gesetzblatt.bremen.de/fastmedia/218/2026_09_08_GBl_Nr_0091_signed.pdf	200	205720	3ccdf3e536a8f41625b2c548b03ce782ff864c5ba5627ac9000b73db3e92a3d2	2	2722	
2026	92	2026-09-12	https://www.gesetzblatt.bremen.de/fastmedia/218/2026_09_12_GBl_Nr_0092_signed.pdf	200	3227558	c397d2f407e2926683d2118836b075fcc3c8ee1c889ce3fb7847f4cb5a7fd424	23	2613	
2026	93	2026-09-12	https://www.gesetzblatt.bremen.de/fastmedia/218/2026_09_12_GBl_Nr_0093_signed.pdf	200	337953	d7a4f54a853c16ba7e66d43c48e7e87ab4dec7773e6d7f79b02d6cdf084522c4	22	49027	
2026	94	2026-09-24	https://www.gesetzblatt.bremen.de/fastmedia/218/2026_09_24_GBl_Nr_0094_signed.pdf	200	217702	07c37901ece41255112978994d1da9357c76b10e14151aeb578a7c63218db89c	3	5707	
2026	95	2026-09-25	https://www.gesetzblatt.bremen.de/fastmedia/218/2026_09_25_GBl_Nr_0095_signed.pdf	200	216418	4bf5157495ce9fcd138ffd7542cc1d1140ef539baffa0d2f232408c56de22c7a	3	4775	
2026	96	2026-09-26	https://www.gesetzblatt.bremen.de/fastmedia/218/2026_09_26_GBl_Nr_0096_signed.pdf	200	200681	8833d342271c5ec666d1e2c5b8e1f0cebf06c4c16061c8e0c9b60756bd250b26	1	1262	
2026	97	2026-09-29	https://www.gesetzblatt.bremen.de/fastmedia/218/2026_09_29_GBl_Nr_0097_signed.pdf	200	212064	6b53dcda4cb42530d3ea623ec57822e41382166ffeb49171a216ab0de9389a73	3	4255	
2026	98	2026-10-01	https://www.gesetzblatt.bremen.de/fastmedia/218/2026_10_01_GBl_Nr_0098_signed.pdf	200	204303	525ab9c566cc747e5735652bc0edbc27fd9f6213521b601d83b6a84d78362296	2	1920	
2026	99	2026-10-01	https://www.gesetzblatt.bremen.de/fastmedia/218/2026_10_01_GBl_Nr_0099_signed.pdf	200	216306	cd5813c422af11c3b8d2b0598a7ad6c2b53cf89ac5c17f13614ca4baf9cc397f	3	5441	
2026	100	2026-10-01	https://www.gesetzblatt.bremen.de/fastmedia/218/2026_10_01_GBl_Nr_0100_signed.pdf	200	200340	9f363ae54bdf76fa1107a0e142ebb6bb436e8cf11af43acdea4f5562472d6d7a	1	1193	
2026	101	2026-10-03	https://www.gesetzblatt.bremen.de/fastmedia/218/2026_10_03_GBl_Nr_0101_signed.pdf	200	204567	c9daf28875965f8bc9ca725c59e007b9bca4a404075b52bba0e5d96e25c01e3c	2	2671	
