2026-10-06T13:24:07Z	https://www.gesetzblatt.bremen.de/?skip=0&max=100	200	text/html; charset=utf-8	57286	https://www.gesetzblatt.bremen.de/gesetzblatt-1459?max=100&skip=0
2026-10-06T13:24:19Z	https://www.gesetzblatt.bremen.de/?skip=100&max=100	200	text/html; charset=utf-8	58092	https://www.gesetzblatt.bremen.de/gesetzblatt-1459?max=100&skip=100
2026-10-06T13:24:25Z	https://www.gesetzblatt.bremen.de/?skip=200&max=100	200	text/html; charset=utf-8	58194	https://www.gesetzblatt.bremen.de/gesetzblatt-1459?max=100&skip=200
2026-10-06T13:24:31Z	https://www.gesetzblatt.bremen.de/?skip=300&max=100	200	text/html; charset=utf-8	58323	https://www.gesetzblatt.bremen.de/gesetzblatt-1459?max=100&skip=300
2026-10-06T13:24:36Z	https://www.gesetzblatt.bremen.de/?skip=400&max=100	200	text/html; charset=utf-8	58850	https://www.gesetzblatt.bremen.de/gesetzblatt-1459?max=100&skip=400
2026-10-06T13:24:42Z	https://www.gesetzblatt.bremen.de/?skip=500&max=100	200	text/html; charset=utf-8	57866	https://www.gesetzblatt.bremen.de/gesetzblatt-1459?max=100&skip=500
2026-10-06T13:24:48Z	https://www.gesetzblatt.bremen.de/?skip=600&max=100	200	text/html; charset=utf-8	59139	https://www.gesetzblatt.bremen.de/gesetzblatt-1459?max=100&skip=600
2026-10-06T13:24:53Z	https://www.gesetzblatt.bremen.de/?skip=700&max=100	200	text/html; charset=utf-8	58950	https://www.gesetzblatt.bremen.de/gesetzblatt-1459?max=100&skip=700
2026-10-06T13:24:58Z	https://www.gesetzblatt.bremen.de/?skip=800&max=100	200	text/html; charset=utf-8	61199	https://www.gesetzblatt.bremen.de/gesetzblatt-1459?max=100&skip=800
2026-10-06T13:25:04Z	https://www.gesetzblatt.bremen.de/?skip=900&max=100	200	text/html; charset=utf-8	60270	https://www.gesetzblatt.bremen.de/gesetzblatt-1459?max=100&skip=900
2026-10-06T13:25:09Z	https://www.gesetzblatt.bremen.de/?skip=1000&max=100	200	text/html; charset=utf-8	58898	https://www.gesetzblatt.bremen.de/gesetzblatt-1459?max=100&skip=1000
2026-10-06T13:26:21Z	https://www.gesetzblatt.bremen.de/fastmedia/218/2018_06_28_GBl_Nr_0063_signed.pdf	200	application/pdf	241672	https://www.gesetzblatt.bremen.de/fastmedia/218/2018_06_28_GBl_Nr_0063_signed.pdf
e0a706281f932bd4445366e2e546b0de894f0fcfc1e5ccb1793bdcb8665e23bf  <scratch>/ctrl/2018_063.pdf
2026-10-06T13:26:48Z	https://www.gesetzblatt.bremen.de/fastmedia/218/2026_10_03_GBl_Nr_0101_signed.pdf	200	application/pdf	204567	https://www.gesetzblatt.bremen.de/fastmedia/218/2026_10_03_GBl_Nr_0101_signed.pdf
2026-10-06T13:26:53Z	https://www.gesetzblatt.bremen.de/fastmedia/218/2026_10_01_GBl_Nr_0100_signed.pdf	200	application/pdf	200340	https://www.gesetzblatt.bremen.de/fastmedia/218/2026_10_01_GBl_Nr_0100_signed.pdf
2026-10-06T13:26:58Z	https://www.gesetzblatt.bremen.de/fastmedia/218/2026_10_01_GBl_Nr_0099_signed.pdf	200	application/pdf	216306	https://www.gesetzblatt.bremen.de/fastmedia/218/2026_10_01_GBl_Nr_0099_signed.pdf
2026-10-06T13:27:04Z	https://www.gesetzblatt.bremen.de/fastmedia/218/2026_10_01_GBl_Nr_0098_signed.pdf	200	application/pdf	204303	https://www.gesetzblatt.bremen.de/fastmedia/218/2026_10_01_GBl_Nr_0098_signed.pdf
2026-10-06T13:27:08Z	https://www.gesetzblatt.bremen.de/fastmedia/218/2026_09_29_GBl_Nr_0097_signed.pdf	200	application/pdf	212064	https://www.gesetzblatt.bremen.de/fastmedia/218/2026_09_29_GBl_Nr_0097_signed.pdf
2026-10-06T13:27:13Z	https://www.gesetzblatt.bremen.de/fastmedia/218/2026_09_26_GBl_Nr_0096_signed.pdf	200	application/pdf	200681	https://www.gesetzblatt.bremen.de/fastmedia/218/2026_09_26_GBl_Nr_0096_signed.pdf
2026-10-06T13:27:18Z	https://www.gesetzblatt.bremen.de/fastmedia/218/2026_09_25_GBl_Nr_0095_signed.pdf	200	application/pdf	216418	https://www.gesetzblatt.bremen.de/fastmedia/218/2026_09_25_GBl_Nr_0095_signed.pdf
2026-10-06T13:27:24Z	https://www.gesetzblatt.bremen.de/fastmedia/218/2026_09_24_GBl_Nr_0094_signed.pdf	200	application/pdf	217702	https://www.gesetzblatt.bremen.de/fastmedia/218/2026_09_24_GBl_Nr_0094_signed.pdf
2026-10-06T13:27:29Z	https://www.gesetzblatt.bremen.de/fastmedia/218/2026_09_12_GBl_Nr_0093_signed.pdf	200	application/pdf	337953	https://www.gesetzblatt.bremen.de/fastmedia/218/2026_09_12_GBl_Nr_0093_signed.pdf
2026-10-06T13:27:35Z	https://www.gesetzblatt.bremen.de/fastmedia/218/2026_09_12_GBl_Nr_0092_signed.pdf	200	application/pdf	3227558	https://www.gesetzblatt.bremen.de/fastmedia/218/2026_09_12_GBl_Nr_0092_signed.pdf
2026-10-06T13:27:40Z	https://www.gesetzblatt.bremen.de/fastmedia/218/2026_09_08_GBl_Nr_0091_signed.pdf	200	application/pdf	205720	https://www.gesetzblatt.bremen.de/fastmedia/218/2026_09_08_GBl_Nr_0091_signed.pdf
2026-10-06T13:27:46Z	https://www.gesetzblatt.bremen.de/fastmedia/218/2026_09_08_GBl_Nr_0090_signed.pdf	200	application/pdf	1155908	https://www.gesetzblatt.bremen.de/fastmedia/218/2026_09_08_GBl_Nr_0090_signed.pdf
2026-10-06T13:27:51Z	https://www.gesetzblatt.bremen.de/fastmedia/218/2026_09_04_GBl_Nr_0089_signed.pdf	200	application/pdf	317840	https://www.gesetzblatt.bremen.de/fastmedia/218/2026_09_04_GBl_Nr_0089_signed.pdf
2026-10-06T13:27:56Z	https://www.gesetzblatt.bremen.de/fastmedia/218/2026_08_21_GBl_Nr_0088_signed.pdf	200	application/pdf	253420	https://www.gesetzblatt.bremen.de/fastmedia/218/2026_08_21_GBl_Nr_0088_signed.pdf
2026-10-06T13:28:01Z	https://www.gesetzblatt.bremen.de/fastmedia/218/2026_08_20_GBl_Nr_0087_signed.pdf	200	application/pdf	238036	https://www.gesetzblatt.bremen.de/fastmedia/218/2026_08_20_GBl_Nr_0087_signed.pdf
2026-10-06T13:28:07Z	https://www.gesetzblatt.bremen.de/fastmedia/218/2026_08_15_GBl_Nr_86_signed.pdf	200	application/pdf	203466	https://www.gesetzblatt.bremen.de/fastmedia/218/2026_08_15_GBl_Nr_86_signed.pdf
2026-10-06T13:28:12Z	https://www.gesetzblatt.bremen.de/fastmedia/218/2026_08_15_GBl_Nr_0085_signed.pdf	200	application/pdf	203322	https://www.gesetzblatt.bremen.de/fastmedia/218/2026_08_15_GBl_Nr_0085_signed.pdf
2026-10-06T13:28:17Z	https://www.gesetzblatt.bremen.de/fastmedia/218/2026_08_15_GBl_Nr_0084_signed.pdf	200	application/pdf	206080	https://www.gesetzblatt.bremen.de/fastmedia/218/2026_08_15_GBl_Nr_0084_signed.pdf
2026-10-06T13:28:22Z	https://www.gesetzblatt.bremen.de/fastmedia/218/2026_07_29_GBl_Nr_0083_signed.pdf	200	application/pdf	219015	https://www.gesetzblatt.bremen.de/fastmedia/218/2026_07_29_GBl_Nr_0083_signed.pdf
2026-10-06T13:28:31Z	https://www.gesetzblatt.bremen.de/fastmedia/218/2026_07_15_GBl_Nr_0082_signed.pdf	200	application/pdf	3386232	https://www.gesetzblatt.bremen.de/fastmedia/218/2026_07_15_GBl_Nr_0082_signed.pdf
2026-10-06T13:28:36Z	https://www.gesetzblatt.bremen.de/fastmedia/218/2026_07_15_GBl_Nr_0081_signed.pdf	200	application/pdf	225785	https://www.gesetzblatt.bremen.de/fastmedia/218/2026_07_15_GBl_Nr_0081_signed.pdf
2026-10-06T13:28:40Z	https://www.gesetzblatt.bremen.de/fastmedia/218/2026_07_15_GBl_Nr_0080_signed.pdf	200	application/pdf	201245	https://www.gesetzblatt.bremen.de/fastmedia/218/2026_07_15_GBl_Nr_0080_signed.pdf
2026-10-06T13:28:45Z	https://www.gesetzblatt.bremen.de/fastmedia/218/2026_07_14_GBl_Nr_0079_signed.pdf	200	application/pdf	202921	https://www.gesetzblatt.bremen.de/fastmedia/218/2026_07_14_GBl_Nr_0079_signed.pdf
2026-10-06T13:28:50Z	https://www.gesetzblatt.bremen.de/fastmedia/218/2026_07_14_GBl_Nr_0078_signed.pdf	200	application/pdf	232697	https://www.gesetzblatt.bremen.de/fastmedia/218/2026_07_14_GBl_Nr_0078_signed.pdf
2026-10-06T13:28:55Z	https://www.gesetzblatt.bremen.de/fastmedia/218/2026_07_08_GBl_Nr_0077_signed.pdf	200	application/pdf	197894	https://www.gesetzblatt.bremen.de/fastmedia/218/2026_07_08_GBl_Nr_0077_signed.pdf
2026-10-06T13:29:00Z	https://www.gesetzblatt.bremen.de/fastmedia/218/GBl_BHV%20Aufwandspauschale%202026_signed.pdf	200	application/pdf	197775	https://www.gesetzblatt.bremen.de/fastmedia/218/GBl_BHV%20Aufwandspauschale%202026_signed.pdf
2026-10-06T13:29:05Z	https://www.gesetzblatt.bremen.de/fastmedia/218/GBl_BHV%20Fraktionsbeitr%C3%A4ge%202026_signed.pdf	200	application/pdf	198998	https://www.gesetzblatt.bremen.de/fastmedia/218/GBl_BHV%20Fraktionsbeitr%C3%A4ge%202026_signed.pdf
2026-10-06T13:29:10Z	https://www.gesetzblatt.bremen.de/fastmedia/218/2026_07_02_GBl_Nr_0074_signed.pdf	200	application/pdf	377885	https://www.gesetzblatt.bremen.de/fastmedia/218/2026_07_02_GBl_Nr_0074_signed.pdf
2026-10-06T13:29:15Z	https://www.gesetzblatt.bremen.de/fastmedia/218/2026_07_01_GBl_Nr_0073_signed.pdf	200	application/pdf	213721	https://www.gesetzblatt.bremen.de/fastmedia/218/2026_07_01_GBl_Nr_0073_signed.pdf
2026-10-06T13:29:20Z	https://www.gesetzblatt.bremen.de/fastmedia/218/2026_06_30_GBl_Nr_0072_signed.pdf	200	application/pdf	212915	https://www.gesetzblatt.bremen.de/fastmedia/218/2026_06_30_GBl_Nr_0072_signed.pdf
2026-10-06T13:29:26Z	https://www.gesetzblatt.bremen.de/fastmedia/218/2026_06_30_GBl_Nr_0071_signed.pdf	200	application/pdf	250670	https://www.gesetzblatt.bremen.de/fastmedia/218/2026_06_30_GBl_Nr_0071_signed.pdf
2026-10-06T13:29:31Z	https://www.gesetzblatt.bremen.de/fastmedia/218/2026_06_26_GBl_Nr_0070_signed.pdf	200	application/pdf	232535	https://www.gesetzblatt.bremen.de/fastmedia/218/2026_06_26_GBl_Nr_0070_signed.pdf
2026-10-06T13:29:36Z	https://www.gesetzblatt.bremen.de/fastmedia/218/2026_06_24_GBl_Nr_0069_signed.pdf	200	application/pdf	363681	https://www.gesetzblatt.bremen.de/fastmedia/218/2026_06_24_GBl_Nr_0069_signed.pdf
2026-10-06T13:29:42Z	https://www.gesetzblatt.bremen.de/fastmedia/218/2026_06_23_GBl_Nr_0068_signed.pdf	200	application/pdf	197116	https://www.gesetzblatt.bremen.de/fastmedia/218/2026_06_23_GBl_Nr_0068_signed.pdf
2026-10-06T13:29:47Z	https://www.gesetzblatt.bremen.de/fastmedia/218/2026_06_23_GBl_Nr_0067_signed.pdf	200	application/pdf	215638	https://www.gesetzblatt.bremen.de/fastmedia/218/2026_06_23_GBl_Nr_0067_signed.pdf
2026-10-06T13:29:52Z	https://www.gesetzblatt.bremen.de/fastmedia/218/2026_06_20_GBl_Nr_0066_signed.pdf	200	application/pdf	204394	https://www.gesetzblatt.bremen.de/fastmedia/218/2026_06_20_GBl_Nr_0066_signed.pdf
2026-10-06T13:29:57Z	https://www.gesetzblatt.bremen.de/fastmedia/218/2026_06_20_GBl_Nr_0065_signed.pdf	200	application/pdf	241975	https://www.gesetzblatt.bremen.de/fastmedia/218/2026_06_20_GBl_Nr_0065_signed.pdf
2026-10-06T13:30:02Z	https://www.gesetzblatt.bremen.de/fastmedia/218/2026_06_19_GBl_Nr_0064_signed.pdf	200	application/pdf	202594	https://www.gesetzblatt.bremen.de/fastmedia/218/2026_06_19_GBl_Nr_0064_signed.pdf
2026-10-06T13:30:11Z	https://www.gesetzblatt.bremen.de/fastmedia/218/2026_06_19_GBl_Nr_0063_signed.pdf	200	application/pdf	4716796	https://www.gesetzblatt.bremen.de/fastmedia/218/2026_06_19_GBl_Nr_0063_signed.pdf
2026-10-06T13:30:15Z	https://www.gesetzblatt.bremen.de/fastmedia/218/2026_06_19_GBl_Nr_0062_signed.pdf	200	application/pdf	203726	https://www.gesetzblatt.bremen.de/fastmedia/218/2026_06_19_GBl_Nr_0062_signed.pdf
2026-10-06T13:30:21Z	https://www.gesetzblatt.bremen.de/fastmedia/218/2026_06_19_GBl_Nr_0061_signed.pdf	200	application/pdf	220412	https://www.gesetzblatt.bremen.de/fastmedia/218/2026_06_19_GBl_Nr_0061_signed.pdf
2026-10-06T13:30:26Z	https://www.gesetzblatt.bremen.de/fastmedia/218/2026_06_19_GBl_Nr_0060_signed.pdf	200	application/pdf	297020	https://www.gesetzblatt.bremen.de/fastmedia/218/2026_06_19_GBl_Nr_0060_signed.pdf
2026-10-06T13:30:31Z	https://www.gesetzblatt.bremen.de/fastmedia/218/2026_06_19_GBl_Nr_0059_signed.pdf	200	application/pdf	208286	https://www.gesetzblatt.bremen.de/fastmedia/218/2026_06_19_GBl_Nr_0059_signed.pdf
2026-10-06T13:30:36Z	https://www.gesetzblatt.bremen.de/fastmedia/218/2026_06_16_GBl_Nr%2058_signed.pdf	200	application/pdf	214410	https://www.gesetzblatt.bremen.de/fastmedia/218/2026_06_16_GBl_Nr%2058_signed.pdf
2026-10-06T13:30:41Z	https://www.gesetzblatt.bremen.de/fastmedia/218/2026_06_13_GBl_Nr_0057_signed.pdf	200	application/pdf	201099	https://www.gesetzblatt.bremen.de/fastmedia/218/2026_06_13_GBl_Nr_0057_signed.pdf
2026-10-06T13:30:47Z	https://www.gesetzblatt.bremen.de/fastmedia/218/2026_06_12_GBl_Nr_0056_signed.pdf	200	application/pdf	208351	https://www.gesetzblatt.bremen.de/fastmedia/218/2026_06_12_GBl_Nr_0056_signed.pdf
2026-10-06T13:30:52Z	https://www.gesetzblatt.bremen.de/fastmedia/218/2026_06_01_GBl_Nr_0055_signed.pdf	200	application/pdf	210398	https://www.gesetzblatt.bremen.de/fastmedia/218/2026_06_01_GBl_Nr_0055_signed.pdf
2026-10-06T13:30:57Z	https://www.gesetzblatt.bremen.de/fastmedia/218/2026_05_28_GBl_Nr_0054_signed.pdf	200	application/pdf	214329	https://www.gesetzblatt.bremen.de/fastmedia/218/2026_05_28_GBl_Nr_0054_signed.pdf
2026-10-06T13:31:01Z	https://www.gesetzblatt.bremen.de/fastmedia/218/2026_05_12_GBl_Nr_0053_signed.pdf	200	application/pdf	202985	https://www.gesetzblatt.bremen.de/fastmedia/218/2026_05_12_GBl_Nr_0053_signed.pdf
2026-10-06T13:31:07Z	https://www.gesetzblatt.bremen.de/fastmedia/218/2026_05_14_GBl_Nr_0052_signed.pdf	200	application/pdf	224693	https://www.gesetzblatt.bremen.de/fastmedia/218/2026_05_14_GBl_Nr_0052_signed.pdf
2026-10-06T13:31:13Z	https://www.gesetzblatt.bremen.de/fastmedia/218/2026_05_07_GBl_Nr_0051_signed.pdf	200	application/pdf	887821	https://www.gesetzblatt.bremen.de/fastmedia/218/2026_05_07_GBl_Nr_0051_signed.pdf
2026-10-06T13:31:18Z	https://www.gesetzblatt.bremen.de/fastmedia/218/2026_05_07_GBl_Nr_0050_signed.pdf	200	application/pdf	318419	https://www.gesetzblatt.bremen.de/fastmedia/218/2026_05_07_GBl_Nr_0050_signed.pdf
2026-10-06T13:31:23Z	https://www.gesetzblatt.bremen.de/fastmedia/218/2026_04_22_GBl_Nr_0049_signed.pdf	200	application/pdf	193969	https://www.gesetzblatt.bremen.de/fastmedia/218/2026_04_22_GBl_Nr_0049_signed.pdf
2026-10-06T13:31:28Z	https://www.gesetzblatt.bremen.de/fastmedia/218/2026_04_18_GBl_Nr_0048_signed.pdf	200	application/pdf	426435	https://www.gesetzblatt.bremen.de/fastmedia/218/2026_04_18_GBl_Nr_0048_signed.pdf
2026-10-06T13:31:34Z	https://www.gesetzblatt.bremen.de/fastmedia/218/2026_04_18_GBl_0047_signed.pdf	200	application/pdf	294085	https://www.gesetzblatt.bremen.de/fastmedia/218/2026_04_18_GBl_0047_signed.pdf
2026-10-06T13:31:39Z	https://www.gesetzblatt.bremen.de/fastmedia/218/2026_04_17_GBl_Nr_0046_signed.pdf	200	application/pdf	214483	https://www.gesetzblatt.bremen.de/fastmedia/218/2026_04_17_GBl_Nr_0046_signed.pdf
2026-10-06T13:31:44Z	https://www.gesetzblatt.bremen.de/fastmedia/218/2026_04_17_GBl_Nr_0045_signed.pdf	200	application/pdf	221979	https://www.gesetzblatt.bremen.de/fastmedia/218/2026_04_17_GBl_Nr_0045_signed.pdf
2026-10-06T13:31:49Z	https://www.gesetzblatt.bremen.de/fastmedia/218/2026_04_17_GBl_Nr_0044_signed.pdf	200	application/pdf	240318	https://www.gesetzblatt.bremen.de/fastmedia/218/2026_04_17_GBl_Nr_0044_signed.pdf
2026-10-06T13:31:55Z	https://www.gesetzblatt.bremen.de/fastmedia/218/2026_04_16_GBl_Nr_0043_signed.pdf	200	application/pdf	208672	https://www.gesetzblatt.bremen.de/fastmedia/218/2026_04_16_GBl_Nr_0043_signed.pdf
2026-10-06T13:31:59Z	https://www.gesetzblatt.bremen.de/fastmedia/218/2026_04_15_GBl_Nr_0042_signed.pdf	200	application/pdf	204302	https://www.gesetzblatt.bremen.de/fastmedia/218/2026_04_15_GBl_Nr_0042_signed.pdf
2026-10-06T13:32:04Z	https://www.gesetzblatt.bremen.de/fastmedia/218/2026_04_14_GBl_Nr_0041_signed.pdf	200	application/pdf	211813	https://www.gesetzblatt.bremen.de/fastmedia/218/2026_04_14_GBl_Nr_0041_signed.pdf
2026-10-06T13:32:09Z	https://www.gesetzblatt.bremen.de/fastmedia/218/2026_04_11_GBl_Nr_0040_signed.pdf	200	application/pdf	210766	https://www.gesetzblatt.bremen.de/fastmedia/218/2026_04_11_GBl_Nr_0040_signed.pdf
2026-10-06T13:32:15Z	https://www.gesetzblatt.bremen.de/fastmedia/218/2026_04_09_GBl_Nr_0039_signed.pdf	200	application/pdf	220412	https://www.gesetzblatt.bremen.de/fastmedia/218/2026_04_09_GBl_Nr_0039_signed.pdf
2026-10-06T13:32:20Z	https://www.gesetzblatt.bremen.de/fastmedia/218/2026_04_09_GBl_Nr_0038_signed.pdf	200	application/pdf	229368	https://www.gesetzblatt.bremen.de/fastmedia/218/2026_04_09_GBl_Nr_0038_signed.pdf
2026-10-06T13:32:26Z	https://www.gesetzblatt.bremen.de/fastmedia/218/2026_04_09_GBl_Nr_0037_signed.pdf	200	application/pdf	292780	https://www.gesetzblatt.bremen.de/fastmedia/218/2026_04_09_GBl_Nr_0037_signed.pdf
2026-10-06T13:32:31Z	https://www.gesetzblatt.bremen.de/fastmedia/218/2026_03_28_GBl_Nr_0036_signed.pdf	200	application/pdf	225850	https://www.gesetzblatt.bremen.de/fastmedia/218/2026_03_28_GBl_Nr_0036_signed.pdf
2026-10-06T13:32:36Z	https://www.gesetzblatt.bremen.de/fastmedia/218/2026_03_25_GBl_Nr_0035_signed.pdf	200	application/pdf	218318	https://www.gesetzblatt.bremen.de/fastmedia/218/2026_03_25_GBl_Nr_0035_signed.pdf
2026-10-06T13:32:42Z	https://www.gesetzblatt.bremen.de/fastmedia/218/2026_03_25_GBl_Nr_0034_signed.pdf	200	application/pdf	581035	https://www.gesetzblatt.bremen.de/fastmedia/218/2026_03_25_GBl_Nr_0034_signed.pdf
2026-10-06T13:32:48Z	https://www.gesetzblatt.bremen.de/fastmedia/218/2026_03_25_GBl_Nr_0033_signed.pdf	200	application/pdf	579264	https://www.gesetzblatt.bremen.de/fastmedia/218/2026_03_25_GBl_Nr_0033_signed.pdf
2026-10-06T13:32:53Z	https://www.gesetzblatt.bremen.de/fastmedia/218/2026_03_25_GBl_0032_signed.pdf	200	application/pdf	431034	https://www.gesetzblatt.bremen.de/fastmedia/218/2026_03_25_GBl_0032_signed.pdf
2026-10-06T13:32:58Z	https://www.gesetzblatt.bremen.de/fastmedia/218/2026_03_25_GBl_0031_signed.pdf	200	application/pdf	427751	https://www.gesetzblatt.bremen.de/fastmedia/218/2026_03_25_GBl_0031_signed.pdf
2026-10-06T13:33:03Z	https://www.gesetzblatt.bremen.de/fastmedia/218/2026_03_25_ABl_Nr_0030_signed.pdf	200	application/pdf	402274	https://www.gesetzblatt.bremen.de/fastmedia/218/2026_03_25_ABl_Nr_0030_signed.pdf
2026-10-06T13:33:09Z	https://www.gesetzblatt.bremen.de/fastmedia/218/2026_03_20_GBl_Nr_0029_signed.pdf	200	application/pdf	214653	https://www.gesetzblatt.bremen.de/fastmedia/218/2026_03_20_GBl_Nr_0029_signed.pdf
2026-10-06T13:33:14Z	https://www.gesetzblatt.bremen.de/fastmedia/218/2026_03_19_GBl_Nr_0028_signed.pdf	200	application/pdf	218673	https://www.gesetzblatt.bremen.de/fastmedia/218/2026_03_19_GBl_Nr_0028_signed.pdf
2026-10-06T13:33:19Z	https://www.gesetzblatt.bremen.de/fastmedia/218/2026_03_19_GBl_Nr_0027_signed.pdf	200	application/pdf	319948	https://www.gesetzblatt.bremen.de/fastmedia/218/2026_03_19_GBl_Nr_0027_signed.pdf
2026-10-06T13:33:24Z	https://www.gesetzblatt.bremen.de/fastmedia/218/2026_03_19_GBl_Nr_0026_signed.pdf	200	application/pdf	296534	https://www.gesetzblatt.bremen.de/fastmedia/218/2026_03_19_GBl_Nr_0026_signed.pdf
2026-10-06T13:33:29Z	https://www.gesetzblatt.bremen.de/fastmedia/218/2026_03_19_GBl_Nr_0025_signed.pdf	200	application/pdf	250053	https://www.gesetzblatt.bremen.de/fastmedia/218/2026_03_19_GBl_Nr_0025_signed.pdf
2026-10-06T13:33:34Z	https://www.gesetzblatt.bremen.de/fastmedia/218/2026_03_19_GBl_Nr_0024_signed.pdf	200	application/pdf	250051	https://www.gesetzblatt.bremen.de/fastmedia/218/2026_03_19_GBl_Nr_0024_signed.pdf
2026-10-06T13:33:39Z	https://www.gesetzblatt.bremen.de/fastmedia/218/2026_03_19_GBl_Nr_0023_signed.pdf	200	application/pdf	301775	https://www.gesetzblatt.bremen.de/fastmedia/218/2026_03_19_GBl_Nr_0023_signed.pdf
2026-10-06T13:33:44Z	https://www.gesetzblatt.bremen.de/fastmedia/218/2026_03_14_GBl_Nr_0022_signed.pdf	200	application/pdf	331594	https://www.gesetzblatt.bremen.de/fastmedia/218/2026_03_14_GBl_Nr_0022_signed.pdf
2026-10-06T13:33:49Z	https://www.gesetzblatt.bremen.de/fastmedia/218/2026_03_10_GBl_Nr_0021_signed.pdf	200	application/pdf	239550	https://www.gesetzblatt.bremen.de/fastmedia/218/2026_03_10_GBl_Nr_0021_signed.pdf
2026-10-06T13:33:55Z	https://www.gesetzblatt.bremen.de/fastmedia/218/2026_03_06_GBl_Nr_0020_signed.pdf	200	application/pdf	213809	https://www.gesetzblatt.bremen.de/fastmedia/218/2026_03_06_GBl_Nr_0020_signed.pdf
2026-10-06T13:34:00Z	https://www.gesetzblatt.bremen.de/fastmedia/218/2026_03_04_GBl_Nr_0019_signed.pdf	200	application/pdf	217951	https://www.gesetzblatt.bremen.de/fastmedia/218/2026_03_04_GBl_Nr_0019_signed.pdf
2026-10-06T13:34:05Z	https://www.gesetzblatt.bremen.de/fastmedia/218/2026_03_03_GBl_Nr_0018_signed.pdf	200	application/pdf	653312	https://www.gesetzblatt.bremen.de/fastmedia/218/2026_03_03_GBl_Nr_0018_signed.pdf
2026-10-06T13:34:10Z	https://www.gesetzblatt.bremen.de/fastmedia/218/2026_02_27_GBl_Nr_0017_signed.pdf	200	application/pdf	254994	https://www.gesetzblatt.bremen.de/fastmedia/218/2026_02_27_GBl_Nr_0017_signed.pdf
2026-10-06T13:34:16Z	https://www.gesetzblatt.bremen.de/fastmedia/218/2026_02_26_GBl_Nr_0016_signed.pdf	200	application/pdf	211947	https://www.gesetzblatt.bremen.de/fastmedia/218/2026_02_26_GBl_Nr_0016_signed.pdf
2026-10-06T13:34:22Z	https://www.gesetzblatt.bremen.de/fastmedia/218/2026_02_21_GBl_Nr_0015_signed.pdf	200	application/pdf	391231	https://www.gesetzblatt.bremen.de/fastmedia/218/2026_02_21_GBl_Nr_0015_signed.pdf
2026-10-06T13:34:27Z	https://www.gesetzblatt.bremen.de/fastmedia/218/2026_02_19_GBl_Nr_0014_signed.pdf	200	application/pdf	214200	https://www.gesetzblatt.bremen.de/fastmedia/218/2026_02_19_GBl_Nr_0014_signed.pdf
2026-10-06T13:34:32Z	https://www.gesetzblatt.bremen.de/fastmedia/218/2026_02_19_GBl_Nr_0013_signed.pdf	200	application/pdf	212616	https://www.gesetzblatt.bremen.de/fastmedia/218/2026_02_19_GBl_Nr_0013_signed.pdf
2026-10-06T13:34:37Z	https://www.gesetzblatt.bremen.de/fastmedia/218/2026_02_19_GBl_Nr_0012_signed.pdf	200	application/pdf	215020	https://www.gesetzblatt.bremen.de/fastmedia/218/2026_02_19_GBl_Nr_0012_signed.pdf
2026-10-06T13:34:42Z	https://www.gesetzblatt.bremen.de/fastmedia/218/2026_02_18_GBl_Nr_0011_signed.pdf	200	application/pdf	252419	https://www.gesetzblatt.bremen.de/fastmedia/218/2026_02_18_GBl_Nr_0011_signed.pdf
2026-10-06T13:34:47Z	https://www.gesetzblatt.bremen.de/fastmedia/218/2026_02_06_GBl_Nr_0010_signed.pdf	200	application/pdf	124799	https://www.gesetzblatt.bremen.de/fastmedia/218/2026_02_06_GBl_Nr_0010_signed.pdf
2026-10-06T13:34:53Z	https://www.gesetzblatt.bremen.de/fastmedia/218/2026_02_04_GBl_Nr_0009_signed.pdf	200	application/pdf	856711	https://www.gesetzblatt.bremen.de/fastmedia/218/2026_02_04_GBl_Nr_0009_signed.pdf
2026-10-06T13:34:58Z	https://www.gesetzblatt.bremen.de/fastmedia/218/2026_01_31_GBl_Nr_0008_signed.pdf	200	application/pdf	212398	https://www.gesetzblatt.bremen.de/fastmedia/218/2026_01_31_GBl_Nr_0008_signed.pdf
2026-10-06T13:35:03Z	https://www.gesetzblatt.bremen.de/fastmedia/218/2026_01_31_GBl_Nr_0007_signed.pdf	200	application/pdf	219866	https://www.gesetzblatt.bremen.de/fastmedia/218/2026_01_31_GBl_Nr_0007_signed.pdf
2026-10-06T13:35:09Z	https://www.gesetzblatt.bremen.de/fastmedia/218/2026_01_28_GBl_Nr_0006_signed.pdf	200	application/pdf	225250	https://www.gesetzblatt.bremen.de/fastmedia/218/2026_01_28_GBl_Nr_0006_signed.pdf
2026-10-06T13:35:14Z	https://www.gesetzblatt.bremen.de/fastmedia/218/2025_01_28_GBl_Nr_0005_signed.pdf	200	application/pdf	215895	https://www.gesetzblatt.bremen.de/fastmedia/218/2025_01_28_GBl_Nr_0005_signed.pdf
2026-10-06T13:35:19Z	https://www.gesetzblatt.bremen.de/fastmedia/218/2026_01_21_GBl_Nr_0004_signed.pdf	200	application/pdf	208026	https://www.gesetzblatt.bremen.de/fastmedia/218/2026_01_21_GBl_Nr_0004_signed.pdf
2026-10-06T13:35:24Z	https://www.gesetzblatt.bremen.de/fastmedia/218/2026_01_20_GBl_Nr_0003_signed.pdf	200	application/pdf	220071	https://www.gesetzblatt.bremen.de/fastmedia/218/2026_01_20_GBl_Nr_0003_signed.pdf
2026-10-06T13:35:29Z	https://www.gesetzblatt.bremen.de/fastmedia/218/2026_01_15_GBl_Nr_2_signed.pdf	200	application/pdf	227959	https://www.gesetzblatt.bremen.de/fastmedia/218/2026_01_15_GBl_Nr_2_signed.pdf
2026-10-06T13:35:34Z	https://www.gesetzblatt.bremen.de/fastmedia/218/2026_01_08_GBl_Nr_0001_signed.pdf	200	application/pdf	208544	https://www.gesetzblatt.bremen.de/fastmedia/218/2026_01_08_GBl_Nr_0001_signed.pdf
2026-10-06T13:35:40Z	https://www.gesetzblatt.bremen.de/fastmedia/218/2025_12_24_GBl_Nr_0167_signed.pdf	200	application/pdf	236114	https://www.gesetzblatt.bremen.de/fastmedia/218/2025_12_24_GBl_Nr_0167_signed.pdf
2026-10-06T13:35:45Z	https://www.gesetzblatt.bremen.de/fastmedia/218/2025_12_23_GBl_Nr_0166_signed.pdf	200	application/pdf	209245	https://www.gesetzblatt.bremen.de/fastmedia/218/2025_12_23_GBl_Nr_0166_signed.pdf
2026-10-06T13:35:50Z	https://www.gesetzblatt.bremen.de/fastmedia/218/2025_12_24_GBl_Nr_0165_signed.pdf	200	application/pdf	214798	https://www.gesetzblatt.bremen.de/fastmedia/218/2025_12_24_GBl_Nr_0165_signed.pdf
2026-10-06T13:35:55Z	https://www.gesetzblatt.bremen.de/fastmedia/218/2025_12_23_GBl_Nr_0164_signed.pdf	200	application/pdf	283770	https://www.gesetzblatt.bremen.de/fastmedia/218/2025_12_23_GBl_Nr_0164_signed.pdf
2026-10-06T13:36:01Z	https://www.gesetzblatt.bremen.de/fastmedia/218/2025_12_23_GBl_Nr_0163_signed.pdf	200	application/pdf	720361	https://www.gesetzblatt.bremen.de/fastmedia/218/2025_12_23_GBl_Nr_0163_signed.pdf
2026-10-06T13:36:06Z	https://www.gesetzblatt.bremen.de/fastmedia/218/2025_12_23_GBl_Nr_0162_signed.pdf	200	application/pdf	214947	https://www.gesetzblatt.bremen.de/fastmedia/218/2025_12_23_GBl_Nr_0162_signed.pdf
2026-10-06T13:36:11Z	https://www.gesetzblatt.bremen.de/fastmedia/218/2025_12_20_GBl_Nr_0161_signed.pdf	200	application/pdf	213927	https://www.gesetzblatt.bremen.de/fastmedia/218/2025_12_20_GBl_Nr_0161_signed.pdf
2026-10-06T13:36:16Z	https://www.gesetzblatt.bremen.de/fastmedia/218/2025_12_20_GBl_Nr_0160_signed.pdf	200	application/pdf	370938	https://www.gesetzblatt.bremen.de/fastmedia/218/2025_12_20_GBl_Nr_0160_signed.pdf
2026-10-06T13:36:22Z	https://www.gesetzblatt.bremen.de/fastmedia/218/2025_12_19_GBl_Nr_0159_signed.pdf	200	application/pdf	1438051	https://www.gesetzblatt.bremen.de/fastmedia/218/2025_12_19_GBl_Nr_0159_signed.pdf
2026-10-06T13:36:27Z	https://www.gesetzblatt.bremen.de/fastmedia/218/2025_12_19_GBl_Nr_0158_signed.pdf	200	application/pdf	236987	https://www.gesetzblatt.bremen.de/fastmedia/218/2025_12_19_GBl_Nr_0158_signed.pdf
2026-10-06T13:36:32Z	https://www.gesetzblatt.bremen.de/fastmedia/218/2025_12_18_GBl_Nr_0157_signed.pdf	200	application/pdf	221579	https://www.gesetzblatt.bremen.de/fastmedia/218/2025_12_18_GBl_Nr_0157_signed.pdf
2026-10-06T13:36:38Z	https://www.gesetzblatt.bremen.de/fastmedia/218/2025_12_18_GBl_Nr_0156_signed.pdf	200	application/pdf	224447	https://www.gesetzblatt.bremen.de/fastmedia/218/2025_12_18_GBl_Nr_0156_signed.pdf
2026-10-06T13:36:43Z	https://www.gesetzblatt.bremen.de/fastmedia/218/2025_12_18_GBl_Nr_0155_signed.pdf	200	application/pdf	214075	https://www.gesetzblatt.bremen.de/fastmedia/218/2025_12_18_GBl_Nr_0155_signed.pdf
2026-10-06T13:36:48Z	https://www.gesetzblatt.bremen.de/fastmedia/218/2025_12_18_GBl_Nr_0154_signed.pdf	200	application/pdf	268481	https://www.gesetzblatt.bremen.de/fastmedia/218/2025_12_18_GBl_Nr_0154_signed.pdf
2026-10-06T13:36:53Z	https://www.gesetzblatt.bremen.de/fastmedia/218/2025_12_18_GBl_Nr_0153_signed.pdf	200	application/pdf	214964	https://www.gesetzblatt.bremen.de/fastmedia/218/2025_12_18_GBl_Nr_0153_signed.pdf
2026-10-06T13:36:58Z	https://www.gesetzblatt.bremen.de/fastmedia/218/2025_12_18_GBl_Nr_0152_signed.pdf	200	application/pdf	222555	https://www.gesetzblatt.bremen.de/fastmedia/218/2025_12_18_GBl_Nr_0152_signed.pdf
2026-10-06T13:37:04Z	https://www.gesetzblatt.bremen.de/fastmedia/218/2025_12_18_GBl_Nr_0151_signed.pdf	200	application/pdf	216015	https://www.gesetzblatt.bremen.de/fastmedia/218/2025_12_18_GBl_Nr_0151_signed.pdf
2026-10-06T13:37:09Z	https://www.gesetzblatt.bremen.de/fastmedia/218/2025_12_18_GBl_Nr_0150_signed.pdf	200	application/pdf	258633	https://www.gesetzblatt.bremen.de/fastmedia/218/2025_12_18_GBl_Nr_0150_signed.pdf
2026-10-06T13:37:14Z	https://www.gesetzblatt.bremen.de/fastmedia/218/2025_12_18_GBl_Nr_0149_signed.pdf	200	application/pdf	238128	https://www.gesetzblatt.bremen.de/fastmedia/218/2025_12_18_GBl_Nr_0149_signed.pdf
2026-10-06T13:37:20Z	https://www.gesetzblatt.bremen.de/fastmedia/218/2025_12_17_GBl_Nr_0148_signed.pdf	200	application/pdf	218991	https://www.gesetzblatt.bremen.de/fastmedia/218/2025_12_17_GBl_Nr_0148_signed.pdf
2026-10-06T13:37:25Z	https://www.gesetzblatt.bremen.de/fastmedia/218/2025_12_17_GBl_Nr_0147_signed.pdf	200	application/pdf	218378	https://www.gesetzblatt.bremen.de/fastmedia/218/2025_12_17_GBl_Nr_0147_signed.pdf
2026-10-06T13:37:30Z	https://www.gesetzblatt.bremen.de/fastmedia/218/2025_12_17_GBl_Nr_0146_signed.pdf	200	application/pdf	220902	https://www.gesetzblatt.bremen.de/fastmedia/218/2025_12_17_GBl_Nr_0146_signed.pdf
2026-10-06T13:37:36Z	https://www.gesetzblatt.bremen.de/fastmedia/218/2025_12_17_GBl_Nr_0145_signed.pdf	200	application/pdf	263143	https://www.gesetzblatt.bremen.de/fastmedia/218/2025_12_17_GBl_Nr_0145_signed.pdf
2026-10-06T13:37:41Z	https://www.gesetzblatt.bremen.de/fastmedia/218/2025_12_17_GBl_Nr_0144_signed.pdf	200	application/pdf	520464	https://www.gesetzblatt.bremen.de/fastmedia/218/2025_12_17_GBl_Nr_0144_signed.pdf
2026-10-06T13:37:46Z	https://www.gesetzblatt.bremen.de/fastmedia/218/2025_12_17_GBl_Nr_0143_signed.pdf	200	application/pdf	520722	https://www.gesetzblatt.bremen.de/fastmedia/218/2025_12_17_GBl_Nr_0143_signed.pdf
2026-10-06T13:37:52Z	https://www.gesetzblatt.bremen.de/fastmedia/218/2025_12_16_GBl_Nr_0142_signed.pdf	200	application/pdf	222014	https://www.gesetzblatt.bremen.de/fastmedia/218/2025_12_16_GBl_Nr_0142_signed.pdf
2026-10-06T13:37:57Z	https://www.gesetzblatt.bremen.de/fastmedia/218/2025_12_13_GBl_Nr_0141_signed.pdf	200	application/pdf	210465	https://www.gesetzblatt.bremen.de/fastmedia/218/2025_12_13_GBl_Nr_0141_signed.pdf
2026-10-06T13:38:03Z	https://www.gesetzblatt.bremen.de/fastmedia/218/2025_12_13_GBl_Nr_0140_signed.pdf	200	application/pdf	221548	https://www.gesetzblatt.bremen.de/fastmedia/218/2025_12_13_GBl_Nr_0140_signed.pdf
2026-10-06T13:38:08Z	https://www.gesetzblatt.bremen.de/fastmedia/218/2025_12_11_GBl_Nr_0139_signed.pdf	200	application/pdf	223151	https://www.gesetzblatt.bremen.de/fastmedia/218/2025_12_11_GBl_Nr_0139_signed.pdf
2026-10-06T13:38:13Z	https://www.gesetzblatt.bremen.de/fastmedia/218/2025_12_11_GBl_Nr_0138_signed.pdf	200	application/pdf	241182	https://www.gesetzblatt.bremen.de/fastmedia/218/2025_12_11_GBl_Nr_0138_signed.pdf
2026-10-06T13:38:18Z	https://www.gesetzblatt.bremen.de/fastmedia/218/2025_12_11_GBl_Nr_0137_signed.pdf	200	application/pdf	231862	https://www.gesetzblatt.bremen.de/fastmedia/218/2025_12_11_GBl_Nr_0137_signed.pdf
2026-10-06T13:38:24Z	https://www.gesetzblatt.bremen.de/fastmedia/218/2025_12_11_GBl_Nr_0136_signed.pdf	200	application/pdf	228062	https://www.gesetzblatt.bremen.de/fastmedia/218/2025_12_11_GBl_Nr_0136_signed.pdf
2026-10-06T13:38:29Z	https://www.gesetzblatt.bremen.de/fastmedia/218/2025_12_11_GBl_Nr_0135_signed.pdf	200	application/pdf	240293	https://www.gesetzblatt.bremen.de/fastmedia/218/2025_12_11_GBl_Nr_0135_signed.pdf
2026-10-06T13:38:34Z	https://www.gesetzblatt.bremen.de/fastmedia/218/2025_12_11_GBl_Nr_0134_signed.pdf	200	application/pdf	236651	https://www.gesetzblatt.bremen.de/fastmedia/218/2025_12_11_GBl_Nr_0134_signed.pdf
2026-10-06T13:38:39Z	https://www.gesetzblatt.bremen.de/fastmedia/218/2025_12_10_GBl_Nr_0133_signed.pdf	200	application/pdf	216078	https://www.gesetzblatt.bremen.de/fastmedia/218/2025_12_10_GBl_Nr_0133_signed.pdf
2026-10-06T13:38:45Z	https://www.gesetzblatt.bremen.de/fastmedia/218/2025_12_04_GBl_Nr_0132_signed.pdf	200	application/pdf	363950	https://www.gesetzblatt.bremen.de/fastmedia/218/2025_12_04_GBl_Nr_0132_signed.pdf
2026-10-06T13:38:50Z	https://www.gesetzblatt.bremen.de/fastmedia/218/2025_12_02_GBl_Nr_0131_signed.pdf	200	application/pdf	213888	https://www.gesetzblatt.bremen.de/fastmedia/218/2025_12_02_GBl_Nr_0131_signed.pdf
2026-10-06T13:38:55Z	https://www.gesetzblatt.bremen.de/fastmedia/218/2025_12_02_GBl_Nr_0130_signed.pdf	200	application/pdf	253162	https://www.gesetzblatt.bremen.de/fastmedia/218/2025_12_02_GBl_Nr_0130_signed.pdf
2026-10-06T13:39:00Z	https://www.gesetzblatt.bremen.de/fastmedia/218/2025_12_02_GBl_Nr_0129_signed.pdf	200	application/pdf	253282	https://www.gesetzblatt.bremen.de/fastmedia/218/2025_12_02_GBl_Nr_0129_signed.pdf
2026-10-06T13:39:06Z	https://www.gesetzblatt.bremen.de/fastmedia/218/2025_11_29_GBl_Nr_0128_signed.pdf	200	application/pdf	292682	https://www.gesetzblatt.bremen.de/fastmedia/218/2025_11_29_GBl_Nr_0128_signed.pdf
2026-10-06T13:39:15Z	https://www.gesetzblatt.bremen.de/fastmedia/218/2025_11_28_GBl_Nr_0127_signed.pdf	200	application/pdf	10140492	https://www.gesetzblatt.bremen.de/fastmedia/218/2025_11_28_GBl_Nr_0127_signed.pdf
2026-10-06T13:39:20Z	https://www.gesetzblatt.bremen.de/fastmedia/218/2025_11_28_GBl_Nr_0126_signed.pdf	200	application/pdf	229838	https://www.gesetzblatt.bremen.de/fastmedia/218/2025_11_28_GBl_Nr_0126_signed.pdf
2026-10-06T13:39:26Z	https://www.gesetzblatt.bremen.de/fastmedia/218/2025_11_26_GBl_Nr_0125_signed.pdf	200	application/pdf	218206	https://www.gesetzblatt.bremen.de/fastmedia/218/2025_11_26_GBl_Nr_0125_signed.pdf
2026-10-06T13:39:35Z	https://www.gesetzblatt.bremen.de/fastmedia/218/2025_11_26_GBl_Nr_0124_signed.pdf	200	application/pdf	2882936	https://www.gesetzblatt.bremen.de/fastmedia/218/2025_11_26_GBl_Nr_0124_signed.pdf
2026-10-06T13:39:40Z	https://www.gesetzblatt.bremen.de/fastmedia/218/2025_11_26_GBl_Nr_0123_signed.pdf	200	application/pdf	241049	https://www.gesetzblatt.bremen.de/fastmedia/218/2025_11_26_GBl_Nr_0123_signed.pdf
2026-10-06T13:39:46Z	https://www.gesetzblatt.bremen.de/fastmedia/218/2025_11_19_GBl_Nr_0122_signed.pdf	200	application/pdf	319024	https://www.gesetzblatt.bremen.de/fastmedia/218/2025_11_19_GBl_Nr_0122_signed.pdf
2026-10-06T13:39:52Z	https://www.gesetzblatt.bremen.de/fastmedia/218/2025_11_12_GBl_Nr_0121_signed.pdf	200	application/pdf	210679	https://www.gesetzblatt.bremen.de/fastmedia/218/2025_11_12_GBl_Nr_0121_signed.pdf
2026-10-06T13:39:57Z	https://www.gesetzblatt.bremen.de/fastmedia/218/2025_11_06_GBl_Nr_0120_signed.pdf	200	application/pdf	238871	https://www.gesetzblatt.bremen.de/fastmedia/218/2025_11_06_GBl_Nr_0120_signed.pdf
2026-10-06T13:40:02Z	https://www.gesetzblatt.bremen.de/fastmedia/218/2025_11_06_GBl_Nr_0119_signed.pdf	200	application/pdf	207434	https://www.gesetzblatt.bremen.de/fastmedia/218/2025_11_06_GBl_Nr_0119_signed.pdf
2026-10-06T13:40:07Z	https://www.gesetzblatt.bremen.de/fastmedia/218/2025_10_30_GBl_Nr_0118_signed.pdf	200	application/pdf	499151	https://www.gesetzblatt.bremen.de/fastmedia/218/2025_10_30_GBl_Nr_0118_signed.pdf
2026-10-06T13:40:12Z	https://www.gesetzblatt.bremen.de/fastmedia/218/2025_10_16_GBl_Nr_0117_signed.pdf	200	application/pdf	239430	https://www.gesetzblatt.bremen.de/fastmedia/218/2025_10_16_GBl_Nr_0117_signed.pdf
2026-10-06T13:40:17Z	https://www.gesetzblatt.bremen.de/fastmedia/218/2025_10_15_GBl_Nr_0116_signed.pdf	200	application/pdf	239646	https://www.gesetzblatt.bremen.de/fastmedia/218/2025_10_15_GBl_Nr_0116_signed.pdf
2026-10-06T13:40:23Z	https://www.gesetzblatt.bremen.de/fastmedia/218/2025_10_15_GBl_Nr_0115_signed.pdf	200	application/pdf	195224	https://www.gesetzblatt.bremen.de/fastmedia/218/2025_10_15_GBl_Nr_0115_signed.pdf
2026-10-06T13:40:28Z	https://www.gesetzblatt.bremen.de/fastmedia/218/2025_10_15_GBl_Nr_0114_signed.pdf	200	application/pdf	628126	https://www.gesetzblatt.bremen.de/fastmedia/218/2025_10_15_GBl_Nr_0114_signed.pdf
2026-10-06T13:40:33Z	https://www.gesetzblatt.bremen.de/fastmedia/218/2025_10_11_GBl_Nr_0113_signed.pdf	200	application/pdf	214820	https://www.gesetzblatt.bremen.de/fastmedia/218/2025_10_11_GBl_Nr_0113_signed.pdf
2026-10-06T13:40:38Z	https://www.gesetzblatt.bremen.de/fastmedia/218/2025_10_10_GBl_Nr_0112_signed.pdf	200	application/pdf	233496	https://www.gesetzblatt.bremen.de/fastmedia/218/2025_10_10_GBl_Nr_0112_signed.pdf
2026-10-06T13:40:45Z	https://www.gesetzblatt.bremen.de/fastmedia/218/2025_10_10_GBl_Nr_0111_signed.pdf	200	application/pdf	1699566	https://www.gesetzblatt.bremen.de/fastmedia/218/2025_10_10_GBl_Nr_0111_signed.pdf
2026-10-06T13:41:09Z	https://www.gesetzblatt.bremen.de/fastmedia/218/2025_10_10_GBl_Nr_0110_signed.pdf	200	application/pdf	34295413	https://www.gesetzblatt.bremen.de/fastmedia/218/2025_10_10_GBl_Nr_0110_signed.pdf
2026-10-06T13:41:16Z	https://www.gesetzblatt.bremen.de/fastmedia/218/2025_10_10_GBl_Nr_0109_signed.pdf	200	application/pdf	8291691	https://www.gesetzblatt.bremen.de/fastmedia/218/2025_10_10_GBl_Nr_0109_signed.pdf
2026-10-06T13:41:22Z	https://www.gesetzblatt.bremen.de/fastmedia/218/2025_10_03_GBl_Nr_0108_signed.pdf	200	application/pdf	264298	https://www.gesetzblatt.bremen.de/fastmedia/218/2025_10_03_GBl_Nr_0108_signed.pdf
2026-10-06T13:41:27Z	https://www.gesetzblatt.bremen.de/fastmedia/218/2025_10_03_GBl_Nr_0107_signed.pdf	200	application/pdf	278485	https://www.gesetzblatt.bremen.de/fastmedia/218/2025_10_03_GBl_Nr_0107_signed.pdf
2026-10-06T13:41:32Z	https://www.gesetzblatt.bremen.de/fastmedia/218/2025_10_01_GBl_Nr_0106_signed.pdf	200	application/pdf	326317	https://www.gesetzblatt.bremen.de/fastmedia/218/2025_10_01_GBl_Nr_0106_signed.pdf
2026-10-06T13:41:38Z	https://www.gesetzblatt.bremen.de/fastmedia/218/2025_09_26_GBl_Nr_0105_signed.pdf	200	application/pdf	547824	https://www.gesetzblatt.bremen.de/fastmedia/218/2025_09_26_GBl_Nr_0105_signed.pdf
2026-10-06T13:41:43Z	https://www.gesetzblatt.bremen.de/fastmedia/218/2025_09_23_GBl_Nr_0104_signed.pdf	200	application/pdf	318040	https://www.gesetzblatt.bremen.de/fastmedia/218/2025_09_23_GBl_Nr_0104_signed.pdf
2026-10-06T13:41:50Z	https://www.gesetzblatt.bremen.de/fastmedia/218/2025_09_20_GBl_Nr_0103_signed.pdf	200	application/pdf	1198254	https://www.gesetzblatt.bremen.de/fastmedia/218/2025_09_20_GBl_Nr_0103_signed.pdf
2026-10-06T13:41:56Z	https://www.gesetzblatt.bremen.de/fastmedia/218/2025_09_17_GBl_Nr_0102_signed.pdf	200	application/pdf	294992	https://www.gesetzblatt.bremen.de/fastmedia/218/2025_09_17_GBl_Nr_0102_signed.pdf
2026-10-06T13:42:01Z	https://www.gesetzblatt.bremen.de/fastmedia/218/2025_09_16_GBl_Nr_0101_signed.pdf	200	application/pdf	295976	https://www.gesetzblatt.bremen.de/fastmedia/218/2025_09_16_GBl_Nr_0101_signed.pdf
2026-10-06T13:42:07Z	https://www.gesetzblatt.bremen.de/fastmedia/218/2025_09_12_GBl_Nr_0100_signed.pdf	200	application/pdf	602385	https://www.gesetzblatt.bremen.de/fastmedia/218/2025_09_12_GBl_Nr_0100_signed.pdf
2026-10-06T13:42:12Z	https://www.gesetzblatt.bremen.de/fastmedia/218/2025_09_12_GBl_Nr_0099_signed.pdf	200	application/pdf	310109	https://www.gesetzblatt.bremen.de/fastmedia/218/2025_09_12_GBl_Nr_0099_signed.pdf
2026-10-06T13:42:18Z	https://www.gesetzblatt.bremen.de/fastmedia/218/2025_09_12_GBl_Nr_0098_signed.pdf	200	application/pdf	664073	https://www.gesetzblatt.bremen.de/fastmedia/218/2025_09_12_GBl_Nr_0098_signed.pdf
2026-10-06T13:42:23Z	https://www.gesetzblatt.bremen.de/fastmedia/218/2025_09_11_GBl_Nr_0097_signed.pdf	200	application/pdf	298485	https://www.gesetzblatt.bremen.de/fastmedia/218/2025_09_11_GBl_Nr_0097_signed.pdf
2026-10-06T13:42:29Z	https://www.gesetzblatt.bremen.de/fastmedia/218/2025_09_04_GBl_Nr_0096_signed.pdf	200	application/pdf	340016	https://www.gesetzblatt.bremen.de/fastmedia/218/2025_09_04_GBl_Nr_0096_signed.pdf
2026-10-06T13:42:34Z	https://www.gesetzblatt.bremen.de/fastmedia/218/2025_09_04_GBl_Nr_0095_signed.pdf	200	application/pdf	328931	https://www.gesetzblatt.bremen.de/fastmedia/218/2025_09_04_GBl_Nr_0095_signed.pdf
2026-10-06T13:42:39Z	https://www.gesetzblatt.bremen.de/fastmedia/218/2025_09_04_GBl_Nr_0094_signed.pdf	200	application/pdf	328331	https://www.gesetzblatt.bremen.de/fastmedia/218/2025_09_04_GBl_Nr_0094_signed.pdf
2026-10-06T13:42:45Z	https://www.gesetzblatt.bremen.de/fastmedia/218/2025_09_03_GBl_Nr_0093_signed.pdf	200	application/pdf	308559	https://www.gesetzblatt.bremen.de/fastmedia/218/2025_09_03_GBl_Nr_0093_signed.pdf
2026-10-06T13:42:50Z	https://www.gesetzblatt.bremen.de/fastmedia/218/2025_07_26_ABl_Nr_0092_signed.pdf	200	application/pdf	521481	https://www.gesetzblatt.bremen.de/fastmedia/218/2025_07_26_ABl_Nr_0092_signed.pdf
2026-10-06T13:42:55Z	https://www.gesetzblatt.bremen.de/fastmedia/218/2025_07_24_GBl_Nr_0090_signed.pdf	200	application/pdf	345726	https://www.gesetzblatt.bremen.de/fastmedia/218/2025_07_24_GBl_Nr_0090_signed.pdf
2026-10-06T13:43:00Z	https://www.gesetzblatt.bremen.de/fastmedia/218/2025_07_24_GBl_Nr_0089_signed.pdf	200	application/pdf	305797	https://www.gesetzblatt.bremen.de/fastmedia/218/2025_07_24_GBl_Nr_0089_signed.pdf
2026-10-06T13:43:06Z	https://www.gesetzblatt.bremen.de/fastmedia/218/2025_07_17_GBl_Nr_0088_signed.pdf	200	application/pdf	400857	https://www.gesetzblatt.bremen.de/fastmedia/218/2025_07_17_GBl_Nr_0088_signed.pdf
2026-10-06T13:43:11Z	https://www.gesetzblatt.bremen.de/fastmedia/218/2025_07_15_GBl_Nr_0087_signed.pdf	200	application/pdf	301920	https://www.gesetzblatt.bremen.de/fastmedia/218/2025_07_15_GBl_Nr_0087_signed.pdf
2026-10-06T13:43:16Z	https://www.gesetzblatt.bremen.de/fastmedia/218/2025_07_15_GBl_Nr_0086_signed.pdf	200	application/pdf	200738	https://www.gesetzblatt.bremen.de/fastmedia/218/2025_07_15_GBl_Nr_0086_signed.pdf
2026-10-06T13:43:21Z	https://www.gesetzblatt.bremen.de/fastmedia/218/2025_07_12_GBl_Nr_0085_signed.pdf	200	application/pdf	298579	https://www.gesetzblatt.bremen.de/fastmedia/218/2025_07_12_GBl_Nr_0085_signed.pdf
2026-10-06T13:43:27Z	https://www.gesetzblatt.bremen.de/fastmedia/218/2025_07_12_GBl_Nr_0084_signed.pdf	200	application/pdf	302542	https://www.gesetzblatt.bremen.de/fastmedia/218/2025_07_12_GBl_Nr_0084_signed.pdf
2026-10-06T13:43:32Z	https://www.gesetzblatt.bremen.de/fastmedia/218/2025_07_11_GBl_Nr_0083_signed.pdf	200	application/pdf	294796	https://www.gesetzblatt.bremen.de/fastmedia/218/2025_07_11_GBl_Nr_0083_signed.pdf
2026-10-06T13:43:38Z	https://www.gesetzblatt.bremen.de/fastmedia/218/2025_07_09_GBl_Nr_0082_signed.pdf	200	application/pdf	507561	https://www.gesetzblatt.bremen.de/fastmedia/218/2025_07_09_GBl_Nr_0082_signed.pdf
2026-10-06T13:43:43Z	https://www.gesetzblatt.bremen.de/fastmedia/218/2025_07_09_GBl_Nr_0081_signed.pdf	200	application/pdf	304141	https://www.gesetzblatt.bremen.de/fastmedia/218/2025_07_09_GBl_Nr_0081_signed.pdf
2026-10-06T13:43:49Z	https://www.gesetzblatt.bremen.de/fastmedia/218/2025_07_09_GBl_Nr_0080_signed.pdf	200	application/pdf	402061	https://www.gesetzblatt.bremen.de/fastmedia/218/2025_07_09_GBl_Nr_0080_signed.pdf
2026-10-06T13:43:54Z	https://www.gesetzblatt.bremen.de/fastmedia/218/2025_07_09_GBl_Nr_0079_signed.pdf	200	application/pdf	323788	https://www.gesetzblatt.bremen.de/fastmedia/218/2025_07_09_GBl_Nr_0079_signed.pdf
2026-10-06T13:43:59Z	https://www.gesetzblatt.bremen.de/fastmedia/218/2025_07_09_GBl_Nr_0078_signed.pdf	200	application/pdf	353853	https://www.gesetzblatt.bremen.de/fastmedia/218/2025_07_09_GBl_Nr_0078_signed.pdf
2026-10-06T13:44:04Z	https://www.gesetzblatt.bremen.de/fastmedia/218/2025_07_02_GBl_Nr_0077_signed.pdf	200	application/pdf	358039	https://www.gesetzblatt.bremen.de/fastmedia/218/2025_07_02_GBl_Nr_0077_signed.pdf
2026-10-06T13:44:10Z	https://www.gesetzblatt.bremen.de/fastmedia/218/2025_06_30_GBl%200076_signed.pdf	200	application/pdf	305423	https://www.gesetzblatt.bremen.de/fastmedia/218/2025_06_30_GBl%200076_signed.pdf
2026-10-06T13:44:15Z	https://www.gesetzblatt.bremen.de/fastmedia/218/2025_06_26_GBl_Nr_0075_signed.pdf	200	application/pdf	311203	https://www.gesetzblatt.bremen.de/fastmedia/218/2025_06_26_GBl_Nr_0075_signed.pdf
2026-10-06T13:44:20Z	https://www.gesetzblatt.bremen.de/fastmedia/218/2025_06_26_GBl_Nr_0074_signed.pdf	200	application/pdf	325008	https://www.gesetzblatt.bremen.de/fastmedia/218/2025_06_26_GBl_Nr_0074_signed.pdf
2026-10-06T13:44:26Z	https://www.gesetzblatt.bremen.de/fastmedia/218/2025_06_26_GBl_Nr_0073_signed.pdf	200	application/pdf	541191	https://www.gesetzblatt.bremen.de/fastmedia/218/2025_06_26_GBl_Nr_0073_signed.pdf
2026-10-06T13:44:31Z	https://www.gesetzblatt.bremen.de/fastmedia/218/2025_06_25_GBl_Nr_0072_signed.pdf	200	application/pdf	299772	https://www.gesetzblatt.bremen.de/fastmedia/218/2025_06_25_GBl_Nr_0072_signed.pdf
2026-10-06T13:44:36Z	https://www.gesetzblatt.bremen.de/fastmedia/218/2025_06_19_GBl_Nr_0071_signed.pdf	200	application/pdf	297065	https://www.gesetzblatt.bremen.de/fastmedia/218/2025_06_19_GBl_Nr_0071_signed.pdf
2026-10-06T13:44:42Z	https://www.gesetzblatt.bremen.de/fastmedia/218/2025_06_19_GBl_Nr_0070_signed.pdf	200	application/pdf	480247	https://www.gesetzblatt.bremen.de/fastmedia/218/2025_06_19_GBl_Nr_0070_signed.pdf
2026-10-06T13:44:47Z	https://www.gesetzblatt.bremen.de/fastmedia/218/2025_06_13_GBl_Nr_0069_signed.pdf	200	application/pdf	203688	https://www.gesetzblatt.bremen.de/fastmedia/218/2025_06_13_GBl_Nr_0069_signed.pdf
2026-10-06T13:44:52Z	https://www.gesetzblatt.bremen.de/fastmedia/218/2025_06_13_GBl_Nr_0068_signed.pdf	200	application/pdf	202766	https://www.gesetzblatt.bremen.de/fastmedia/218/2025_06_13_GBl_Nr_0068_signed.pdf
2026-10-06T13:44:57Z	https://www.gesetzblatt.bremen.de/fastmedia/218/2025_06_13_GBl_Nr_0067_signed.pdf	200	application/pdf	338429	https://www.gesetzblatt.bremen.de/fastmedia/218/2025_06_13_GBl_Nr_0067_signed.pdf
2026-10-06T13:45:02Z	https://www.gesetzblatt.bremen.de/fastmedia/218/2025_06_05_GBl_Nr_0066_signed.pdf	200	application/pdf	259987	https://www.gesetzblatt.bremen.de/fastmedia/218/2025_06_05_GBl_Nr_0066_signed.pdf
2026-10-06T13:45:07Z	https://www.gesetzblatt.bremen.de/fastmedia/218/2025_05_30_GBl_Nr_0065_signed.pdf	200	application/pdf	303604	https://www.gesetzblatt.bremen.de/fastmedia/218/2025_05_30_GBl_Nr_0065_signed.pdf
2026-10-06T13:45:13Z	https://www.gesetzblatt.bremen.de/fastmedia/218/2025_05_30_GBl_Nr_0064_signed.pdf	200	application/pdf	623404	https://www.gesetzblatt.bremen.de/fastmedia/218/2025_05_30_GBl_Nr_0064_signed.pdf
2026-10-06T13:45:18Z	https://www.gesetzblatt.bremen.de/fastmedia/218/2025_05_30_GBl_Nr_0063_signed.pdf	200	application/pdf	322719	https://www.gesetzblatt.bremen.de/fastmedia/218/2025_05_30_GBl_Nr_0063_signed.pdf
2026-10-06T13:45:24Z	https://www.gesetzblatt.bremen.de/fastmedia/218/2025_05_30_GBl_Nr_0062_signed.pdf	200	application/pdf	316149	https://www.gesetzblatt.bremen.de/fastmedia/218/2025_05_30_GBl_Nr_0062_signed.pdf
2026-10-06T13:45:29Z	https://www.gesetzblatt.bremen.de/fastmedia/218/2025_05_30_GBl_Nr_0061_signed.pdf	200	application/pdf	533546	https://www.gesetzblatt.bremen.de/fastmedia/218/2025_05_30_GBl_Nr_0061_signed.pdf
2026-10-06T13:45:35Z	https://www.gesetzblatt.bremen.de/fastmedia/218/2025_05_30_GBl_Nr_0060_signed.pdf	200	application/pdf	323452	https://www.gesetzblatt.bremen.de/fastmedia/218/2025_05_30_GBl_Nr_0060_signed.pdf
2026-10-06T13:45:40Z	https://www.gesetzblatt.bremen.de/fastmedia/218/2025_05_28_GBl_Nr_0059_signed.pdf	200	application/pdf	304887	https://www.gesetzblatt.bremen.de/fastmedia/218/2025_05_28_GBl_Nr_0059_signed.pdf
2026-10-06T13:45:46Z	https://www.gesetzblatt.bremen.de/fastmedia/218/2025_05_24_GBl_Nr_0058_signed.pdf	200	application/pdf	300232	https://www.gesetzblatt.bremen.de/fastmedia/218/2025_05_24_GBl_Nr_0058_signed.pdf
2026-10-06T13:45:51Z	https://www.gesetzblatt.bremen.de/fastmedia/218/2025_05_24_GBl_Nr_0057_signed.pdf	200	application/pdf	301555	https://www.gesetzblatt.bremen.de/fastmedia/218/2025_05_24_GBl_Nr_0057_signed.pdf
2026-10-06T13:45:56Z	https://www.gesetzblatt.bremen.de/fastmedia/218/2025_05_24_GBl_Nr_0056_signed.pdf	200	application/pdf	298085	https://www.gesetzblatt.bremen.de/fastmedia/218/2025_05_24_GBl_Nr_0056_signed.pdf
2026-10-06T13:46:01Z	https://www.gesetzblatt.bremen.de/fastmedia/218/2025_05_24_GBl_Nr_0055_signed.pdf	200	application/pdf	299065	https://www.gesetzblatt.bremen.de/fastmedia/218/2025_05_24_GBl_Nr_0055_signed.pdf
2026-10-06T13:46:06Z	https://www.gesetzblatt.bremen.de/fastmedia/218/2025_05_24_GBl_Nr_0054_signed.pdf	200	application/pdf	298970	https://www.gesetzblatt.bremen.de/fastmedia/218/2025_05_24_GBl_Nr_0054_signed.pdf
2026-10-06T13:46:12Z	https://www.gesetzblatt.bremen.de/fastmedia/218/2025_05_21_GBl_Nr_0053_signed.pdf	200	application/pdf	312319	https://www.gesetzblatt.bremen.de/fastmedia/218/2025_05_21_GBl_Nr_0053_signed.pdf
2026-10-06T13:46:17Z	https://www.gesetzblatt.bremen.de/fastmedia/218/2025_05_15_GBl_Nr_0052_signed.pdf	200	application/pdf	483826	https://www.gesetzblatt.bremen.de/fastmedia/218/2025_05_15_GBl_Nr_0052_signed.pdf
2026-10-06T13:46:22Z	https://www.gesetzblatt.bremen.de/fastmedia/218/2025_05_15_GBl_Nr_0051_signed.pdf	200	application/pdf	306312	https://www.gesetzblatt.bremen.de/fastmedia/218/2025_05_15_GBl_Nr_0051_signed.pdf
2026-10-06T13:46:27Z	https://www.gesetzblatt.bremen.de/fastmedia/218/2025_05_15_GBl_Nr_0050_signed.pdf	200	application/pdf	210025	https://www.gesetzblatt.bremen.de/fastmedia/218/2025_05_15_GBl_Nr_0050_signed.pdf
2026-10-06T13:46:33Z	https://www.gesetzblatt.bremen.de/fastmedia/218/2025_05_08_GBl_Nr_0049_signed.pdf	200	application/pdf	316170	https://www.gesetzblatt.bremen.de/fastmedia/218/2025_05_08_GBl_Nr_0049_signed.pdf
2026-10-06T13:46:38Z	https://www.gesetzblatt.bremen.de/fastmedia/218/2025_05_08_GBl_Nr_0048_signed.pdf	200	application/pdf	355973	https://www.gesetzblatt.bremen.de/fastmedia/218/2025_05_08_GBl_Nr_0048_signed.pdf
2026-10-06T13:46:43Z	https://www.gesetzblatt.bremen.de/fastmedia/218/2025_05_08_GBl_Nr_0047_signed.pdf	200	application/pdf	360303	https://www.gesetzblatt.bremen.de/fastmedia/218/2025_05_08_GBl_Nr_0047_signed.pdf
2026-10-06T13:46:49Z	https://www.gesetzblatt.bremen.de/fastmedia/218/2025_05_08_GBl_Nr_0046_signed.pdf	200	application/pdf	375688	https://www.gesetzblatt.bremen.de/fastmedia/218/2025_05_08_GBl_Nr_0046_signed.pdf
2026-10-06T13:46:55Z	https://www.gesetzblatt.bremen.de/fastmedia/218/2025_05_08_GBl_Nr_0045_signed.pdf	200	application/pdf	379807	https://www.gesetzblatt.bremen.de/fastmedia/218/2025_05_08_GBl_Nr_0045_signed.pdf
2026-10-06T13:47:00Z	https://www.gesetzblatt.bremen.de/fastmedia/218/2025_05_08_GBl_Nr%200044_signed.pdf	200	application/pdf	222005	https://www.gesetzblatt.bremen.de/fastmedia/218/2025_05_08_GBl_Nr%200044_signed.pdf
2026-10-06T13:47:05Z	https://www.gesetzblatt.bremen.de/fastmedia/218/2025_05_03_GBl_Nr_0043_signed.pdf	200	application/pdf	317486	https://www.gesetzblatt.bremen.de/fastmedia/218/2025_05_03_GBl_Nr_0043_signed.pdf
2026-10-06T13:47:10Z	https://www.gesetzblatt.bremen.de/fastmedia/218/2025_05_01_GBl_Nr_0042_signed.pdf	200	application/pdf	308408	https://www.gesetzblatt.bremen.de/fastmedia/218/2025_05_01_GBl_Nr_0042_signed.pdf
2026-10-06T13:47:15Z	https://www.gesetzblatt.bremen.de/fastmedia/218/2025_05_01_GBl_Nr_0041_signed.pdf	200	application/pdf	312402	https://www.gesetzblatt.bremen.de/fastmedia/218/2025_05_01_GBl_Nr_0041_signed.pdf
2026-10-06T13:47:21Z	https://www.gesetzblatt.bremen.de/fastmedia/218/2025_04_29_GBl_Nr_0040_signed.pdf	200	application/pdf	303073	https://www.gesetzblatt.bremen.de/fastmedia/218/2025_04_29_GBl_Nr_0040_signed.pdf
2026-10-06T13:47:26Z	https://www.gesetzblatt.bremen.de/fastmedia/218/2025_04_26_GBl_Nr_0039_signed.pdf	200	application/pdf	341355	https://www.gesetzblatt.bremen.de/fastmedia/218/2025_04_26_GBl_Nr_0039_signed.pdf
2026-10-06T13:47:31Z	https://www.gesetzblatt.bremen.de/fastmedia/218/2025_04_26_GBl_Nr_0038_signed.pdf	200	application/pdf	323454	https://www.gesetzblatt.bremen.de/fastmedia/218/2025_04_26_GBl_Nr_0038_signed.pdf
2026-10-06T13:47:37Z	https://www.gesetzblatt.bremen.de/fastmedia/218/2025_04_16_GBl_Nr%200037_signed.pdf	200	application/pdf	303938	https://www.gesetzblatt.bremen.de/fastmedia/218/2025_04_16_GBl_Nr%200037_signed.pdf
2026-10-06T13:47:47Z	https://www.gesetzblatt.bremen.de/fastmedia/218/2025_04_12_GBl_Nr_0036_signed.pdf	200	application/pdf	4401190	https://www.gesetzblatt.bremen.de/fastmedia/218/2025_04_12_GBl_Nr_0036_signed.pdf
2026-10-06T13:47:52Z	https://www.gesetzblatt.bremen.de/fastmedia/218/2025_04_11_GBl_Nr_0035_signed.pdf	200	application/pdf	220789	https://www.gesetzblatt.bremen.de/fastmedia/218/2025_04_11_GBl_Nr_0035_signed.pdf
2026-10-06T13:47:58Z	https://www.gesetzblatt.bremen.de/fastmedia/218/2025_04_11_GBl_Nr_0034_signed.pdf	200	application/pdf	463929	https://www.gesetzblatt.bremen.de/fastmedia/218/2025_04_11_GBl_Nr_0034_signed.pdf
2026-10-06T13:48:03Z	https://www.gesetzblatt.bremen.de/fastmedia/218/2025_04_11_GBl_Nr%200033_signed.pdf	200	application/pdf	625558	https://www.gesetzblatt.bremen.de/fastmedia/218/2025_04_11_GBl_Nr%200033_signed.pdf
2026-10-06T13:48:09Z	https://www.gesetzblatt.bremen.de/fastmedia/218/2025_04_11_GBl_Nr_0032_signed.pdf	200	application/pdf	317396	https://www.gesetzblatt.bremen.de/fastmedia/218/2025_04_11_GBl_Nr_0032_signed.pdf
2026-10-06T13:48:14Z	https://www.gesetzblatt.bremen.de/fastmedia/218/2025_04_08_GBl_Nr_0031_signed.pdf	200	application/pdf	315546	https://www.gesetzblatt.bremen.de/fastmedia/218/2025_04_08_GBl_Nr_0031_signed.pdf
2026-10-06T13:48:19Z	https://www.gesetzblatt.bremen.de/fastmedia/218/2025_04_05_GBl_Nr_0030_signed.pdf	200	application/pdf	298600	https://www.gesetzblatt.bremen.de/fastmedia/218/2025_04_05_GBl_Nr_0030_signed.pdf
2026-10-06T13:48:26Z	https://www.gesetzblatt.bremen.de/fastmedia/218/2025_04_03_GBl_Nr_0029_signed.pdf	200	application/pdf	2020586	https://www.gesetzblatt.bremen.de/fastmedia/218/2025_04_03_GBl_Nr_0029_signed.pdf
2026-10-06T13:48:31Z	https://www.gesetzblatt.bremen.de/fastmedia/218/2025_04_03_GBl_Nr_0028_signed.pdf	200	application/pdf	209800	https://www.gesetzblatt.bremen.de/fastmedia/218/2025_04_03_GBl_Nr_0028_signed.pdf
2026-10-06T13:48:36Z	https://www.gesetzblatt.bremen.de/fastmedia/218/2025_04_01_GBl_Nr_0027_signed.pdf	200	application/pdf	200594	https://www.gesetzblatt.bremen.de/fastmedia/218/2025_04_01_GBl_Nr_0027_signed.pdf
2026-10-06T13:48:41Z	https://www.gesetzblatt.bremen.de/fastmedia/218/2025_03_27_GBl_Nr_0026_signed.pdf	200	application/pdf	305522	https://www.gesetzblatt.bremen.de/fastmedia/218/2025_03_27_GBl_Nr_0026_signed.pdf
2026-10-06T13:48:46Z	https://www.gesetzblatt.bremen.de/fastmedia/218/2025_03_26_GBl_Nr_0025_signed.pdf	200	application/pdf	296161	https://www.gesetzblatt.bremen.de/fastmedia/218/2025_03_26_GBl_Nr_0025_signed.pdf
2026-10-06T13:48:52Z	https://www.gesetzblatt.bremen.de/fastmedia/218/2025_03_26_GBl_Nr_0024_signed.pdf	200	application/pdf	509977	https://www.gesetzblatt.bremen.de/fastmedia/218/2025_03_26_GBl_Nr_0024_signed.pdf
2026-10-06T13:48:57Z	https://www.gesetzblatt.bremen.de/fastmedia/218/2025_03_26_GBl_Nr_0023_signed.pdf	200	application/pdf	667451	https://www.gesetzblatt.bremen.de/fastmedia/218/2025_03_26_GBl_Nr_0023_signed.pdf
2026-10-06T13:49:03Z	https://www.gesetzblatt.bremen.de/fastmedia/218/2025_03_26_GBl_Nr_0022_signed.pdf	200	application/pdf	419220	https://www.gesetzblatt.bremen.de/fastmedia/218/2025_03_26_GBl_Nr_0022_signed.pdf
2026-10-06T13:49:08Z	https://www.gesetzblatt.bremen.de/fastmedia/218/2025_03_21_GBl_Nr_0021_signed.pdf	200	application/pdf	325236	https://www.gesetzblatt.bremen.de/fastmedia/218/2025_03_21_GBl_Nr_0021_signed.pdf
2026-10-06T13:49:13Z	https://www.gesetzblatt.bremen.de/fastmedia/218/2025_03_21_GBl_Nr_0020_signed.pdf	200	application/pdf	308487	https://www.gesetzblatt.bremen.de/fastmedia/218/2025_03_21_GBl_Nr_0020_signed.pdf
2026-10-06T13:49:19Z	https://www.gesetzblatt.bremen.de/fastmedia/218/2025_03_21_GBl_Nr_0019_signed.pdf	200	application/pdf	482784	https://www.gesetzblatt.bremen.de/fastmedia/218/2025_03_21_GBl_Nr_0019_signed.pdf
2026-10-06T13:49:24Z	https://www.gesetzblatt.bremen.de/fastmedia/218/2025_03_21_GBl_Nr_0018_signed.pdf	200	application/pdf	311421	https://www.gesetzblatt.bremen.de/fastmedia/218/2025_03_21_GBl_Nr_0018_signed.pdf
2026-10-06T13:49:30Z	https://www.gesetzblatt.bremen.de/fastmedia/218/2025_03_12_GBl_Nr_0017_signed.pdf	200	application/pdf	547807	https://www.gesetzblatt.bremen.de/fastmedia/218/2025_03_12_GBl_Nr_0017_signed.pdf
2026-10-06T13:49:35Z	https://www.gesetzblatt.bremen.de/fastmedia/218/2025_03_1_signed.pdf	200	application/pdf	202834	https://www.gesetzblatt.bremen.de/fastmedia/218/2025_03_1_signed.pdf
2026-10-06T13:49:40Z	https://www.gesetzblatt.bremen.de/fastmedia/218/2025_03_11_GBl_Nr_0015_signed.pdf	200	application/pdf	298430	https://www.gesetzblatt.bremen.de/fastmedia/218/2025_03_11_GBl_Nr_0015_signed.pdf
2026-10-06T13:49:46Z	https://www.gesetzblatt.bremen.de/fastmedia/218/2025_02_282025_03_04_GBl_Nr_0014_signed.pdf	200	application/pdf	364165	https://www.gesetzblatt.bremen.de/fastmedia/218/2025_02_282025_03_04_GBl_Nr_0014_signed.pdf
2026-10-06T13:49:51Z	https://www.gesetzblatt.bremen.de/fastmedia/218/2025_02_21_GBl_Nr_0013_signed.pdf	200	application/pdf	227933	https://www.gesetzblatt.bremen.de/fastmedia/218/2025_02_21_GBl_Nr_0013_signed.pdf
2026-10-06T13:49:56Z	https://www.gesetzblatt.bremen.de/fastmedia/218/2025_02_20_GBl_Nr_0011_signed.pdf	200	application/pdf	199021	https://www.gesetzblatt.bremen.de/fastmedia/218/2025_02_20_GBl_Nr_0011_signed.pdf
2026-10-06T13:50:01Z	https://www.gesetzblatt.bremen.de/fastmedia/218/2025_02_18_GBl_Nr_0010_signed.pdf	200	application/pdf	210560	https://www.gesetzblatt.bremen.de/fastmedia/218/2025_02_18_GBl_Nr_0010_signed.pdf
2026-10-06T13:50:06Z	https://www.gesetzblatt.bremen.de/fastmedia/218/2025_02_05_GBl_Nr_0009_signed.pdf	200	application/pdf	302515	https://www.gesetzblatt.bremen.de/fastmedia/218/2025_02_05_GBl_Nr_0009_signed.pdf
2026-10-06T13:50:12Z	https://www.gesetzblatt.bremen.de/fastmedia/218/2025_02_05_GBl_Nr_0008_signed.pdf	200	application/pdf	305336	https://www.gesetzblatt.bremen.de/fastmedia/218/2025_02_05_GBl_Nr_0008_signed.pdf
2026-10-06T13:50:17Z	https://www.gesetzblatt.bremen.de/fastmedia/218/2025_02_05_GBl_Nr_0007_signed.pdf	200	application/pdf	322194	https://www.gesetzblatt.bremen.de/fastmedia/218/2025_02_05_GBl_Nr_0007_signed.pdf
2026-10-06T13:50:22Z	https://www.gesetzblatt.bremen.de/fastmedia/218/2025_02_05_GBl_Nr_0006_signed.pdf	200	application/pdf	861679	https://www.gesetzblatt.bremen.de/fastmedia/218/2025_02_05_GBl_Nr_0006_signed.pdf
2026-10-06T13:50:28Z	https://www.gesetzblatt.bremen.de/fastmedia/218/2025_01_24_GBl_Nr_0005_signed.pdf	200	application/pdf	328785	https://www.gesetzblatt.bremen.de/fastmedia/218/2025_01_24_GBl_Nr_0005_signed.pdf
2026-10-06T13:50:33Z	https://www.gesetzblatt.bremen.de/fastmedia/218/2025_01_16_GBl_Nr_0004_signed.pdf	200	application/pdf	309796	https://www.gesetzblatt.bremen.de/fastmedia/218/2025_01_16_GBl_Nr_0004_signed.pdf
2026-10-06T13:50:39Z	https://www.gesetzblatt.bremen.de/fastmedia/218/2025_01_07_GBl_Nr_0003_signed.pdf	200	application/pdf	323229	https://www.gesetzblatt.bremen.de/fastmedia/218/2025_01_07_GBl_Nr_0003_signed.pdf
2026-10-06T13:50:44Z	https://www.gesetzblatt.bremen.de/fastmedia/218/2025_01_07_GBl_Nr_0002_signed.pdf	200	application/pdf	323750	https://www.gesetzblatt.bremen.de/fastmedia/218/2025_01_07_GBl_Nr_0002_signed.pdf
2026-10-06T13:50:49Z	https://www.gesetzblatt.bremen.de/fastmedia/218/2025_01_07_GBl_Nr_0001_signed.pdf	200	application/pdf	305197	https://www.gesetzblatt.bremen.de/fastmedia/218/2025_01_07_GBl_Nr_0001_signed.pdf
2026-10-06T13:50:54Z	https://www.gesetzblatt.bremen.de/fastmedia/218/2024_12_20_GBl_Nr_0159_signed.pdf	200	application/pdf	302027	https://www.gesetzblatt.bremen.de/fastmedia/218/2024_12_20_GBl_Nr_0159_signed.pdf
2026-10-06T13:50:59Z	https://www.gesetzblatt.bremen.de/fastmedia/218/2024_12_20_GBl_Nr_0158_signed.pdf	200	application/pdf	301438	https://www.gesetzblatt.bremen.de/fastmedia/218/2024_12_20_GBl_Nr_0158_signed.pdf
2026-10-06T13:51:05Z	https://www.gesetzblatt.bremen.de/fastmedia/218/2024_12_20_GBl_Nr_0157_signed.pdf	200	application/pdf	206931	https://www.gesetzblatt.bremen.de/fastmedia/218/2024_12_20_GBl_Nr_0157_signed.pdf
2026-10-06T13:51:10Z	https://www.gesetzblatt.bremen.de/fastmedia/218/2024_12_20_GBl_Nr_0156_signed.pdf	200	application/pdf	307099	https://www.gesetzblatt.bremen.de/fastmedia/218/2024_12_20_GBl_Nr_0156_signed.pdf
2026-10-06T13:51:16Z	https://www.gesetzblatt.bremen.de/fastmedia/218/2024_12_20_GBl_Nr_0155_signed.pdf	200	application/pdf	424834	https://www.gesetzblatt.bremen.de/fastmedia/218/2024_12_20_GBl_Nr_0155_signed.pdf
2026-10-06T13:51:23Z	https://www.gesetzblatt.bremen.de/fastmedia/218/2024_12_20_GBl_Nr_0154%20NEU_signed.pdf	200	application/pdf	2523781	https://www.gesetzblatt.bremen.de/fastmedia/218/2024_12_20_GBl_Nr_0154%20NEU_signed.pdf
2026-10-06T13:51:28Z	https://www.gesetzblatt.bremen.de/fastmedia/218/2024_12_19_GBl_Nr_0153_signed.pdf	200	application/pdf	302337	https://www.gesetzblatt.bremen.de/fastmedia/218/2024_12_19_GBl_Nr_0153_signed.pdf
2026-10-06T13:51:33Z	https://www.gesetzblatt.bremen.de/fastmedia/218/2024_12_20_GBl_Nr_0152_signed.pdf	200	application/pdf	300421	https://www.gesetzblatt.bremen.de/fastmedia/218/2024_12_20_GBl_Nr_0152_signed.pdf
2026-10-06T13:51:38Z	https://www.gesetzblatt.bremen.de/fastmedia/218/2024_12_19_GBl_Nr_0151_signed.pdf	200	application/pdf	303142	https://www.gesetzblatt.bremen.de/fastmedia/218/2024_12_19_GBl_Nr_0151_signed.pdf
2026-10-06T13:51:43Z	https://www.gesetzblatt.bremen.de/fastmedia/218/Ausfe2024_12_19_GBl_Nr_0150_signed.pdf	200	application/pdf	318748	https://www.gesetzblatt.bremen.de/fastmedia/218/Ausfe2024_12_19_GBl_Nr_0150_signed.pdf
2026-10-06T13:51:49Z	https://www.gesetzblatt.bremen.de/fastmedia/218/2024_12_19_GBl_Nr_0149_signed.pdf	200	application/pdf	478629	https://www.gesetzblatt.bremen.de/fastmedia/218/2024_12_19_GBl_Nr_0149_signed.pdf
2026-10-06T13:51:54Z	https://www.gesetzblatt.bremen.de/fastmedia/218/2024_12_19_GBl_Nr_0148_signed.pdf	200	application/pdf	479862	https://www.gesetzblatt.bremen.de/fastmedia/218/2024_12_19_GBl_Nr_0148_signed.pdf
2026-10-06T13:52:00Z	https://www.gesetzblatt.bremen.de/fastmedia/218/2024_12_18_GBl_Nr_0147_signed.pdf	200	application/pdf	302852	https://www.gesetzblatt.bremen.de/fastmedia/218/2024_12_18_GBl_Nr_0147_signed.pdf
2026-10-06T13:52:05Z	https://www.gesetzblatt.bremen.de/fastmedia/218/2024_12_18_GBl_Nr_0146_signed.pdf	200	application/pdf	302286	https://www.gesetzblatt.bremen.de/fastmedia/218/2024_12_18_GBl_Nr_0146_signed.pdf
2026-10-06T13:52:10Z	https://www.gesetzblatt.bremen.de/fastmedia/218/2024_12_18_GBl_Nr_0145_signed.pdf	200	application/pdf	305307	https://www.gesetzblatt.bremen.de/fastmedia/218/2024_12_18_GBl_Nr_0145_signed.pdf
2026-10-06T13:52:15Z	https://www.gesetzblatt.bremen.de/fastmedia/218/2024_12_17_GBl_Nr%200144_signed.pdf	200	application/pdf	414350	https://www.gesetzblatt.bremen.de/fastmedia/218/2024_12_17_GBl_Nr%200144_signed.pdf
2026-10-06T13:52:21Z	https://www.gesetzblatt.bremen.de/fastmedia/218/2024_17_12_GBl_Nr_0143_signed.pdf	200	application/pdf	422070	https://www.gesetzblatt.bremen.de/fastmedia/218/2024_17_12_GBl_Nr_0143_signed.pdf
2026-10-06T13:52:26Z	https://www.gesetzblatt.bremen.de/fastmedia/218/2024_12_14_GBl_Nr_0142_signed.pdf	200	application/pdf	303001	https://www.gesetzblatt.bremen.de/fastmedia/218/2024_12_14_GBl_Nr_0142_signed.pdf
2026-10-06T13:52:32Z	https://www.gesetzblatt.bremen.de/fastmedia/218/2024_12_12_GBl_Nr_0141_signed.pdf	200	application/pdf	202795	https://www.gesetzblatt.bremen.de/fastmedia/218/2024_12_12_GBl_Nr_0141_signed.pdf
2026-10-06T13:52:36Z	https://www.gesetzblatt.bremen.de/fastmedia/218/2024_12_10_GBl_Nr_0140_signed.pdf	200	application/pdf	200354	https://www.gesetzblatt.bremen.de/fastmedia/218/2024_12_10_GBl_Nr_0140_signed.pdf
2026-10-06T13:52:42Z	https://www.gesetzblatt.bremen.de/fastmedia/218/2024_12_10_GBl_Nr_0139_signed.pdf	200	application/pdf	306375	https://www.gesetzblatt.bremen.de/fastmedia/218/2024_12_10_GBl_Nr_0139_signed.pdf
2026-10-06T13:52:47Z	https://www.gesetzblatt.bremen.de/fastmedia/218/2024_12_10_GBl_Nr_0138_signed.pdf	200	application/pdf	306108	https://www.gesetzblatt.bremen.de/fastmedia/218/2024_12_10_GBl_Nr_0138_signed.pdf
2026-10-06T13:52:52Z	https://www.gesetzblatt.bremen.de/fastmedia/218/2024_12_06_GBl_Nr%200137_signed.pdf	200	application/pdf	296023	https://www.gesetzblatt.bremen.de/fastmedia/218/2024_12_06_GBl_Nr%200137_signed.pdf
2026-10-06T13:52:58Z	https://www.gesetzblatt.bremen.de/fastmedia/218/2024_12_04_GBl_Nr%200136_signed.pdf	200	application/pdf	652952	https://www.gesetzblatt.bremen.de/fastmedia/218/2024_12_04_GBl_Nr%200136_signed.pdf
2026-10-06T13:53:03Z	https://www.gesetzblatt.bremen.de/fastmedia/218/2024_12_04_GBl_Nr%200135_signed.pdf	200	application/pdf	377232	https://www.gesetzblatt.bremen.de/fastmedia/218/2024_12_04_GBl_Nr%200135_signed.pdf
2026-10-06T13:53:08Z	https://www.gesetzblatt.bremen.de/fastmedia/218/2024_12_04_GBl_Nr_0134_signed.pdf	200	application/pdf	301571	https://www.gesetzblatt.bremen.de/fastmedia/218/2024_12_04_GBl_Nr_0134_signed.pdf
2026-10-06T13:53:13Z	https://www.gesetzblatt.bremen.de/fastmedia/218/2024_12_04_GBl_Nr_0133_signed.pdf	200	application/pdf	211261	https://www.gesetzblatt.bremen.de/fastmedia/218/2024_12_04_GBl_Nr_0133_signed.pdf
2026-10-06T13:53:18Z	https://www.gesetzblatt.bremen.de/fastmedia/218/2024_12_03_GBl_Nr_0132_signed.pdf	200	application/pdf	299163	https://www.gesetzblatt.bremen.de/fastmedia/218/2024_12_03_GBl_Nr_0132_signed.pdf
2026-10-06T13:53:24Z	https://www.gesetzblatt.bremen.de/fastmedia/218/2024_12_03_GBl_Nr_0131_signed.pdf	200	application/pdf	246006	https://www.gesetzblatt.bremen.de/fastmedia/218/2024_12_03_GBl_Nr_0131_signed.pdf
2026-10-06T13:53:29Z	https://www.gesetzblatt.bremen.de/fastmedia/218/2024_12_03_GBl_Nr_0130_signed.pdf	200	application/pdf	298642	https://www.gesetzblatt.bremen.de/fastmedia/218/2024_12_03_GBl_Nr_0130_signed.pdf
2026-10-06T13:53:35Z	https://www.gesetzblatt.bremen.de/fastmedia/218/2024_12_03_GBl_Nr_0129_signed.pdf	200	application/pdf	293888	https://www.gesetzblatt.bremen.de/fastmedia/218/2024_12_03_GBl_Nr_0129_signed.pdf
2026-10-06T13:53:40Z	https://www.gesetzblatt.bremen.de/fastmedia/218/2024_12_03_GBl_Nr_0128_signed.pdf	200	application/pdf	300191	https://www.gesetzblatt.bremen.de/fastmedia/218/2024_12_03_GBl_Nr_0128_signed.pdf
2026-10-06T13:53:45Z	https://www.gesetzblatt.bremen.de/fastmedia/218/2024_11_29_GBl_Nr_0127_signed.pdf	200	application/pdf	199419	https://www.gesetzblatt.bremen.de/fastmedia/218/2024_11_29_GBl_Nr_0127_signed.pdf
2026-10-06T13:53:50Z	https://www.gesetzblatt.bremen.de/fastmedia/218/2024_11_27_GBl_Nr_0126_signed.pdf	200	application/pdf	218618	https://www.gesetzblatt.bremen.de/fastmedia/218/2024_11_27_GBl_Nr_0126_signed.pdf
2026-10-06T13:53:55Z	https://www.gesetzblatt.bremen.de/fastmedia/218/2024_11_27_GBl_Nr_0125_signed.pdf	200	application/pdf	208295	https://www.gesetzblatt.bremen.de/fastmedia/218/2024_11_27_GBl_Nr_0125_signed.pdf
2026-10-06T13:54:00Z	https://www.gesetzblatt.bremen.de/fastmedia/218/2024_11_22_GBl_Nr_0124_signed.pdf	200	application/pdf	201209	https://www.gesetzblatt.bremen.de/fastmedia/218/2024_11_22_GBl_Nr_0124_signed.pdf
2026-10-06T13:54:05Z	https://www.gesetzblatt.bremen.de/fastmedia/218/2024_11_21_GBl_Nr_123_signed.pdf	200	application/pdf	322905	https://www.gesetzblatt.bremen.de/fastmedia/218/2024_11_21_GBl_Nr_123_signed.pdf
2026-10-06T13:54:11Z	https://www.gesetzblatt.bremen.de/fastmedia/218/2024_11_20_GBl_Nr%20122_signed.pdf	200	application/pdf	211727	https://www.gesetzblatt.bremen.de/fastmedia/218/2024_11_20_GBl_Nr%20122_signed.pdf
2026-10-06T13:54:16Z	https://www.gesetzblatt.bremen.de/fastmedia/218/2024_11_19_GBl_Nr_0121_signed.pdf	200	application/pdf	298437	https://www.gesetzblatt.bremen.de/fastmedia/218/2024_11_19_GBl_Nr_0121_signed.pdf
2026-10-06T13:54:22Z	https://www.gesetzblatt.bremen.de/fastmedia/218/2024_11_20_GBl_Nr_0120_signed.pdf	200	application/pdf	1685152	https://www.gesetzblatt.bremen.de/fastmedia/218/2024_11_20_GBl_Nr_0120_signed.pdf
2026-10-06T13:54:27Z	https://www.gesetzblatt.bremen.de/fastmedia/218/2024_11_20_GBl_Nr%200119_signed.pdf	200	application/pdf	325893	https://www.gesetzblatt.bremen.de/fastmedia/218/2024_11_20_GBl_Nr%200119_signed.pdf
2026-10-06T13:54:33Z	https://www.gesetzblatt.bremen.de/fastmedia/218/2024_11_19_GBl_Nr_0118_signed.pdf	200	application/pdf	281149	https://www.gesetzblatt.bremen.de/fastmedia/218/2024_11_19_GBl_Nr_0118_signed.pdf
2026-10-06T13:54:38Z	https://www.gesetzblatt.bremen.de/fastmedia/218/2024_11_19_GBl_Nr_0117_signed.pdf	200	application/pdf	206254	https://www.gesetzblatt.bremen.de/fastmedia/218/2024_11_19_GBl_Nr_0117_signed.pdf
2026-10-06T13:54:43Z	https://www.gesetzblatt.bremen.de/fastmedia/218/2024_11_14_GBl_Nr_0116_signed.pdf	200	application/pdf	209117	https://www.gesetzblatt.bremen.de/fastmedia/218/2024_11_14_GBl_Nr_0116_signed.pdf
2026-10-06T13:54:48Z	https://www.gesetzblatt.bremen.de/fastmedia/218/2024_11_05_GBl_Nr_0115_signed.pdf	200	application/pdf	306467	https://www.gesetzblatt.bremen.de/fastmedia/218/2024_11_05_GBl_Nr_0115_signed.pdf
2026-10-06T13:54:54Z	https://www.gesetzblatt.bremen.de/fastmedia/218/2024_10_31_GBl_NR_0114_signed.pdf	200	application/pdf	305440	https://www.gesetzblatt.bremen.de/fastmedia/218/2024_10_31_GBl_NR_0114_signed.pdf
2026-10-06T13:54:59Z	https://www.gesetzblatt.bremen.de/fastmedia/218/2024_10_31_GBl_Nr_0113_signed.pdf	200	application/pdf	304457	https://www.gesetzblatt.bremen.de/fastmedia/218/2024_10_31_GBl_Nr_0113_signed.pdf
2026-10-06T13:55:04Z	https://www.gesetzblatt.bremen.de/fastmedia/218/2024_10_31_GBl_Nr_0112_signed.pdf	200	application/pdf	304494	https://www.gesetzblatt.bremen.de/fastmedia/218/2024_10_31_GBl_Nr_0112_signed.pdf
2026-10-06T13:55:10Z	https://www.gesetzblatt.bremen.de/fastmedia/218/2024_10_31_GBl_Nr_0111_signed.pdf	200	application/pdf	303303	https://www.gesetzblatt.bremen.de/fastmedia/218/2024_10_31_GBl_Nr_0111_signed.pdf
2026-10-06T13:55:15Z	https://www.gesetzblatt.bremen.de/fastmedia/218/2024_10_31_GBl_Nr_0110_signed.pdf	200	application/pdf	303578	https://www.gesetzblatt.bremen.de/fastmedia/218/2024_10_31_GBl_Nr_0110_signed.pdf
2026-10-06T13:55:20Z	https://www.gesetzblatt.bremen.de/fastmedia/218/2024_10_31_GBl_Nr_0109_signed.pdf	200	application/pdf	302485	https://www.gesetzblatt.bremen.de/fastmedia/218/2024_10_31_GBl_Nr_0109_signed.pdf
2026-10-06T13:55:25Z	https://www.gesetzblatt.bremen.de/fastmedia/218/2024_10_31_GBl_Nr_0108_signed.pdf	200	application/pdf	203038	https://www.gesetzblatt.bremen.de/fastmedia/218/2024_10_31_GBl_Nr_0108_signed.pdf
2026-10-06T13:55:30Z	https://www.gesetzblatt.bremen.de/fastmedia/218/2024_10_31_GBl_Nr_0107_signed.pdf	200	application/pdf	300532	https://www.gesetzblatt.bremen.de/fastmedia/218/2024_10_31_GBl_Nr_0107_signed.pdf
2026-10-06T13:55:36Z	https://www.gesetzblatt.bremen.de/fastmedia/218/2024_10_30_GBl_Nr_0106_signed.pdf	200	application/pdf	302696	https://www.gesetzblatt.bremen.de/fastmedia/218/2024_10_30_GBl_Nr_0106_signed.pdf
2026-10-06T13:55:41Z	https://www.gesetzblatt.bremen.de/fastmedia/218/2024_10_30_GBl_Nr_0105_signed.pdf	200	application/pdf	401755	https://www.gesetzblatt.bremen.de/fastmedia/218/2024_10_30_GBl_Nr_0105_signed.pdf
2026-10-06T13:55:47Z	https://www.gesetzblatt.bremen.de/fastmedia/218/2024_10_15_GBl_Nr_0104_signed.pdf	200	application/pdf	309063	https://www.gesetzblatt.bremen.de/fastmedia/218/2024_10_15_GBl_Nr_0104_signed.pdf
2026-10-06T13:55:54Z	https://www.gesetzblatt.bremen.de/fastmedia/218/2024_10_12_GBl_Nr_0103_signed.pdf	200	application/pdf	5292176	https://www.gesetzblatt.bremen.de/fastmedia/218/2024_10_12_GBl_Nr_0103_signed.pdf
2026-10-06T13:55:59Z	https://www.gesetzblatt.bremen.de/fastmedia/218/2024_10_12_GBl_Nr_0102_signed.pdf	200	application/pdf	198552	https://www.gesetzblatt.bremen.de/fastmedia/218/2024_10_12_GBl_Nr_0102_signed.pdf
2026-10-06T13:56:04Z	https://www.gesetzblatt.bremen.de/fastmedia/218/2024_10_12_GBl_Nr_0101_signed.pdf	200	application/pdf	1647992	https://www.gesetzblatt.bremen.de/fastmedia/218/2024_10_12_GBl_Nr_0101_signed.pdf
2026-10-06T13:56:10Z	https://www.gesetzblatt.bremen.de/fastmedia/218/2024_10_10_GBl_Nr_0100_signed.pdf	200	application/pdf	375521	https://www.gesetzblatt.bremen.de/fastmedia/218/2024_10_10_GBl_Nr_0100_signed.pdf
2026-10-06T13:56:15Z	https://www.gesetzblatt.bremen.de/fastmedia/218/2024_10_10_GBl_Nr_0099_signed.pdf	200	application/pdf	200372	https://www.gesetzblatt.bremen.de/fastmedia/218/2024_10_10_GBl_Nr_0099_signed.pdf
2026-10-06T13:56:20Z	https://www.gesetzblatt.bremen.de/fastmedia/218/2024_09_30_GBl_Nr_0098_signed.pdf	200	application/pdf	309450	https://www.gesetzblatt.bremen.de/fastmedia/218/2024_09_30_GBl_Nr_0098_signed.pdf
2026-10-06T13:56:26Z	https://www.gesetzblatt.bremen.de/fastmedia/218/2024_09_27_GBl_Nr_0097_signed.pdf	200	application/pdf	957188	https://www.gesetzblatt.bremen.de/fastmedia/218/2024_09_27_GBl_Nr_0097_signed.pdf
2026-10-06T13:56:31Z	https://www.gesetzblatt.bremen.de/fastmedia/218/2024_09_27_GBl_Nr_0096_signed.pdf	200	application/pdf	305684	https://www.gesetzblatt.bremen.de/fastmedia/218/2024_09_27_GBl_Nr_0096_signed.pdf
2026-10-06T13:56:36Z	https://www.gesetzblatt.bremen.de/fastmedia/218/2024_09_27_GBl_Nr_0095_signed.pdf	200	application/pdf	309629	https://www.gesetzblatt.bremen.de/fastmedia/218/2024_09_27_GBl_Nr_0095_signed.pdf
2026-10-06T13:56:41Z	https://www.gesetzblatt.bremen.de/fastmedia/218/2024_09_20_GBl_Nr_0094_signed.pdf	200	application/pdf	501201	https://www.gesetzblatt.bremen.de/fastmedia/218/2024_09_20_GBl_Nr_0094_signed.pdf
2026-10-06T13:56:47Z	https://www.gesetzblatt.bremen.de/fastmedia/218/2024_09_20_GBl_Nr_0093_signed.pdf	200	application/pdf	501864	https://www.gesetzblatt.bremen.de/fastmedia/218/2024_09_20_GBl_Nr_0093_signed.pdf
2026-10-06T13:56:52Z	https://www.gesetzblatt.bremen.de/fastmedia/218/2024_09_20_GBl_Nr_0092_signed.pdf	200	application/pdf	223769	https://www.gesetzblatt.bremen.de/fastmedia/218/2024_09_20_GBl_Nr_0092_signed.pdf
2026-10-06T13:56:57Z	https://www.gesetzblatt.bremen.de/fastmedia/218/2024_09_20_GBl_Nr_0091_signed.pdf	200	application/pdf	341285	https://www.gesetzblatt.bremen.de/fastmedia/218/2024_09_20_GBl_Nr_0091_signed.pdf
2026-10-06T13:57:02Z	https://www.gesetzblatt.bremen.de/fastmedia/218/2024_09_19_GBl_Nr_0090_signed.pdf	200	application/pdf	401417	https://www.gesetzblatt.bremen.de/fastmedia/218/2024_09_19_GBl_Nr_0090_signed.pdf
2026-10-06T13:57:08Z	https://www.gesetzblatt.bremen.de/fastmedia/218/2024_09_11_GBl_Nr_0089_signed.pdf	200	application/pdf	478337	https://www.gesetzblatt.bremen.de/fastmedia/218/2024_09_11_GBl_Nr_0089_signed.pdf
2026-10-06T13:57:13Z	https://www.gesetzblatt.bremen.de/fastmedia/218/2024_09_10_GBl_Nr_0088_signed.pdf	200	application/pdf	547469	https://www.gesetzblatt.bremen.de/fastmedia/218/2024_09_10_GBl_Nr_0088_signed.pdf
2026-10-06T13:57:19Z	https://www.gesetzblatt.bremen.de/fastmedia/218/2024_09_04_GBl_Nr_0087_signed.pdf	200	application/pdf	403066	https://www.gesetzblatt.bremen.de/fastmedia/218/2024_09_04_GBl_Nr_0087_signed.pdf
2026-10-06T13:57:25Z	https://www.gesetzblatt.bremen.de/fastmedia/218/2024_08_21_GBl_Nr_0086_signed.pdf	200	application/pdf	386323	https://www.gesetzblatt.bremen.de/fastmedia/218/2024_08_21_GBl_Nr_0086_signed.pdf
2026-10-06T13:57:30Z	https://www.gesetzblatt.bremen.de/fastmedia/218/2024_08_19_GBl_Nr_0085_signed.pdf	200	application/pdf	406447	https://www.gesetzblatt.bremen.de/fastmedia/218/2024_08_19_GBl_Nr_0085_signed.pdf
2026-10-06T13:57:35Z	https://www.gesetzblatt.bremen.de/fastmedia/218/2024_08_19_GBl_Nr_0084_signed.pdf	200	application/pdf	393994	https://www.gesetzblatt.bremen.de/fastmedia/218/2024_08_19_GBl_Nr_0084_signed.pdf
2026-10-06T13:57:41Z	https://www.gesetzblatt.bremen.de/fastmedia/218/2024_08_19_GBl_Nr_0083_signed.pdf	200	application/pdf	376986	https://www.gesetzblatt.bremen.de/fastmedia/218/2024_08_19_GBl_Nr_0083_signed.pdf
2026-10-06T13:57:46Z	https://www.gesetzblatt.bremen.de/fastmedia/218/2024_08_09_GBl_Nr_0082_signed.pdf	200	application/pdf	304010	https://www.gesetzblatt.bremen.de/fastmedia/218/2024_08_09_GBl_Nr_0082_signed.pdf
2026-10-06T13:57:51Z	https://www.gesetzblatt.bremen.de/fastmedia/218/2024_08_06_GBl_Nr_0081_signed.pdf	200	application/pdf	311002	https://www.gesetzblatt.bremen.de/fastmedia/218/2024_08_06_GBl_Nr_0081_signed.pdf
2026-10-06T13:57:56Z	https://www.gesetzblatt.bremen.de/fastmedia/218/2024_08_06_GBl_Nr_0080_signed.pdf	200	application/pdf	205187	https://www.gesetzblatt.bremen.de/fastmedia/218/2024_08_06_GBl_Nr_0080_signed.pdf
2026-10-06T13:58:01Z	https://www.gesetzblatt.bremen.de/fastmedia/218/2024_07_25_GBl_Nr_0079_signed.pdf	200	application/pdf	195811	https://www.gesetzblatt.bremen.de/fastmedia/218/2024_07_25_GBl_Nr_0079_signed.pdf
2026-10-06T13:58:06Z	https://www.gesetzblatt.bremen.de/fastmedia/218/2024_07_24_GBl_Nr_0078_signed.pdf	200	application/pdf	252296	https://www.gesetzblatt.bremen.de/fastmedia/218/2024_07_24_GBl_Nr_0078_signed.pdf
2026-10-06T13:58:12Z	https://www.gesetzblatt.bremen.de/fastmedia/218/2024_07_12_GBl_Nr_0077_signed.pdf	200	application/pdf	411241	https://www.gesetzblatt.bremen.de/fastmedia/218/2024_07_12_GBl_Nr_0077_signed.pdf
2026-10-06T13:58:17Z	https://www.gesetzblatt.bremen.de/fastmedia/218/2024_07_05_GBl_Nr_0076_signed.pdf	200	application/pdf	1159491	https://www.gesetzblatt.bremen.de/fastmedia/218/2024_07_05_GBl_Nr_0076_signed.pdf
2026-10-06T13:58:23Z	https://www.gesetzblatt.bremen.de/fastmedia/218/2024_07_05_GBl_Nr_0075_signed.pdf	200	application/pdf	353988	https://www.gesetzblatt.bremen.de/fastmedia/218/2024_07_05_GBl_Nr_0075_signed.pdf
2026-10-06T13:58:28Z	https://www.gesetzblatt.bremen.de/fastmedia/218/2024_07_05_GBl_Nr_0074_signed.pdf	200	application/pdf	313125	https://www.gesetzblatt.bremen.de/fastmedia/218/2024_07_05_GBl_Nr_0074_signed.pdf
2026-10-06T13:58:33Z	https://www.gesetzblatt.bremen.de/fastmedia/218/2024_07_05_GBl_Nr_0073_signed.pdf	200	application/pdf	351960	https://www.gesetzblatt.bremen.de/fastmedia/218/2024_07_05_GBl_Nr_0073_signed.pdf
2026-10-06T13:58:38Z	https://www.gesetzblatt.bremen.de/fastmedia/218/2024_07_05_GBl_Nr_0072_signed.pdf	200	application/pdf	398108	https://www.gesetzblatt.bremen.de/fastmedia/218/2024_07_05_GBl_Nr_0072_signed.pdf
2026-10-06T13:58:43Z	https://www.gesetzblatt.bremen.de/fastmedia/218/2024_07_05_GBl_Nr_0071_signed.pdf	200	application/pdf	202133	https://www.gesetzblatt.bremen.de/fastmedia/218/2024_07_05_GBl_Nr_0071_signed.pdf
2026-10-06T13:58:48Z	https://www.gesetzblatt.bremen.de/fastmedia/218/2024_07_05_GBl_Nr_0070_signed.pdf	200	application/pdf	200292	https://www.gesetzblatt.bremen.de/fastmedia/218/2024_07_05_GBl_Nr_0070_signed.pdf
2026-10-06T13:58:53Z	https://www.gesetzblatt.bremen.de/fastmedia/218/2024_07_03_GBl_Nr_0069_signed.pdf	200	application/pdf	301486	https://www.gesetzblatt.bremen.de/fastmedia/218/2024_07_03_GBl_Nr_0069_signed.pdf
2026-10-06T13:58:58Z	https://www.gesetzblatt.bremen.de/fastmedia/218/2024_07_03_GBl_Nr_0068_signed.pdf	200	application/pdf	200454	https://www.gesetzblatt.bremen.de/fastmedia/218/2024_07_03_GBl_Nr_0068_signed.pdf
2026-10-06T13:59:03Z	https://www.gesetzblatt.bremen.de/fastmedia/218/2024_07_02_GBl_Nr_0067_signed.pdf	200	application/pdf	296672	https://www.gesetzblatt.bremen.de/fastmedia/218/2024_07_02_GBl_Nr_0067_signed.pdf
2026-10-06T13:59:08Z	https://www.gesetzblatt.bremen.de/fastmedia/218/2024_06_28_GBl_Nr_0066_signed.pdf	200	application/pdf	305911	https://www.gesetzblatt.bremen.de/fastmedia/218/2024_06_28_GBl_Nr_0066_signed.pdf
2026-10-06T13:59:14Z	https://www.gesetzblatt.bremen.de/fastmedia/218/2024_06_28_GBl_Nr_0065_signed.pdf	200	application/pdf	224742	https://www.gesetzblatt.bremen.de/fastmedia/218/2024_06_28_GBl_Nr_0065_signed.pdf
2026-10-06T13:59:19Z	https://www.gesetzblatt.bremen.de/fastmedia/218/2024_06_28_GBl_Nr_0064_signed.pdf	200	application/pdf	332869	https://www.gesetzblatt.bremen.de/fastmedia/218/2024_06_28_GBl_Nr_0064_signed.pdf
2026-10-06T13:59:25Z	https://www.gesetzblatt.bremen.de/fastmedia/218/2024_06_28_GBl_Nr_0063_signed.pdf	200	application/pdf	469818	https://www.gesetzblatt.bremen.de/fastmedia/218/2024_06_28_GBl_Nr_0063_signed.pdf
2026-10-06T13:59:30Z	https://www.gesetzblatt.bremen.de/fastmedia/218/2024_06_26_GBl_Nr_0062_signed.pdf	200	application/pdf	342097	https://www.gesetzblatt.bremen.de/fastmedia/218/2024_06_26_GBl_Nr_0062_signed.pdf
2026-10-06T13:59:35Z	https://www.gesetzblatt.bremen.de/fastmedia/218/2024_06_26_GBl_Nr_0061_signed.pdf	200	application/pdf	201417	https://www.gesetzblatt.bremen.de/fastmedia/218/2024_06_26_GBl_Nr_0061_signed.pdf
2026-10-06T13:59:40Z	https://www.gesetzblatt.bremen.de/fastmedia/218/2024_06_25_GBl_Nr_0060_signed.pdf	200	application/pdf	974009	https://www.gesetzblatt.bremen.de/fastmedia/218/2024_06_25_GBl_Nr_0060_signed.pdf
2026-10-06T13:59:45Z	https://www.gesetzblatt.bremen.de/fastmedia/218/2024_06_24_GBl_Nr_0059_signed.pdf	200	application/pdf	319173	https://www.gesetzblatt.bremen.de/fastmedia/218/2024_06_24_GBl_Nr_0059_signed.pdf
2026-10-06T13:59:50Z	https://www.gesetzblatt.bremen.de/fastmedia/218/2024_06_24_GBl_Nr_0058_signed.pdf	200	application/pdf	304571	https://www.gesetzblatt.bremen.de/fastmedia/218/2024_06_24_GBl_Nr_0058_signed.pdf
2026-10-06T13:59:57Z	https://www.gesetzblatt.bremen.de/fastmedia/218/2024_06_24_GBl_Nr_0057_signed.pdf	200	application/pdf	874376	https://www.gesetzblatt.bremen.de/fastmedia/218/2024_06_24_GBl_Nr_0057_signed.pdf
2026-10-06T14:00:03Z	https://www.gesetzblatt.bremen.de/fastmedia/218/2024_06_21_GBl_Nr_0056_signed.pdf	200	application/pdf	307166	https://www.gesetzblatt.bremen.de/fastmedia/218/2024_06_21_GBl_Nr_0056_signed.pdf
2026-10-06T14:00:09Z	https://www.gesetzblatt.bremen.de/fastmedia/218/2024_06_21_GBl_Nr_0055_signed.pdf	200	application/pdf	948123	https://www.gesetzblatt.bremen.de/fastmedia/218/2024_06_21_GBl_Nr_0055_signed.pdf
2026-10-06T14:00:15Z	https://www.gesetzblatt.bremen.de/fastmedia/218/2024_06_21_GBl_Nr_0054_signed.pdf	200	application/pdf	958000	https://www.gesetzblatt.bremen.de/fastmedia/218/2024_06_21_GBl_Nr_0054_signed.pdf
2026-10-06T14:00:20Z	https://www.gesetzblatt.bremen.de/fastmedia/218/2024_06_21_GBl_Nr_0053_signed.pdf	200	application/pdf	296063	https://www.gesetzblatt.bremen.de/fastmedia/218/2024_06_21_GBl_Nr_0053_signed.pdf
2026-10-06T14:00:26Z	https://www.gesetzblatt.bremen.de/fastmedia/218/2024_06_21_GBl_Nr_0052_signed.pdf	200	application/pdf	315507	https://www.gesetzblatt.bremen.de/fastmedia/218/2024_06_21_GBl_Nr_0052_signed.pdf
2026-10-06T14:00:31Z	https://www.gesetzblatt.bremen.de/fastmedia/218/2024_06_20_GBl_Nr_0051_signed.pdf	200	application/pdf	298186	https://www.gesetzblatt.bremen.de/fastmedia/218/2024_06_20_GBl_Nr_0051_signed.pdf
2026-10-06T14:00:36Z	https://www.gesetzblatt.bremen.de/fastmedia/218/2024_06_11_GBl_Nr_0050_signed.pdf	200	application/pdf	310078	https://www.gesetzblatt.bremen.de/fastmedia/218/2024_06_11_GBl_Nr_0050_signed.pdf
2026-10-06T14:00:41Z	https://www.gesetzblatt.bremen.de/fastmedia/218/2024_06_11_GBl_Nr_0049_signed.pdf	200	application/pdf	203738	https://www.gesetzblatt.bremen.de/fastmedia/218/2024_06_11_GBl_Nr_0049_signed.pdf
2026-10-06T14:00:47Z	https://www.gesetzblatt.bremen.de/fastmedia/218/2024_06_11_GBl_Nr_0048_signed.pdf	200	application/pdf	303850	https://www.gesetzblatt.bremen.de/fastmedia/218/2024_06_11_GBl_Nr_0048_signed.pdf
2026-10-06T14:00:52Z	https://www.gesetzblatt.bremen.de/fastmedia/218/2024_06_07_GBl_Nr_0047_signed.pdf	200	application/pdf	226405	https://www.gesetzblatt.bremen.de/fastmedia/218/2024_06_07_GBl_Nr_0047_signed.pdf
2026-10-06T14:00:57Z	https://www.gesetzblatt.bremen.de/fastmedia/218/2024_06_05_GBl_Nr_0046_signed.pdf	200	application/pdf	207394	https://www.gesetzblatt.bremen.de/fastmedia/218/2024_06_05_GBl_Nr_0046_signed.pdf
2026-10-06T14:01:02Z	https://www.gesetzblatt.bremen.de/fastmedia/218/2024_06_05_GBl_Nr_0045_signed.pdf	200	application/pdf	206670	https://www.gesetzblatt.bremen.de/fastmedia/218/2024_06_05_GBl_Nr_0045_signed.pdf
2026-10-06T14:01:08Z	https://www.gesetzblatt.bremen.de/fastmedia/218/2024_06_03_GBl_Nr_0044_signed.pdf	200	application/pdf	817821	https://www.gesetzblatt.bremen.de/fastmedia/218/2024_06_03_GBl_Nr_0044_signed.pdf
2026-10-06T14:01:14Z	https://www.gesetzblatt.bremen.de/fastmedia/218/2024_06_01_GBl_Nr_0043_signed.pdf	200	application/pdf	968831	https://www.gesetzblatt.bremen.de/fastmedia/218/2024_06_01_GBl_Nr_0043_signed.pdf
2026-10-06T14:01:19Z	https://www.gesetzblatt.bremen.de/fastmedia/218/2024_05_30_GBl_Nr_0042_signed.pdf	200	application/pdf	206923	https://www.gesetzblatt.bremen.de/fastmedia/218/2024_05_30_GBl_Nr_0042_signed.pdf
2026-10-06T14:01:25Z	https://www.gesetzblatt.bremen.de/fastmedia/218/2024_05_30_GBl_Nr_0041_signed.pdf	200	application/pdf	727571	https://www.gesetzblatt.bremen.de/fastmedia/218/2024_05_30_GBl_Nr_0041_signed.pdf
2026-10-06T14:01:30Z	https://www.gesetzblatt.bremen.de/fastmedia/218/2024_05_28_GBl_Nr_0040_signed.pdf	200	application/pdf	307899	https://www.gesetzblatt.bremen.de/fastmedia/218/2024_05_28_GBl_Nr_0040_signed.pdf
2026-10-06T14:01:36Z	https://www.gesetzblatt.bremen.de/fastmedia/218/2024_05_27_GBl_Nr_0039_signed.pdf	200	application/pdf	967716	https://www.gesetzblatt.bremen.de/fastmedia/218/2024_05_27_GBl_Nr_0039_signed.pdf
2026-10-06T14:01:41Z	https://www.gesetzblatt.bremen.de/fastmedia/218/2024_05_27_GBl_Nr_0038_signed.pdf	200	application/pdf	210010	https://www.gesetzblatt.bremen.de/fastmedia/218/2024_05_27_GBl_Nr_0038_signed.pdf
2026-10-06T14:01:46Z	https://www.gesetzblatt.bremen.de/fastmedia/218/2024_05_15_GBl_Nr_0037_signed.pdf	200	application/pdf	311629	https://www.gesetzblatt.bremen.de/fastmedia/218/2024_05_15_GBl_Nr_0037_signed.pdf
2026-10-06T14:01:51Z	https://www.gesetzblatt.bremen.de/fastmedia/218/2024_05_08_GBl_Nr_0036_signed.pdf	200	application/pdf	204723	https://www.gesetzblatt.bremen.de/fastmedia/218/2024_05_08_GBl_Nr_0036_signed.pdf
2026-10-06T14:01:56Z	https://www.gesetzblatt.bremen.de/fastmedia/218/2024_04_26_GBl_Nr_0035_signed.pdf	200	application/pdf	302711	https://www.gesetzblatt.bremen.de/fastmedia/218/2024_04_26_GBl_Nr_0035_signed.pdf
2026-10-06T14:02:02Z	https://www.gesetzblatt.bremen.de/fastmedia/218/2024_04_17_GBl_Nr_0034_signed.pdf	200	application/pdf	377981	https://www.gesetzblatt.bremen.de/fastmedia/218/2024_04_17_GBl_Nr_0034_signed.pdf
2026-10-06T14:02:07Z	https://www.gesetzblatt.bremen.de/fastmedia/218/2024_04_17_GBl_Nr_0033_signed.pdf	200	application/pdf	376698	https://www.gesetzblatt.bremen.de/fastmedia/218/2024_04_17_GBl_Nr_0033_signed.pdf
2026-10-06T14:02:13Z	https://www.gesetzblatt.bremen.de/fastmedia/218/2024_04_16_GBl_Nr_0032_signed.pdf	200	application/pdf	410073	https://www.gesetzblatt.bremen.de/fastmedia/218/2024_04_16_GBl_Nr_0032_signed.pdf
2026-10-06T14:02:18Z	https://www.gesetzblatt.bremen.de/fastmedia/218/GBl_2024_04_15_Nr_0031_signed.pdf	200	application/pdf	201574	https://www.gesetzblatt.bremen.de/fastmedia/218/GBl_2024_04_15_Nr_0031_signed.pdf
2026-10-06T14:02:23Z	https://www.gesetzblatt.bremen.de/fastmedia/218/2024_04_10_GBl_Nr_0030_signed.pdf	200	application/pdf	384038	https://www.gesetzblatt.bremen.de/fastmedia/218/2024_04_10_GBl_Nr_0030_signed.pdf
2026-10-06T14:02:29Z	https://www.gesetzblatt.bremen.de/fastmedia/218/2024_04_08_GBl_Nr_0029_signed.pdf	200	application/pdf	389028	https://www.gesetzblatt.bremen.de/fastmedia/218/2024_04_08_GBl_Nr_0029_signed.pdf
2026-10-06T14:02:34Z	https://www.gesetzblatt.bremen.de/fastmedia/218/2024_04_08_GBl_Nr_0028_signed.pdf	200	application/pdf	372607	https://www.gesetzblatt.bremen.de/fastmedia/218/2024_04_08_GBl_Nr_0028_signed.pdf
2026-10-06T14:02:39Z	https://www.gesetzblatt.bremen.de/fastmedia/218/2024_04_05_GBl_Nr_0027_signed.pdf	200	application/pdf	401580	https://www.gesetzblatt.bremen.de/fastmedia/218/2024_04_05_GBl_Nr_0027_signed.pdf
2026-10-06T14:02:44Z	https://www.gesetzblatt.bremen.de/fastmedia/218/2024_04_05_GBl_Nr_0026_signed.pdf	200	application/pdf	371594	https://www.gesetzblatt.bremen.de/fastmedia/218/2024_04_05_GBl_Nr_0026_signed.pdf
2026-10-06T14:02:50Z	https://www.gesetzblatt.bremen.de/fastmedia/218/2024_04_05_GBl_Nr_0025_signed.pdf	200	application/pdf	435871	https://www.gesetzblatt.bremen.de/fastmedia/218/2024_04_05_GBl_Nr_0025_signed.pdf
2026-10-06T14:02:55Z	https://www.gesetzblatt.bremen.de/fastmedia/218/2024_04_05_GBl_Nr_0024_signed.pdf	200	application/pdf	469793	https://www.gesetzblatt.bremen.de/fastmedia/218/2024_04_05_GBl_Nr_0024_signed.pdf
2026-10-06T14:03:01Z	https://www.gesetzblatt.bremen.de/fastmedia/218/2024_03_28_GBl_Nr_0023_signed.pdf	200	application/pdf	395789	https://www.gesetzblatt.bremen.de/fastmedia/218/2024_03_28_GBl_Nr_0023_signed.pdf
2026-10-06T14:03:06Z	https://www.gesetzblatt.bremen.de/fastmedia/218/2024_03_28_GBl_Nr_0022_signed.pdf	200	application/pdf	394577	https://www.gesetzblatt.bremen.de/fastmedia/218/2024_03_28_GBl_Nr_0022_signed.pdf
2026-10-06T14:03:12Z	https://www.gesetzblatt.bremen.de/fastmedia/218/2024_03_28_GBl_Nr_0021_signed.pdf	200	application/pdf	378459	https://www.gesetzblatt.bremen.de/fastmedia/218/2024_03_28_GBl_Nr_0021_signed.pdf
2026-10-06T14:03:17Z	https://www.gesetzblatt.bremen.de/fastmedia/218/2024_03_21_GBl_Nr_0020_signed.pdf	200	application/pdf	374476	https://www.gesetzblatt.bremen.de/fastmedia/218/2024_03_21_GBl_Nr_0020_signed.pdf
2026-10-06T14:03:23Z	https://www.gesetzblatt.bremen.de/fastmedia/218/2024_03_21_GBl_Nr_0019_signed.pdf	200	application/pdf	369577	https://www.gesetzblatt.bremen.de/fastmedia/218/2024_03_21_GBl_Nr_0019_signed.pdf
2026-10-06T14:03:29Z	https://www.gesetzblatt.bremen.de/fastmedia/218/2024_03_14_GBl_Nr_0018_signed.pdf	200	application/pdf	370394	https://www.gesetzblatt.bremen.de/fastmedia/218/2024_03_14_GBl_Nr_0018_signed.pdf
2026-10-06T14:03:35Z	https://www.gesetzblatt.bremen.de/fastmedia/218/2024_03_13_GBl_Nr_0017_signed.pdf	200	application/pdf	929176	https://www.gesetzblatt.bremen.de/fastmedia/218/2024_03_13_GBl_Nr_0017_signed.pdf
2026-10-06T14:03:40Z	https://www.gesetzblatt.bremen.de/fastmedia/218/2024_03_13_GBl_Nr_0016_signed.pdf	200	application/pdf	376074	https://www.gesetzblatt.bremen.de/fastmedia/218/2024_03_13_GBl_Nr_0016_signed.pdf
2026-10-06T14:03:45Z	https://www.gesetzblatt.bremen.de/fastmedia/218/2024_03_13_GBl_Nr_0015_signed.pdf	200	application/pdf	393239	https://www.gesetzblatt.bremen.de/fastmedia/218/2024_03_13_GBl_Nr_0015_signed.pdf
2026-10-06T14:03:51Z	https://www.gesetzblatt.bremen.de/fastmedia/218/2024_03_13_GBl_Nr_0014_signed.pdf	200	application/pdf	393201	https://www.gesetzblatt.bremen.de/fastmedia/218/2024_03_13_GBl_Nr_0014_signed.pdf
2026-10-06T14:03:56Z	https://www.gesetzblatt.bremen.de/fastmedia/218/2024_03_07_GBl_Nr_0013_signed.pdf	200	application/pdf	372438	https://www.gesetzblatt.bremen.de/fastmedia/218/2024_03_07_GBl_Nr_0013_signed.pdf
2026-10-06T14:04:02Z	https://www.gesetzblatt.bremen.de/fastmedia/218/2024_02_27_GBl_Nr_0012_signed.pdf	200	application/pdf	415612	https://www.gesetzblatt.bremen.de/fastmedia/218/2024_02_27_GBl_Nr_0012_signed.pdf
2026-10-06T14:04:07Z	https://www.gesetzblatt.bremen.de/fastmedia/218/2024_02_27_GBl_Nr_0011_signed.pdf	200	application/pdf	494538	https://www.gesetzblatt.bremen.de/fastmedia/218/2024_02_27_GBl_Nr_0011_signed.pdf
2026-10-06T14:04:13Z	https://www.gesetzblatt.bremen.de/fastmedia/218/2024_02_27_GBl_Nr_0010_signed.pdf	200	application/pdf	386775	https://www.gesetzblatt.bremen.de/fastmedia/218/2024_02_27_GBl_Nr_0010_signed.pdf
2026-10-06T14:04:18Z	https://www.gesetzblatt.bremen.de/fastmedia/218/2024_02_27_GBl_Nr_0009_signed.pdf	200	application/pdf	382704	https://www.gesetzblatt.bremen.de/fastmedia/218/2024_02_27_GBl_Nr_0009_signed.pdf
2026-10-06T14:04:23Z	https://www.gesetzblatt.bremen.de/fastmedia/218/2024_02_23_GBl_Nr_0008_signed.pdf	200	application/pdf	376094	https://www.gesetzblatt.bremen.de/fastmedia/218/2024_02_23_GBl_Nr_0008_signed.pdf
2026-10-06T14:04:29Z	https://www.gesetzblatt.bremen.de/fastmedia/218/2024_02_06_GBl_Nr_0007_signed.pdf	200	application/pdf	374479	https://www.gesetzblatt.bremen.de/fastmedia/218/2024_02_06_GBl_Nr_0007_signed.pdf
2026-10-06T14:04:34Z	https://www.gesetzblatt.bremen.de/fastmedia/218/2024_02_01_GBl_Nr_0006_signed.pdf	200	application/pdf	410989	https://www.gesetzblatt.bremen.de/fastmedia/218/2024_02_01_GBl_Nr_0006_signed.pdf
2026-10-06T14:04:40Z	https://www.gesetzblatt.bremen.de/fastmedia/218/2024_01_24_GBl_Nr_0005_signed.pdf	200	application/pdf	369502	https://www.gesetzblatt.bremen.de/fastmedia/218/2024_01_24_GBl_Nr_0005_signed.pdf
2026-10-06T14:04:45Z	https://www.gesetzblatt.bremen.de/fastmedia/218/2024_01_18_GBl_Nr_0004_signed.pdf	200	application/pdf	427477	https://www.gesetzblatt.bremen.de/fastmedia/218/2024_01_18_GBl_Nr_0004_signed.pdf
2026-10-06T14:04:50Z	https://www.gesetzblatt.bremen.de/fastmedia/218/2024_01_12_GBl_Nr_0003_signed.pdf	200	application/pdf	363153	https://www.gesetzblatt.bremen.de/fastmedia/218/2024_01_12_GBl_Nr_0003_signed.pdf
2026-10-06T14:04:56Z	https://www.gesetzblatt.bremen.de/fastmedia/218/2024_01_11_GBl_Nr_0002_signed.pdf	200	application/pdf	597744	https://www.gesetzblatt.bremen.de/fastmedia/218/2024_01_11_GBl_Nr_0002_signed.pdf
2026-10-06T14:05:01Z	https://www.gesetzblatt.bremen.de/fastmedia/218/2024_01_10_GBl_Nr_0001_signed.pdf	200	application/pdf	377007	https://www.gesetzblatt.bremen.de/fastmedia/218/2024_01_10_GBl_Nr_0001_signed.pdf
2026-10-06T14:05:06Z	https://www.gesetzblatt.bremen.de/fastmedia/218/2023_12_29_GBl_Nr_0130_signed.pdf	200	application/pdf	365245	https://www.gesetzblatt.bremen.de/fastmedia/218/2023_12_29_GBl_Nr_0130_signed.pdf
2026-10-06T14:05:12Z	https://www.gesetzblatt.bremen.de/fastmedia/218/2023_12_29_GBl_Nr_0129_signed.pdf	200	application/pdf	1154015	https://www.gesetzblatt.bremen.de/fastmedia/218/2023_12_29_GBl_Nr_0129_signed.pdf
2026-10-06T14:05:18Z	https://www.gesetzblatt.bremen.de/fastmedia/218/2023_12_29_GBl_Nr_0128_signed.pdf	200	application/pdf	1173625	https://www.gesetzblatt.bremen.de/fastmedia/218/2023_12_29_GBl_Nr_0128_signed.pdf
2026-10-06T14:05:23Z	https://www.gesetzblatt.bremen.de/fastmedia/218/2023_12_28_GBl_Nr_0127_signed.pdf	200	application/pdf	455975	https://www.gesetzblatt.bremen.de/fastmedia/218/2023_12_28_GBl_Nr_0127_signed.pdf
2026-10-06T14:05:29Z	https://www.gesetzblatt.bremen.de/fastmedia/218/2023_12_28_GBl_Nr_0126_signed.pdf	200	application/pdf	499120	https://www.gesetzblatt.bremen.de/fastmedia/218/2023_12_28_GBl_Nr_0126_signed.pdf
2026-10-06T14:05:34Z	https://www.gesetzblatt.bremen.de/fastmedia/218/2023_12_28_GBl_Nr_0125_signed.pdf	200	application/pdf	379385	https://www.gesetzblatt.bremen.de/fastmedia/218/2023_12_28_GBl_Nr_0125_signed.pdf
2026-10-06T14:05:39Z	https://www.gesetzblatt.bremen.de/fastmedia/218/2023_12_27_GBl_Nr_0124_signed.pdf	200	application/pdf	366502	https://www.gesetzblatt.bremen.de/fastmedia/218/2023_12_27_GBl_Nr_0124_signed.pdf
2026-10-06T14:05:44Z	https://www.gesetzblatt.bremen.de/fastmedia/218/2023_12_27_GBl_Nr_0123_signed.pdf	200	application/pdf	370288	https://www.gesetzblatt.bremen.de/fastmedia/218/2023_12_27_GBl_Nr_0123_signed.pdf
2026-10-06T14:05:50Z	https://www.gesetzblatt.bremen.de/fastmedia/218/2023_12_27_GBl_Nr_0122_signed.pdf	200	application/pdf	372061	https://www.gesetzblatt.bremen.de/fastmedia/218/2023_12_27_GBl_Nr_0122_signed.pdf
2026-10-06T14:05:56Z	https://www.gesetzblatt.bremen.de/fastmedia/218/2023_12_27_GBl_Nr_0121_signed.pdf	200	application/pdf	424740	https://www.gesetzblatt.bremen.de/fastmedia/218/2023_12_27_GBl_Nr_0121_signed.pdf
2026-10-06T14:06:01Z	https://www.gesetzblatt.bremen.de/fastmedia/218/2023_12_21_GBl_Nr_0120_signed.pdf	200	application/pdf	378249	https://www.gesetzblatt.bremen.de/fastmedia/218/2023_12_21_GBl_Nr_0120_signed.pdf
2026-10-06T14:06:07Z	https://www.gesetzblatt.bremen.de/fastmedia/218/2023_12_21_GBl_Nr_0119_signed.pdf	200	application/pdf	451969	https://www.gesetzblatt.bremen.de/fastmedia/218/2023_12_21_GBl_Nr_0119_signed.pdf
2026-10-06T14:06:12Z	https://www.gesetzblatt.bremen.de/fastmedia/218/2023_12_20_GBl_Nr_0118_signed.pdf	200	application/pdf	387937	https://www.gesetzblatt.bremen.de/fastmedia/218/2023_12_20_GBl_Nr_0118_signed.pdf
2026-10-06T14:06:17Z	https://www.gesetzblatt.bremen.de/fastmedia/218/2023_12_20_GBl_Nr_0117_signed.pdf	200	application/pdf	383536	https://www.gesetzblatt.bremen.de/fastmedia/218/2023_12_20_GBl_Nr_0117_signed.pdf
2026-10-06T14:06:22Z	https://www.gesetzblatt.bremen.de/fastmedia/218/2023_12_20_GBl_Nr_0116_signed.pdf	200	application/pdf	396673	https://www.gesetzblatt.bremen.de/fastmedia/218/2023_12_20_GBl_Nr_0116_signed.pdf
2026-10-06T14:06:28Z	https://www.gesetzblatt.bremen.de/fastmedia/218/2023_12_19_GBl_Nr_0115_signed.pdf	200	application/pdf	664286	https://www.gesetzblatt.bremen.de/fastmedia/218/2023_12_19_GBl_Nr_0115_signed.pdf
2026-10-06T14:06:33Z	https://www.gesetzblatt.bremen.de/fastmedia/218/2023_12_14_GBl_Nr_0114_signed.pdf	200	application/pdf	373125	https://www.gesetzblatt.bremen.de/fastmedia/218/2023_12_14_GBl_Nr_0114_signed.pdf
2026-10-06T14:06:38Z	https://www.gesetzblatt.bremen.de/fastmedia/218/2023_12_14_GBl_Nr_0113_signed.pdf	200	application/pdf	374863	https://www.gesetzblatt.bremen.de/fastmedia/218/2023_12_14_GBl_Nr_0113_signed.pdf
2026-10-06T14:06:44Z	https://www.gesetzblatt.bremen.de/fastmedia/218/2023_12_13_GBl_Nr_0112_signed.pdf	200	application/pdf	384167	https://www.gesetzblatt.bremen.de/fastmedia/218/2023_12_13_GBl_Nr_0112_signed.pdf
2026-10-06T14:06:49Z	https://www.gesetzblatt.bremen.de/fastmedia/218/2023_12_05_GBl_Nr_0111_signed.pdf	200	application/pdf	373331	https://www.gesetzblatt.bremen.de/fastmedia/218/2023_12_05_GBl_Nr_0111_signed.pdf
2026-10-06T14:06:54Z	https://www.gesetzblatt.bremen.de/fastmedia/218/2023_12_04_GBl_Nr_0110_signed.pdf	200	application/pdf	381583	https://www.gesetzblatt.bremen.de/fastmedia/218/2023_12_04_GBl_Nr_0110_signed.pdf
2026-10-06T14:07:00Z	https://www.gesetzblatt.bremen.de/fastmedia/218/2023_12_04_GBl_Nr_0109_signed.pdf	200	application/pdf	1781580	https://www.gesetzblatt.bremen.de/fastmedia/218/2023_12_04_GBl_Nr_0109_signed.pdf
2026-10-06T14:07:06Z	https://www.gesetzblatt.bremen.de/fastmedia/218/2023_11_28_GBl_Nr_0108_signed.pdf	200	application/pdf	372276	https://www.gesetzblatt.bremen.de/fastmedia/218/2023_11_28_GBl_Nr_0108_signed.pdf
2026-10-06T14:07:12Z	https://www.gesetzblatt.bremen.de/fastmedia/218/2023_11_27_GBl_Nr_0107_signed.pdf	200	application/pdf	571048	https://www.gesetzblatt.bremen.de/fastmedia/218/2023_11_27_GBl_Nr_0107_signed.pdf
2026-10-06T14:07:19Z	https://www.gesetzblatt.bremen.de/fastmedia/218/2023_11_23_GBl_Nr_0106_signed.pdf	200	application/pdf	3189709	https://www.gesetzblatt.bremen.de/fastmedia/218/2023_11_23_GBl_Nr_0106_signed.pdf
2026-10-06T14:07:24Z	https://www.gesetzblatt.bremen.de/fastmedia/218/2023_11_21_GBl_Nr_0105_signed.pdf	200	application/pdf	370126	https://www.gesetzblatt.bremen.de/fastmedia/218/2023_11_21_GBl_Nr_0105_signed.pdf
2026-10-06T14:07:29Z	https://www.gesetzblatt.bremen.de/fastmedia/218/2023_11_16_GBl_Nr_0104_signed.pdf	200	application/pdf	382997	https://www.gesetzblatt.bremen.de/fastmedia/218/2023_11_16_GBl_Nr_0104_signed.pdf
2026-10-06T14:07:35Z	https://www.gesetzblatt.bremen.de/fastmedia/218/2023_11_15_GBl_Nr_0103_signed.pdf	200	application/pdf	402612	https://www.gesetzblatt.bremen.de/fastmedia/218/2023_11_15_GBl_Nr_0103_signed.pdf
2026-10-06T14:07:40Z	https://www.gesetzblatt.bremen.de/fastmedia/218/2023_11_15_GBl_Nr_0102_signed.pdf	200	application/pdf	391143	https://www.gesetzblatt.bremen.de/fastmedia/218/2023_11_15_GBl_Nr_0102_signed.pdf
2026-10-06T14:07:46Z	https://www.gesetzblatt.bremen.de/fastmedia/218/2023_11_09_GBl_Nr_0101_signed.pdf	200	application/pdf	373411	https://www.gesetzblatt.bremen.de/fastmedia/218/2023_11_09_GBl_Nr_0101_signed.pdf
2026-10-06T14:07:51Z	https://www.gesetzblatt.bremen.de/fastmedia/218/2023_09_28_GBl_Nr_0100_signed.pdf	200	application/pdf	373249	https://www.gesetzblatt.bremen.de/fastmedia/218/2023_09_28_GBl_Nr_0100_signed.pdf
2026-10-06T14:07:57Z	https://www.gesetzblatt.bremen.de/fastmedia/218/2023_09_28_GBl_Nr_0099_signed.pdf	200	application/pdf	363915	https://www.gesetzblatt.bremen.de/fastmedia/218/2023_09_28_GBl_Nr_0099_signed.pdf
2026-10-06T14:08:02Z	https://www.gesetzblatt.bremen.de/fastmedia/218/2023_09_27_GBl_Nr_0098_signed.pdf	200	application/pdf	384615	https://www.gesetzblatt.bremen.de/fastmedia/218/2023_09_27_GBl_Nr_0098_signed.pdf
2026-10-06T14:08:08Z	https://www.gesetzblatt.bremen.de/fastmedia/218/2023_09_25_GBl_Nr_0097_signed.pdf	200	application/pdf	372454	https://www.gesetzblatt.bremen.de/fastmedia/218/2023_09_25_GBl_Nr_0097_signed.pdf
2026-10-06T14:08:13Z	https://www.gesetzblatt.bremen.de/fastmedia/218/2023_09_25_GBl_Nr_0096_signed.pdf	200	application/pdf	373721	https://www.gesetzblatt.bremen.de/fastmedia/218/2023_09_25_GBl_Nr_0096_signed.pdf
2026-10-06T14:08:18Z	https://www.gesetzblatt.bremen.de/fastmedia/218/2023_09_25_GBl_Nr_0095_signed.pdf	200	application/pdf	499807	https://www.gesetzblatt.bremen.de/fastmedia/218/2023_09_25_GBl_Nr_0095_signed.pdf
2026-10-06T14:08:23Z	https://www.gesetzblatt.bremen.de/fastmedia/218/2023_09_25_GBl_Nr_0094_signed.pdf	200	application/pdf	371029	https://www.gesetzblatt.bremen.de/fastmedia/218/2023_09_25_GBl_Nr_0094_signed.pdf
2026-10-06T14:08:29Z	https://www.gesetzblatt.bremen.de/fastmedia/218/2023_09_21_GBl_Nr_0093_signed.pdf	200	application/pdf	370596	https://www.gesetzblatt.bremen.de/fastmedia/218/2023_09_21_GBl_Nr_0093_signed.pdf
2026-10-06T14:08:34Z	https://www.gesetzblatt.bremen.de/fastmedia/218/2023_09_15_GBl_Nr_0092_signed.pdf	200	application/pdf	494648	https://www.gesetzblatt.bremen.de/fastmedia/218/2023_09_15_GBl_Nr_0092_signed.pdf
2026-10-06T14:08:40Z	https://www.gesetzblatt.bremen.de/fastmedia/218/2023_08_29_GBl_Nr_0091_signed.pdf	200	application/pdf	369531	https://www.gesetzblatt.bremen.de/fastmedia/218/2023_08_29_GBl_Nr_0091_signed.pdf
2026-10-06T14:08:45Z	https://www.gesetzblatt.bremen.de/fastmedia/218/2023_08_29_GBl_Nr_0090_signed.pdf	200	application/pdf	376182	https://www.gesetzblatt.bremen.de/fastmedia/218/2023_08_29_GBl_Nr_0090_signed.pdf
2026-10-06T14:08:51Z	https://www.gesetzblatt.bremen.de/fastmedia/218/2023_08_01_GBl_Nr_0089_signed.pdf	200	application/pdf	213696	https://www.gesetzblatt.bremen.de/fastmedia/218/2023_08_01_GBl_Nr_0089_signed.pdf
2026-10-06T14:08:56Z	https://www.gesetzblatt.bremen.de/fastmedia/218/2023_07_21_GBl_Nr_0088_signed.pdf	200	application/pdf	363558	https://www.gesetzblatt.bremen.de/fastmedia/218/2023_07_21_GBl_Nr_0088_signed.pdf
2026-10-06T14:09:01Z	https://www.gesetzblatt.bremen.de/fastmedia/218/2023_07_18_GBl_Nr_0087_signed.pdf	200	application/pdf	372105	https://www.gesetzblatt.bremen.de/fastmedia/218/2023_07_18_GBl_Nr_0087_signed.pdf
2026-10-06T14:09:07Z	https://www.gesetzblatt.bremen.de/fastmedia/218/2023_07_18_GBl_Nr_0086_signed.pdf	200	application/pdf	370684	https://www.gesetzblatt.bremen.de/fastmedia/218/2023_07_18_GBl_Nr_0086_signed.pdf
2026-10-06T14:09:12Z	https://www.gesetzblatt.bremen.de/fastmedia/218/2023_07_13_GBl_Nr_0085_signed.pdf	200	application/pdf	363512	https://www.gesetzblatt.bremen.de/fastmedia/218/2023_07_13_GBl_Nr_0085_signed.pdf
2026-10-06T14:09:18Z	https://www.gesetzblatt.bremen.de/fastmedia/218/2023_06_28_GBl_Nr_0084_signed.pdf	200	application/pdf	378244	https://www.gesetzblatt.bremen.de/fastmedia/218/2023_06_28_GBl_Nr_0084_signed.pdf
2026-10-06T14:09:23Z	https://www.gesetzblatt.bremen.de/fastmedia/218/2023_06_16_GBl_Nr_0083_signed.pdf	200	application/pdf	409393	https://www.gesetzblatt.bremen.de/fastmedia/218/2023_06_16_GBl_Nr_0083_signed.pdf
2026-10-06T14:09:28Z	https://www.gesetzblatt.bremen.de/fastmedia/218/2023_06_14_GBl_Nr_0082_signed.pdf	200	application/pdf	375911	https://www.gesetzblatt.bremen.de/fastmedia/218/2023_06_14_GBl_Nr_0082_signed.pdf
2026-10-06T14:09:34Z	https://www.gesetzblatt.bremen.de/fastmedia/218/2023_06_14_GBl_Nr_0081_signed.pdf	200	application/pdf	372238	https://www.gesetzblatt.bremen.de/fastmedia/218/2023_06_14_GBl_Nr_0081_signed.pdf
2026-10-06T14:09:39Z	https://www.gesetzblatt.bremen.de/fastmedia/218/2023_06_13_GBl_Nr_0080_signed.pdf	200	application/pdf	373406	https://www.gesetzblatt.bremen.de/fastmedia/218/2023_06_13_GBl_Nr_0080_signed.pdf
2026-10-06T14:09:44Z	https://www.gesetzblatt.bremen.de/fastmedia/218/2023_06_13_GBl_Nr_0079_signed.pdf	200	application/pdf	375012	https://www.gesetzblatt.bremen.de/fastmedia/218/2023_06_13_GBl_Nr_0079_signed.pdf
2026-10-06T14:09:50Z	https://www.gesetzblatt.bremen.de/fastmedia/218/2023_06_13_GBl_Nr_0078_signed.pdf	200	application/pdf	373762	https://www.gesetzblatt.bremen.de/fastmedia/218/2023_06_13_GBl_Nr_0078_signed.pdf
2026-10-06T14:09:55Z	https://www.gesetzblatt.bremen.de/fastmedia/218/2023_06_13_GBl_Nr_0077_signed.pdf	200	application/pdf	376226	https://www.gesetzblatt.bremen.de/fastmedia/218/2023_06_13_GBl_Nr_0077_signed.pdf
2026-10-06T14:10:01Z	https://www.gesetzblatt.bremen.de/fastmedia/218/2023_05_24_GBl_Nr_0076_signed.pdf	200	application/pdf	381849	https://www.gesetzblatt.bremen.de/fastmedia/218/2023_05_24_GBl_Nr_0076_signed.pdf
2026-10-06T14:10:07Z	https://www.gesetzblatt.bremen.de/fastmedia/218/2023_05_24_GBl_Nr_0075_signed.pdf	200	application/pdf	524802	https://www.gesetzblatt.bremen.de/fastmedia/218/2023_05_24_GBl_Nr_0075_signed.pdf
2026-10-06T14:10:12Z	https://www.gesetzblatt.bremen.de/fastmedia/218/2023_05_24_GBl_Nr_0074_signed.pdf	200	application/pdf	382133	https://www.gesetzblatt.bremen.de/fastmedia/218/2023_05_24_GBl_Nr_0074_signed.pdf
2026-10-06T14:10:18Z	https://www.gesetzblatt.bremen.de/fastmedia/218/2023_05_23_GBl_Nr_0073_signed.pdf	200	application/pdf	369586	https://www.gesetzblatt.bremen.de/fastmedia/218/2023_05_23_GBl_Nr_0073_signed.pdf
2026-10-06T14:10:23Z	https://www.gesetzblatt.bremen.de/fastmedia/218/2023_05_23_GBl_Nr_0072_signed.pdf	200	application/pdf	409737	https://www.gesetzblatt.bremen.de/fastmedia/218/2023_05_23_GBl_Nr_0072_signed.pdf
2026-10-06T14:10:28Z	https://www.gesetzblatt.bremen.de/fastmedia/218/2023_05_23_GBl_Nr_0071_signed.pdf	200	application/pdf	414423	https://www.gesetzblatt.bremen.de/fastmedia/218/2023_05_23_GBl_Nr_0071_signed.pdf
2026-10-06T14:10:40Z	https://www.gesetzblatt.bremen.de/fastmedia/218/2023_05_23_GBl_Nr_0070_signed.pdf	200	application/pdf	383652	https://www.gesetzblatt.bremen.de/fastmedia/218/2023_05_23_GBl_Nr_0070_signed.pdf
2026-10-06T14:10:45Z	https://www.gesetzblatt.bremen.de/fastmedia/218/2023_05_22_GBl_Nr_0069_signed.pdf	200	application/pdf	395782	https://www.gesetzblatt.bremen.de/fastmedia/218/2023_05_22_GBl_Nr_0069_signed.pdf
2026-10-06T14:10:50Z	https://www.gesetzblatt.bremen.de/fastmedia/218/2023_05_22_GBl_Nr_0068_signed.pdf	200	application/pdf	377032	https://www.gesetzblatt.bremen.de/fastmedia/218/2023_05_22_GBl_Nr_0068_signed.pdf
2026-10-06T14:10:56Z	https://www.gesetzblatt.bremen.de/fastmedia/218/2023_05_22_GBl_Nr_0067_signed.pdf	200	application/pdf	374014	https://www.gesetzblatt.bremen.de/fastmedia/218/2023_05_22_GBl_Nr_0067_signed.pdf
2026-10-06T14:11:01Z	https://www.gesetzblatt.bremen.de/fastmedia/218/2023_05_22_GBl_Nr_0066_signed.pdf	200	application/pdf	410207	https://www.gesetzblatt.bremen.de/fastmedia/218/2023_05_22_GBl_Nr_0066_signed.pdf
2026-10-06T14:11:08Z	https://www.gesetzblatt.bremen.de/fastmedia/218/2023_05_19_GBl_Nr_0065_signed.pdf	200	application/pdf	3564730	https://www.gesetzblatt.bremen.de/fastmedia/218/2023_05_19_GBl_Nr_0065_signed.pdf
2026-10-06T14:11:13Z	https://www.gesetzblatt.bremen.de/fastmedia/218/2023_05_19_GBl_Nr_0064_signed.pdf	200	application/pdf	391640	https://www.gesetzblatt.bremen.de/fastmedia/218/2023_05_19_GBl_Nr_0064_signed.pdf
2026-10-06T14:11:18Z	https://www.gesetzblatt.bremen.de/fastmedia/218/2023_05_19_GBl_Nr_0063_signed.pdf	200	application/pdf	372437	https://www.gesetzblatt.bremen.de/fastmedia/218/2023_05_19_GBl_Nr_0063_signed.pdf
2026-10-06T14:11:24Z	https://www.gesetzblatt.bremen.de/fastmedia/218/2023_05_19_GBl_Nr_0062_signed.pdf	200	application/pdf	386816	https://www.gesetzblatt.bremen.de/fastmedia/218/2023_05_19_GBl_Nr_0062_signed.pdf
2026-10-06T14:11:29Z	https://www.gesetzblatt.bremen.de/fastmedia/218/2023_05_15_GBl_Nr_0061_signed.pdf	200	application/pdf	481461	https://www.gesetzblatt.bremen.de/fastmedia/218/2023_05_15_GBl_Nr_0061_signed.pdf
2026-10-06T14:11:35Z	https://www.gesetzblatt.bremen.de/fastmedia/218/2023_05_12_GBl_Nr_0060_signed.pdf	200	application/pdf	388336	https://www.gesetzblatt.bremen.de/fastmedia/218/2023_05_12_GBl_Nr_0060_signed.pdf
2026-10-06T14:11:41Z	https://www.gesetzblatt.bremen.de/fastmedia/218/2023_05_12_GBl_Nr_0059_signed.pdf	200	application/pdf	380115	https://www.gesetzblatt.bremen.de/fastmedia/218/2023_05_12_GBl_Nr_0059_signed.pdf
2026-10-06T14:11:46Z	https://www.gesetzblatt.bremen.de/fastmedia/218/2023_05_12_GBl_Nr_0058_signed.pdf	200	application/pdf	505559	https://www.gesetzblatt.bremen.de/fastmedia/218/2023_05_12_GBl_Nr_0058_signed.pdf
2026-10-06T14:11:52Z	https://www.gesetzblatt.bremen.de/fastmedia/218/2023_05_09_GBl_Nr_0057_signed.pdf	200	application/pdf	371211	https://www.gesetzblatt.bremen.de/fastmedia/218/2023_05_09_GBl_Nr_0057_signed.pdf
2026-10-06T14:11:57Z	https://www.gesetzblatt.bremen.de/fastmedia/218/2023_05_09_GBl_Nr_0056_signed.pdf	200	application/pdf	461662	https://www.gesetzblatt.bremen.de/fastmedia/218/2023_05_09_GBl_Nr_0056_signed.pdf
2026-10-06T14:12:03Z	https://www.gesetzblatt.bremen.de/fastmedia/218/2023_04_27_GBl_Nr_0055_signed.pdf	200	application/pdf	375329	https://www.gesetzblatt.bremen.de/fastmedia/218/2023_04_27_GBl_Nr_0055_signed.pdf
2026-10-06T14:12:09Z	https://www.gesetzblatt.bremen.de/fastmedia/218/2023_04_26_GBl_Nr_0054_signed.pdf	200	application/pdf	394555	https://www.gesetzblatt.bremen.de/fastmedia/218/2023_04_26_GBl_Nr_0054_signed.pdf
2026-10-06T14:12:14Z	https://www.gesetzblatt.bremen.de/fastmedia/218/2023_04_25_GBl_Nr_0053_signed.pdf	200	application/pdf	446543	https://www.gesetzblatt.bremen.de/fastmedia/218/2023_04_25_GBl_Nr_0053_signed.pdf
2026-10-06T14:12:20Z	https://www.gesetzblatt.bremen.de/fastmedia/218/2023_04_20_GBl_Nr_0052_signed.pdf	200	application/pdf	362472	https://www.gesetzblatt.bremen.de/fastmedia/218/2023_04_20_GBl_Nr_0052_signed.pdf
2026-10-06T14:12:25Z	https://www.gesetzblatt.bremen.de/fastmedia/218/2023_04_19_GBl_Nr_0051_signed.pdf	200	application/pdf	371902	https://www.gesetzblatt.bremen.de/fastmedia/218/2023_04_19_GBl_Nr_0051_signed.pdf
2026-10-06T14:12:30Z	https://www.gesetzblatt.bremen.de/fastmedia/218/2023_04_19_GBl_Nr_0050_signed.pdf	200	application/pdf	426080	https://www.gesetzblatt.bremen.de/fastmedia/218/2023_04_19_GBl_Nr_0050_signed.pdf
2026-10-06T14:12:36Z	https://www.gesetzblatt.bremen.de/fastmedia/218/2023_04_19_GBl_Nr_0049_signed.pdf	200	application/pdf	378251	https://www.gesetzblatt.bremen.de/fastmedia/218/2023_04_19_GBl_Nr_0049_signed.pdf
2026-10-06T14:12:41Z	https://www.gesetzblatt.bremen.de/fastmedia/218/2023_04_18_GBl_Nr_0048_signed.pdf	200	application/pdf	596873	https://www.gesetzblatt.bremen.de/fastmedia/218/2023_04_18_GBl_Nr_0048_signed.pdf
2026-10-06T14:12:47Z	https://www.gesetzblatt.bremen.de/fastmedia/218/2023_04_18_GBl_Nr_0047_signed.pdf	200	application/pdf	376898	https://www.gesetzblatt.bremen.de/fastmedia/218/2023_04_18_GBl_Nr_0047_signed.pdf
2026-10-06T14:12:52Z	https://www.gesetzblatt.bremen.de/fastmedia/218/2023_04_18_GBl_Nr_0046_signed.pdf	200	application/pdf	437613	https://www.gesetzblatt.bremen.de/fastmedia/218/2023_04_18_GBl_Nr_0046_signed.pdf
2026-10-06T14:12:57Z	https://www.gesetzblatt.bremen.de/fastmedia/218/2023_04_18_GBl_Nr_0045_signed.pdf	200	application/pdf	369158	https://www.gesetzblatt.bremen.de/fastmedia/218/2023_04_18_GBl_Nr_0045_signed.pdf
2026-10-06T14:13:03Z	https://www.gesetzblatt.bremen.de/fastmedia/218/2023_04_17_GBl_Nr_0044_signed.pdf	200	application/pdf	419062	https://www.gesetzblatt.bremen.de/fastmedia/218/2023_04_17_GBl_Nr_0044_signed.pdf
2026-10-06T14:13:09Z	https://www.gesetzblatt.bremen.de/fastmedia/218/2023_04_17_GBl_Nr_0043_signed.pdf	200	application/pdf	459652	https://www.gesetzblatt.bremen.de/fastmedia/218/2023_04_17_GBl_Nr_0043_signed.pdf
2026-10-06T14:13:15Z	https://www.gesetzblatt.bremen.de/fastmedia/218/2023_04_17_GBl_Nr_0042_signed.pdf	200	application/pdf	2736129	https://www.gesetzblatt.bremen.de/fastmedia/218/2023_04_17_GBl_Nr_0042_signed.pdf
2026-10-06T14:13:20Z	https://www.gesetzblatt.bremen.de/fastmedia/218/2023_04_17_GBl_Nr_0041_signed.pdf	200	application/pdf	389355	https://www.gesetzblatt.bremen.de/fastmedia/218/2023_04_17_GBl_Nr_0041_signed.pdf
2026-10-06T14:13:26Z	https://www.gesetzblatt.bremen.de/fastmedia/218/2023_04_14_GBl_Nr_0040_signed.pdf	200	application/pdf	368536	https://www.gesetzblatt.bremen.de/fastmedia/218/2023_04_14_GBl_Nr_0040_signed.pdf
2026-10-06T14:13:32Z	https://www.gesetzblatt.bremen.de/fastmedia/218/2023_04_14_GBl_Nr_0039_signed.pdf	200	application/pdf	425101	https://www.gesetzblatt.bremen.de/fastmedia/218/2023_04_14_GBl_Nr_0039_signed.pdf
2026-10-06T14:13:38Z	https://www.gesetzblatt.bremen.de/fastmedia/218/2023_04_14_GBl_Nr_0038_signed.pdf	200	application/pdf	1227104	https://www.gesetzblatt.bremen.de/fastmedia/218/2023_04_14_GBl_Nr_0038_signed.pdf
2026-10-06T14:13:44Z	https://www.gesetzblatt.bremen.de/fastmedia/218/2023_04_14_GBl_Nr_0037_signed.pdf	200	application/pdf	675744	https://www.gesetzblatt.bremen.de/fastmedia/218/2023_04_14_GBl_Nr_0037_signed.pdf
2026-10-06T14:13:50Z	https://www.gesetzblatt.bremen.de/fastmedia/218/2023_04_04_GBl_Nr_0036_signed.pdf	200	application/pdf	373208	https://www.gesetzblatt.bremen.de/fastmedia/218/2023_04_04_GBl_Nr_0036_signed.pdf
2026-10-06T14:13:55Z	https://www.gesetzblatt.bremen.de/fastmedia/218/2023_03_31_GBl_Nr_0035_signed.pdf	200	application/pdf	378965	https://www.gesetzblatt.bremen.de/fastmedia/218/2023_03_31_GBl_Nr_0035_signed.pdf
2026-10-06T14:14:00Z	https://www.gesetzblatt.bremen.de/fastmedia/218/2023_03_30_GBl_Nr_0034_signed.pdf	200	application/pdf	375977	https://www.gesetzblatt.bremen.de/fastmedia/218/2023_03_30_GBl_Nr_0034_signed.pdf
2026-10-06T14:14:07Z	https://www.gesetzblatt.bremen.de/fastmedia/218/2023_03_30_GBl_Nr_0033_signed.pdf	200	application/pdf	1163858	https://www.gesetzblatt.bremen.de/fastmedia/218/2023_03_30_GBl_Nr_0033_signed.pdf
2026-10-06T14:14:12Z	https://www.gesetzblatt.bremen.de/fastmedia/218/2023_03_30_GBl_Nr_0032_signed.pdf	200	application/pdf	521166	https://www.gesetzblatt.bremen.de/fastmedia/218/2023_03_30_GBl_Nr_0032_signed.pdf
2026-10-06T14:14:17Z	https://www.gesetzblatt.bremen.de/fastmedia/218/2023_03_30_GBl_Nr_0031_signed.pdf	200	application/pdf	379526	https://www.gesetzblatt.bremen.de/fastmedia/218/2023_03_30_GBl_Nr_0031_signed.pdf
2026-10-06T14:14:23Z	https://www.gesetzblatt.bremen.de/fastmedia/218/2023_03_23_GBl_Nr_0030_signed.pdf	200	application/pdf	419113	https://www.gesetzblatt.bremen.de/fastmedia/218/2023_03_23_GBl_Nr_0030_signed.pdf
2026-10-06T14:14:28Z	https://www.gesetzblatt.bremen.de/fastmedia/218/2023_03_22_GBl_Nr_0029_signed.pdf	200	application/pdf	373771	https://www.gesetzblatt.bremen.de/fastmedia/218/2023_03_22_GBl_Nr_0029_signed.pdf
2026-10-06T14:14:34Z	https://www.gesetzblatt.bremen.de/fastmedia/218/2023_03_21_GBl_Nr_0028_signed.pdf	200	application/pdf	373945	https://www.gesetzblatt.bremen.de/fastmedia/218/2023_03_21_GBl_Nr_0028_signed.pdf
2026-10-06T14:14:39Z	https://www.gesetzblatt.bremen.de/fastmedia/218/2023_03_20_GBl_Nr_0027_signed.pdf	200	application/pdf	374560	https://www.gesetzblatt.bremen.de/fastmedia/218/2023_03_20_GBl_Nr_0027_signed.pdf
2026-10-06T14:14:45Z	https://www.gesetzblatt.bremen.de/fastmedia/218/2023_03_20_GBl_Nr_0026_signed.pdf	200	application/pdf	374182	https://www.gesetzblatt.bremen.de/fastmedia/218/2023_03_20_GBl_Nr_0026_signed.pdf
2026-10-06T14:14:50Z	https://www.gesetzblatt.bremen.de/fastmedia/218/2023_03_17_GBl_Nr_0025_signed.pdf	200	application/pdf	614232	https://www.gesetzblatt.bremen.de/fastmedia/218/2023_03_17_GBl_Nr_0025_signed.pdf
2026-10-06T14:14:55Z	https://www.gesetzblatt.bremen.de/fastmedia/218/2023_03_17_GBl_Nr_0024_signed.pdf	200	application/pdf	389084	https://www.gesetzblatt.bremen.de/fastmedia/218/2023_03_17_GBl_Nr_0024_signed.pdf
2026-10-06T14:15:01Z	https://www.gesetzblatt.bremen.de/fastmedia/218/2023_03_16_GBl_Nr_0023_signed.pdf	200	application/pdf	568906	https://www.gesetzblatt.bremen.de/fastmedia/218/2023_03_16_GBl_Nr_0023_signed.pdf
2026-10-06T14:15:08Z	https://www.gesetzblatt.bremen.de/fastmedia/218/2023_03_16_GBl_Nr_0022_signed.pdf	200	application/pdf	5569554	https://www.gesetzblatt.bremen.de/fastmedia/218/2023_03_16_GBl_Nr_0022_signed.pdf
2026-10-06T14:15:13Z	https://www.gesetzblatt.bremen.de/fastmedia/218/2023_03_16_GBl_Nr_0021_signed.pdf	200	application/pdf	368718	https://www.gesetzblatt.bremen.de/fastmedia/218/2023_03_16_GBl_Nr_0021_signed.pdf
2026-10-06T14:15:19Z	https://www.gesetzblatt.bremen.de/fastmedia/218/2023_03_16_GBl_Nr_0020_signed.pdf	200	application/pdf	398706	https://www.gesetzblatt.bremen.de/fastmedia/218/2023_03_16_GBl_Nr_0020_signed.pdf
2026-10-06T14:15:24Z	https://www.gesetzblatt.bremen.de/fastmedia/218/2023_03_06_GBl_Nr_0019_signed.pdf	200	application/pdf	363249	https://www.gesetzblatt.bremen.de/fastmedia/218/2023_03_06_GBl_Nr_0019_signed.pdf
2026-10-06T14:15:30Z	https://www.gesetzblatt.bremen.de/fastmedia/218/2023_03_03_GBl_Nr_0018_signed.pdf	200	application/pdf	410507	https://www.gesetzblatt.bremen.de/fastmedia/218/2023_03_03_GBl_Nr_0018_signed.pdf
2026-10-06T14:15:35Z	https://www.gesetzblatt.bremen.de/fastmedia/218/2023_03_03_GBl_Nr_0017_signed.pdf	200	application/pdf	390532	https://www.gesetzblatt.bremen.de/fastmedia/218/2023_03_03_GBl_Nr_0017_signed.pdf
2026-10-06T14:15:40Z	https://www.gesetzblatt.bremen.de/fastmedia/218/2023_03_03_GBl_Nr_0016_signed.pdf	200	application/pdf	370957	https://www.gesetzblatt.bremen.de/fastmedia/218/2023_03_03_GBl_Nr_0016_signed.pdf
2026-10-06T14:15:45Z	https://www.gesetzblatt.bremen.de/fastmedia/218/2023_03_02_GBl_Nr_0015_signed.pdf	200	application/pdf	612972	https://www.gesetzblatt.bremen.de/fastmedia/218/2023_03_02_GBl_Nr_0015_signed.pdf
2026-10-06T14:15:51Z	https://www.gesetzblatt.bremen.de/fastmedia/218/2023_02_23_GBl_Nr_0014_signed.pdf	200	application/pdf	249034	https://www.gesetzblatt.bremen.de/fastmedia/218/2023_02_23_GBl_Nr_0014_signed.pdf
2026-10-06T14:15:56Z	https://www.gesetzblatt.bremen.de/fastmedia/218/2023_02_14_GBl_Nr_0013_signed.pdf	200	application/pdf	383420	https://www.gesetzblatt.bremen.de/fastmedia/218/2023_02_14_GBl_Nr_0013_signed.pdf
2026-10-06T14:16:01Z	https://www.gesetzblatt.bremen.de/fastmedia/218/2023_02_10_GBl_Nr_0012_signed.pdf	200	application/pdf	426014	https://www.gesetzblatt.bremen.de/fastmedia/218/2023_02_10_GBl_Nr_0012_signed.pdf
2026-10-06T14:16:07Z	https://www.gesetzblatt.bremen.de/fastmedia/218/2023_02_09_GBl_Nr_0011_signed.pdf	200	application/pdf	369924	https://www.gesetzblatt.bremen.de/fastmedia/218/2023_02_09_GBl_Nr_0011_signed.pdf
2026-10-06T14:16:13Z	https://www.gesetzblatt.bremen.de/fastmedia/218/2023_02_09_GBl_Nr_0010_signed.pdf	200	application/pdf	371549	https://www.gesetzblatt.bremen.de/fastmedia/218/2023_02_09_GBl_Nr_0010_signed.pdf
2026-10-06T14:16:18Z	https://www.gesetzblatt.bremen.de/fastmedia/218/2023_02_03_GBl_Nr_0009_signed.pdf	200	application/pdf	396143	https://www.gesetzblatt.bremen.de/fastmedia/218/2023_02_03_GBl_Nr_0009_signed.pdf
2026-10-06T14:16:23Z	https://www.gesetzblatt.bremen.de/fastmedia/218/2023_01_31_GBl_Nr_0008_signed.pdf	200	application/pdf	377034	https://www.gesetzblatt.bremen.de/fastmedia/218/2023_01_31_GBl_Nr_0008_signed.pdf
2026-10-06T14:16:29Z	https://www.gesetzblatt.bremen.de/fastmedia/218/2023_01_27_GBl_Nr_0007_signed.pdf	200	application/pdf	372394	https://www.gesetzblatt.bremen.de/fastmedia/218/2023_01_27_GBl_Nr_0007_signed.pdf
2026-10-06T14:16:34Z	https://www.gesetzblatt.bremen.de/fastmedia/218/2023_01_18_GBl_Nr_0006_signed.pdf	200	application/pdf	467633	https://www.gesetzblatt.bremen.de/fastmedia/218/2023_01_18_GBl_Nr_0006_signed.pdf
2026-10-06T14:16:40Z	https://www.gesetzblatt.bremen.de/fastmedia/218/2023_01_18_GBl_Nr_0005_signed.pdf	200	application/pdf	461938	https://www.gesetzblatt.bremen.de/fastmedia/218/2023_01_18_GBl_Nr_0005_signed.pdf
2026-10-06T14:16:45Z	https://www.gesetzblatt.bremen.de/fastmedia/218/2023_01_18_GBl_Nr_0004_signed.pdf	200	application/pdf	370597	https://www.gesetzblatt.bremen.de/fastmedia/218/2023_01_18_GBl_Nr_0004_signed.pdf
2026-10-06T14:16:51Z	https://www.gesetzblatt.bremen.de/fastmedia/218/2023_01_13_GBl_Nr_0003_signed.pdf	200	application/pdf	441937	https://www.gesetzblatt.bremen.de/fastmedia/218/2023_01_13_GBl_Nr_0003_signed.pdf
2026-10-06T14:16:56Z	https://www.gesetzblatt.bremen.de/fastmedia/218/2023_01_06_GBl_Nr_0002_signed.pdf	200	application/pdf	384763	https://www.gesetzblatt.bremen.de/fastmedia/218/2023_01_06_GBl_Nr_0002_signed.pdf
2026-10-06T14:17:02Z	https://www.gesetzblatt.bremen.de/fastmedia/218/2023_01_06_GBl_Nr_0001_signed.pdf	200	application/pdf	376888	https://www.gesetzblatt.bremen.de/fastmedia/218/2023_01_06_GBl_Nr_0001_signed.pdf
2026-10-06T14:17:07Z	https://www.gesetzblatt.bremen.de/fastmedia/218/2022_12_29_GBl_Nr_0167_signed.pdf	200	application/pdf	374079	https://www.gesetzblatt.bremen.de/fastmedia/218/2022_12_29_GBl_Nr_0167_signed.pdf
2026-10-06T14:17:13Z	https://www.gesetzblatt.bremen.de/fastmedia/218/2022_12_23_GBl_Nr_0166_signed.pdf	200	application/pdf	615287	https://www.gesetzblatt.bremen.de/fastmedia/218/2022_12_23_GBl_Nr_0166_signed.pdf
2026-10-06T14:17:20Z	https://www.gesetzblatt.bremen.de/fastmedia/218/2022_12_23_GBl_Nr_0165_signed.pdf	200	application/pdf	1246354	https://www.gesetzblatt.bremen.de/fastmedia/218/2022_12_23_GBl_Nr_0165_signed.pdf
2026-10-06T14:17:25Z	https://www.gesetzblatt.bremen.de/fastmedia/218/2022_12_23_GBl_Nr_0164_signed.pdf	200	application/pdf	371369	https://www.gesetzblatt.bremen.de/fastmedia/218/2022_12_23_GBl_Nr_0164_signed.pdf
2026-10-06T14:17:30Z	https://www.gesetzblatt.bremen.de/fastmedia/218/2022_12_22_GBl_Nr_0163_signed.pdf	200	application/pdf	392508	https://www.gesetzblatt.bremen.de/fastmedia/218/2022_12_22_GBl_Nr_0163_signed.pdf
2026-10-06T14:17:37Z	https://www.gesetzblatt.bremen.de/fastmedia/218/2022_12_21_GBl_Nr_0162_signed.pdf	200	application/pdf	1330154	https://www.gesetzblatt.bremen.de/fastmedia/218/2022_12_21_GBl_Nr_0162_signed.pdf
2026-10-06T14:17:43Z	https://www.gesetzblatt.bremen.de/fastmedia/218/2022_12_21_GBl_Nr_0161_signed.pdf	200	application/pdf	376538	https://www.gesetzblatt.bremen.de/fastmedia/218/2022_12_21_GBl_Nr_0161_signed.pdf
2026-10-06T14:17:48Z	https://www.gesetzblatt.bremen.de/fastmedia/218/2022_12_21_GBl_Nr_0160_signed.pdf	200	application/pdf	379496	https://www.gesetzblatt.bremen.de/fastmedia/218/2022_12_21_GBl_Nr_0160_signed.pdf
2026-10-06T14:17:53Z	https://www.gesetzblatt.bremen.de/fastmedia/218/2022_12_21_GBl_Nr_0159_signed.pdf	200	application/pdf	401059	https://www.gesetzblatt.bremen.de/fastmedia/218/2022_12_21_GBl_Nr_0159_signed.pdf
2026-10-06T14:17:58Z	https://www.gesetzblatt.bremen.de/fastmedia/218/2022_12_20_GBl_Nr_0158_signed.pdf	200	application/pdf	405517	https://www.gesetzblatt.bremen.de/fastmedia/218/2022_12_20_GBl_Nr_0158_signed.pdf
2026-10-06T14:18:04Z	https://www.gesetzblatt.bremen.de/fastmedia/218/2022_12_20_GBl_Nr_0157_signed.pdf	200	application/pdf	416246	https://www.gesetzblatt.bremen.de/fastmedia/218/2022_12_20_GBl_Nr_0157_signed.pdf
2026-10-06T14:18:09Z	https://www.gesetzblatt.bremen.de/fastmedia/218/2022_12_20_GBl_Nr_0156_signed.pdf	200	application/pdf	598664	https://www.gesetzblatt.bremen.de/fastmedia/218/2022_12_20_GBl_Nr_0156_signed.pdf
2026-10-06T14:18:15Z	https://www.gesetzblatt.bremen.de/fastmedia/218/2022_12_20_GBl_Nr_0155_signed.pdf	200	application/pdf	369211	https://www.gesetzblatt.bremen.de/fastmedia/218/2022_12_20_GBl_Nr_0155_signed.pdf
2026-10-06T14:18:20Z	https://www.gesetzblatt.bremen.de/fastmedia/218/2022_12_19_GBl_Nr_0154_signed.pdf	200	application/pdf	396544	https://www.gesetzblatt.bremen.de/fastmedia/218/2022_12_19_GBl_Nr_0154_signed.pdf
2026-10-06T14:18:26Z	https://www.gesetzblatt.bremen.de/fastmedia/218/2022_12_19_GBl_Nr_0153_signed.pdf	200	application/pdf	372749	https://www.gesetzblatt.bremen.de/fastmedia/218/2022_12_19_GBl_Nr_0153_signed.pdf
2026-10-06T14:18:32Z	https://www.gesetzblatt.bremen.de/fastmedia/218/2022_12_19_GBl_Nr_0152_signed.pdf	200	application/pdf	428589	https://www.gesetzblatt.bremen.de/fastmedia/218/2022_12_19_GBl_Nr_0152_signed.pdf
2026-10-06T14:18:37Z	https://www.gesetzblatt.bremen.de/fastmedia/218/2022_12_19_GBl_Nr_0151_signed.pdf	200	application/pdf	400872	https://www.gesetzblatt.bremen.de/fastmedia/218/2022_12_19_GBl_Nr_0151_signed.pdf
2026-10-06T14:18:43Z	https://www.gesetzblatt.bremen.de/fastmedia/218/2022_12_16_GBl_Nr_0150_signed.pdf	200	application/pdf	701810	https://www.gesetzblatt.bremen.de/fastmedia/218/2022_12_16_GBl_Nr_0150_signed.pdf
2026-10-06T14:18:48Z	https://www.gesetzblatt.bremen.de/fastmedia/218/2022_12_16_GBl_Nr_0149_signed.pdf	200	application/pdf	409308	https://www.gesetzblatt.bremen.de/fastmedia/218/2022_12_16_GBl_Nr_0149_signed.pdf
2026-10-06T14:18:54Z	https://www.gesetzblatt.bremen.de/fastmedia/218/2022_12_16_GBl_Nr_0148_signed.pdf	200	application/pdf	375086	https://www.gesetzblatt.bremen.de/fastmedia/218/2022_12_16_GBl_Nr_0148_signed.pdf
2026-10-06T14:18:59Z	https://www.gesetzblatt.bremen.de/fastmedia/218/2022_12_16_GBl_Nr_0147_signed.pdf	200	application/pdf	423382	https://www.gesetzblatt.bremen.de/fastmedia/218/2022_12_16_GBl_Nr_0147_signed.pdf
2026-10-06T14:19:06Z	https://www.gesetzblatt.bremen.de/fastmedia/218/2022_12_15_GBl_Nr_0146_signed.pdf	200	application/pdf	1640721	https://www.gesetzblatt.bremen.de/fastmedia/218/2022_12_15_GBl_Nr_0146_signed.pdf
2026-10-06T14:19:12Z	https://www.gesetzblatt.bremen.de/fastmedia/218/2022_12_15_GBl_Nr_0145_signed.pdf	200	application/pdf	1549422	https://www.gesetzblatt.bremen.de/fastmedia/218/2022_12_15_GBl_Nr_0145_signed.pdf
2026-10-06T14:19:18Z	https://www.gesetzblatt.bremen.de/fastmedia/218/2022_12_15_GBl_Nr_0144_signed.pdf	200	application/pdf	371179	https://www.gesetzblatt.bremen.de/fastmedia/218/2022_12_15_GBl_Nr_0144_signed.pdf
2026-10-06T14:19:23Z	https://www.gesetzblatt.bremen.de/fastmedia/218/2022_12_15_GBl_Nr_0143_signed.pdf	200	application/pdf	382568	https://www.gesetzblatt.bremen.de/fastmedia/218/2022_12_15_GBl_Nr_0143_signed.pdf
2026-10-06T14:19:28Z	https://www.gesetzblatt.bremen.de/fastmedia/218/2022_12_14_GBl_Nr_0142_signed.pdf	200	application/pdf	479039	https://www.gesetzblatt.bremen.de/fastmedia/218/2022_12_14_GBl_Nr_0142_signed.pdf
2026-10-06T14:19:33Z	https://www.gesetzblatt.bremen.de/fastmedia/218/2022_12_14_GBl_Nr_0141_signed.pdf	200	application/pdf	403937	https://www.gesetzblatt.bremen.de/fastmedia/218/2022_12_14_GBl_Nr_0141_signed.pdf
2026-10-06T14:19:39Z	https://www.gesetzblatt.bremen.de/fastmedia/218/2022_12_08_GBl_Nr_0140_signed.pdf	200	application/pdf	376540	https://www.gesetzblatt.bremen.de/fastmedia/218/2022_12_08_GBl_Nr_0140_signed.pdf
2026-10-06T14:19:44Z	https://www.gesetzblatt.bremen.de/fastmedia/218/2022_12_08_GBl_Nr_0139_signed.pdf	200	application/pdf	379839	https://www.gesetzblatt.bremen.de/fastmedia/218/2022_12_08_GBl_Nr_0139_signed.pdf
2026-10-06T14:19:49Z	https://www.gesetzblatt.bremen.de/fastmedia/218/2022_12_08_GBl_Nr_0138_signed.pdf	200	application/pdf	380362	https://www.gesetzblatt.bremen.de/fastmedia/218/2022_12_08_GBl_Nr_0138_signed.pdf
2026-10-06T14:19:54Z	https://www.gesetzblatt.bremen.de/fastmedia/218/2022_12_08_GBl_Nr_0137_signed.pdf	200	application/pdf	369622	https://www.gesetzblatt.bremen.de/fastmedia/218/2022_12_08_GBl_Nr_0137_signed.pdf
2026-10-06T14:20:00Z	https://www.gesetzblatt.bremen.de/fastmedia/218/2022_12_07_GBl_Nr_0136_signed.pdf	200	application/pdf	382346	https://www.gesetzblatt.bremen.de/fastmedia/218/2022_12_07_GBl_Nr_0136_signed.pdf
2026-10-06T14:20:05Z	https://www.gesetzblatt.bremen.de/fastmedia/218/2022_12_07_GBl_Nr_0135_signed.pdf	200	application/pdf	494522	https://www.gesetzblatt.bremen.de/fastmedia/218/2022_12_07_GBl_Nr_0135_signed.pdf
2026-10-06T14:20:10Z	https://www.gesetzblatt.bremen.de/fastmedia/218/2022_12_07_GBl_Nr_0134_signed.pdf	200	application/pdf	394463	https://www.gesetzblatt.bremen.de/fastmedia/218/2022_12_07_GBl_Nr_0134_signed.pdf
2026-10-06T14:20:16Z	https://www.gesetzblatt.bremen.de/fastmedia/218/2022_12_07_GBl_Nr_0133_signed.pdf	200	application/pdf	3241007	https://www.gesetzblatt.bremen.de/fastmedia/218/2022_12_07_GBl_Nr_0133_signed.pdf
2026-10-06T14:20:22Z	https://www.gesetzblatt.bremen.de/fastmedia/218/2022_12_06_GBl_Nr_0132_signed.pdf	200	application/pdf	385443	https://www.gesetzblatt.bremen.de/fastmedia/218/2022_12_06_GBl_Nr_0132_signed.pdf
2026-10-06T14:20:27Z	https://www.gesetzblatt.bremen.de/fastmedia/218/2022_12_06_GBl_Nr_0131_signed.pdf	200	application/pdf	425821	https://www.gesetzblatt.bremen.de/fastmedia/218/2022_12_06_GBl_Nr_0131_signed.pdf
2026-10-06T14:20:34Z	https://www.gesetzblatt.bremen.de/fastmedia/218/2022_12_06_GBl_Nr_0130_signed.pdf	200	application/pdf	1219903	https://www.gesetzblatt.bremen.de/fastmedia/218/2022_12_06_GBl_Nr_0130_signed.pdf
2026-10-06T14:20:40Z	https://www.gesetzblatt.bremen.de/fastmedia/218/2022_12_06_GBl_Nr_0129_signed.pdf	200	application/pdf	1107619	https://www.gesetzblatt.bremen.de/fastmedia/218/2022_12_06_GBl_Nr_0129_signed.pdf
2026-10-06T14:20:45Z	https://www.gesetzblatt.bremen.de/fastmedia/218/2022_11_30_GBl_Nr_0128_signed.pdf	200	application/pdf	431018	https://www.gesetzblatt.bremen.de/fastmedia/218/2022_11_30_GBl_Nr_0128_signed.pdf
2026-10-06T14:20:50Z	https://www.gesetzblatt.bremen.de/fastmedia/218/2022_11_30_GBl_Nr_0127_signed.pdf	200	application/pdf	372681	https://www.gesetzblatt.bremen.de/fastmedia/218/2022_11_30_GBl_Nr_0127_signed.pdf
2026-10-06T14:20:55Z	https://www.gesetzblatt.bremen.de/fastmedia/218/2022_11_30_GBl_Nr_0126_signed.pdf	200	application/pdf	369216	https://www.gesetzblatt.bremen.de/fastmedia/218/2022_11_30_GBl_Nr_0126_signed.pdf
2026-10-06T14:21:00Z	https://www.gesetzblatt.bremen.de/fastmedia/218/2022_11_30_GBl_Nr_0125_signed.pdf	200	application/pdf	370349	https://www.gesetzblatt.bremen.de/fastmedia/218/2022_11_30_GBl_Nr_0125_signed.pdf
2026-10-06T14:21:06Z	https://www.gesetzblatt.bremen.de/fastmedia/218/2022_11_28_GBl_Nr_0124_signed.pdf	200	application/pdf	685439	https://www.gesetzblatt.bremen.de/fastmedia/218/2022_11_28_GBl_Nr_0124_signed.pdf
2026-10-06T14:21:11Z	https://www.gesetzblatt.bremen.de/fastmedia/218/2022_11_18_GBl_Nr_0123_signed.pdf	200	application/pdf	376399	https://www.gesetzblatt.bremen.de/fastmedia/218/2022_11_18_GBl_Nr_0123_signed.pdf
2026-10-06T14:21:17Z	https://www.gesetzblatt.bremen.de/fastmedia/218/2022_11_15_GBl_Nr_0122_signed.pdf	200	application/pdf	373750	https://www.gesetzblatt.bremen.de/fastmedia/218/2022_11_15_GBl_Nr_0122_signed.pdf
2026-10-06T14:21:22Z	https://www.gesetzblatt.bremen.de/fastmedia/218/2022_11_15_GBl_Nr_0121_signed.pdf	200	application/pdf	373479	https://www.gesetzblatt.bremen.de/fastmedia/218/2022_11_15_GBl_Nr_0121_signed.pdf
2026-10-06T14:21:28Z	https://www.gesetzblatt.bremen.de/fastmedia/218/2022_11_08_GBl_Nr_0120_signed.pdf	200	application/pdf	584358	https://www.gesetzblatt.bremen.de/fastmedia/218/2022_11_08_GBl_Nr_0120_signed.pdf
2026-10-06T14:21:35Z	https://www.gesetzblatt.bremen.de/fastmedia/218/2022_11_07_GBl_Nr_0119_signed.pdf	200	application/pdf	933418	https://www.gesetzblatt.bremen.de/fastmedia/218/2022_11_07_GBl_Nr_0119_signed.pdf
2026-10-06T14:21:40Z	https://www.gesetzblatt.bremen.de/fastmedia/218/2022_11_07_GBl_Nr_0118_signed.pdf	200	application/pdf	383414	https://www.gesetzblatt.bremen.de/fastmedia/218/2022_11_07_GBl_Nr_0118_signed.pdf
2026-10-06T14:21:46Z	https://www.gesetzblatt.bremen.de/fastmedia/218/2022_11_07_GBl_Nr_0117_signed.pdf	200	application/pdf	387075	https://www.gesetzblatt.bremen.de/fastmedia/218/2022_11_07_GBl_Nr_0117_signed.pdf
2026-10-06T14:21:52Z	https://www.gesetzblatt.bremen.de/fastmedia/218/2022_11_07_GBl_Nr_0116_signed.pdf	200	application/pdf	468989	https://www.gesetzblatt.bremen.de/fastmedia/218/2022_11_07_GBl_Nr_0116_signed.pdf
2026-10-06T14:21:57Z	https://www.gesetzblatt.bremen.de/fastmedia/218/2022_11_04_GBl_Nr_0115_signed.pdf	200	application/pdf	405030	https://www.gesetzblatt.bremen.de/fastmedia/218/2022_11_04_GBl_Nr_0115_signed.pdf
2026-10-06T14:22:04Z	https://www.gesetzblatt.bremen.de/fastmedia/218/2022_11_04_GBl_Nr_0114_signed.pdf	200	application/pdf	2530889	https://www.gesetzblatt.bremen.de/fastmedia/218/2022_11_04_GBl_Nr_0114_signed.pdf
2026-10-06T14:22:09Z	https://www.gesetzblatt.bremen.de/fastmedia/218/2022_11_04_GBl_Nr_0113_signed.pdf	200	application/pdf	408793	https://www.gesetzblatt.bremen.de/fastmedia/218/2022_11_04_GBl_Nr_0113_signed.pdf
2026-10-06T14:22:15Z	https://www.gesetzblatt.bremen.de/fastmedia/218/2022_11_04_GBl_Nr_0112_signed.pdf	200	application/pdf	1089615	https://www.gesetzblatt.bremen.de/fastmedia/218/2022_11_04_GBl_Nr_0112_signed.pdf
2026-10-06T14:22:20Z	https://www.gesetzblatt.bremen.de/fastmedia/218/2022_11_03_GBl_Nr_0111_signed.pdf	200	application/pdf	398820	https://www.gesetzblatt.bremen.de/fastmedia/218/2022_11_03_GBl_Nr_0111_signed.pdf
2026-10-06T14:22:25Z	https://www.gesetzblatt.bremen.de/fastmedia/218/2022_11_03_GBl_Nr_0110_signed.pdf	200	application/pdf	371286	https://www.gesetzblatt.bremen.de/fastmedia/218/2022_11_03_GBl_Nr_0110_signed.pdf
2026-10-06T14:22:30Z	https://www.gesetzblatt.bremen.de/fastmedia/218/2022_11_03_GBl_Nr_0109_signed.pdf	200	application/pdf	375708	https://www.gesetzblatt.bremen.de/fastmedia/218/2022_11_03_GBl_Nr_0109_signed.pdf
2026-10-06T14:22:36Z	https://www.gesetzblatt.bremen.de/fastmedia/218/2022_11_03_GBl_Nr_0108_signed.pdf	200	application/pdf	374497	https://www.gesetzblatt.bremen.de/fastmedia/218/2022_11_03_GBl_Nr_0108_signed.pdf
2026-10-06T14:22:41Z	https://www.gesetzblatt.bremen.de/fastmedia/218/2022_10_28_GBl_Nr_0107_signed.pdf	200	application/pdf	318792	https://www.gesetzblatt.bremen.de/fastmedia/218/2022_10_28_GBl_Nr_0107_signed.pdf
2026-10-06T14:22:46Z	https://www.gesetzblatt.bremen.de/fastmedia/218/2022_10_28_GBl_Nr_0106_signed.pdf	200	application/pdf	307695	https://www.gesetzblatt.bremen.de/fastmedia/218/2022_10_28_GBl_Nr_0106_signed.pdf
2026-10-06T14:22:52Z	https://www.gesetzblatt.bremen.de/fastmedia/218/2022_10_26_GBl_Nr_0105_signed.pdf	200	application/pdf	337450	https://www.gesetzblatt.bremen.de/fastmedia/218/2022_10_26_GBl_Nr_0105_signed.pdf
2026-10-06T14:23:05Z	https://www.gesetzblatt.bremen.de/fastmedia/218/2022_10_20_GBl_Nr_0104_signed.pdf	200	application/pdf	8368984	https://www.gesetzblatt.bremen.de/fastmedia/218/2022_10_20_GBl_Nr_0104_signed.pdf
2026-10-06T14:23:10Z	https://www.gesetzblatt.bremen.de/fastmedia/218/2022_10_20_GBl_Nr_0103_signed.pdf	200	application/pdf	310577	https://www.gesetzblatt.bremen.de/fastmedia/218/2022_10_20_GBl_Nr_0103_signed.pdf
2026-10-06T14:23:15Z	https://www.gesetzblatt.bremen.de/fastmedia/218/2022_10_18_GBl_Nr_0102_signed.pdf	200	application/pdf	304622	https://www.gesetzblatt.bremen.de/fastmedia/218/2022_10_18_GBl_Nr_0102_signed.pdf
2026-10-06T14:23:20Z	https://www.gesetzblatt.bremen.de/fastmedia/218/2022_10_13_GBl_Nr_0101_signed.pdf	200	application/pdf	327104	https://www.gesetzblatt.bremen.de/fastmedia/218/2022_10_13_GBl_Nr_0101_signed.pdf
2026-10-06T14:23:25Z	https://www.gesetzblatt.bremen.de/fastmedia/218/2022_10_11_GBl_Nr_0100_signed.pdf	200	application/pdf	297276	https://www.gesetzblatt.bremen.de/fastmedia/218/2022_10_11_GBl_Nr_0100_signed.pdf
2026-10-06T14:23:30Z	https://www.gesetzblatt.bremen.de/fastmedia/218/2022_10_10_GBl_Nr_0099_signed.pdf	200	application/pdf	329545	https://www.gesetzblatt.bremen.de/fastmedia/218/2022_10_10_GBl_Nr_0099_signed.pdf
2026-10-06T14:23:36Z	https://www.gesetzblatt.bremen.de/fastmedia/218/2022_09_30_GBl_Nr_0098_signed.pdf	200	application/pdf	206033	https://www.gesetzblatt.bremen.de/fastmedia/218/2022_09_30_GBl_Nr_0098_signed.pdf
2026-10-06T14:23:41Z	https://www.gesetzblatt.bremen.de/fastmedia/218/2022_09_30_GBl_Nr_0097_signed.pdf	200	application/pdf	211715	https://www.gesetzblatt.bremen.de/fastmedia/218/2022_09_30_GBl_Nr_0097_signed.pdf
2026-10-06T14:23:46Z	https://www.gesetzblatt.bremen.de/fastmedia/218/2022_09_29_GBl_Nr_0096_signed.pdf	200	application/pdf	260102	https://www.gesetzblatt.bremen.de/fastmedia/218/2022_09_29_GBl_Nr_0096_signed.pdf
2026-10-06T14:23:51Z	https://www.gesetzblatt.bremen.de/fastmedia/218/2022_09_29_GBl_Nr_0095_signed.pdf	200	application/pdf	211338	https://www.gesetzblatt.bremen.de/fastmedia/218/2022_09_29_GBl_Nr_0095_signed.pdf
2026-10-06T14:23:57Z	https://www.gesetzblatt.bremen.de/fastmedia/218/2022_09_29_GBl_Nr_0094_signed.pdf	200	application/pdf	238699	https://www.gesetzblatt.bremen.de/fastmedia/218/2022_09_29_GBl_Nr_0094_signed.pdf
2026-10-06T14:24:02Z	https://www.gesetzblatt.bremen.de/fastmedia/218/2022_09_29_GBl_Nr_0093_signed.pdf	200	application/pdf	317190	https://www.gesetzblatt.bremen.de/fastmedia/218/2022_09_29_GBl_Nr_0093_signed.pdf
2026-10-06T14:24:08Z	https://www.gesetzblatt.bremen.de/fastmedia/218/2022_09_28_GBl_Nr_0092_signed.pdf	200	application/pdf	1364317	https://www.gesetzblatt.bremen.de/fastmedia/218/2022_09_28_GBl_Nr_0092_signed.pdf
2026-10-06T14:24:14Z	https://www.gesetzblatt.bremen.de/fastmedia/218/2022_09_14_GBl_Nr_0091_signed.pdf	200	application/pdf	308952	https://www.gesetzblatt.bremen.de/fastmedia/218/2022_09_14_GBl_Nr_0091_signed.pdf
2026-10-06T14:24:19Z	https://www.gesetzblatt.bremen.de/fastmedia/218/2022_09_13_GBl_Nr_0090_signed.pdf	200	application/pdf	371618	https://www.gesetzblatt.bremen.de/fastmedia/218/2022_09_13_GBl_Nr_0090_signed.pdf
2026-10-06T14:24:24Z	https://www.gesetzblatt.bremen.de/fastmedia/218/2022_09_06_GBl_Nr_0089_signed.pdf	200	application/pdf	297367	https://www.gesetzblatt.bremen.de/fastmedia/218/2022_09_06_GBl_Nr_0089_signed.pdf
2026-10-06T14:24:29Z	https://www.gesetzblatt.bremen.de/fastmedia/218/2022_09_02_GBl_Nr_0088_signed.pdf	200	application/pdf	338662	https://www.gesetzblatt.bremen.de/fastmedia/218/2022_09_02_GBl_Nr_0088_signed.pdf
2026-10-06T14:24:35Z	https://www.gesetzblatt.bremen.de/fastmedia/218/2022_08_23_GBl_Nr_0087_signed.pdf	200	application/pdf	327836	https://www.gesetzblatt.bremen.de/fastmedia/218/2022_08_23_GBl_Nr_0087_signed.pdf
2026-10-06T14:24:40Z	https://www.gesetzblatt.bremen.de/fastmedia/218/2022_08_23_GBl_Nr_0086_signed.pdf	200	application/pdf	320855	https://www.gesetzblatt.bremen.de/fastmedia/218/2022_08_23_GBl_Nr_0086_signed.pdf
2026-10-06T14:24:45Z	https://www.gesetzblatt.bremen.de/fastmedia/218/2022_08_19_GBl_Nr_0085_signed.pdf	200	application/pdf	312889	https://www.gesetzblatt.bremen.de/fastmedia/218/2022_08_19_GBl_Nr_0085_signed.pdf
2026-10-06T14:24:51Z	https://www.gesetzblatt.bremen.de/fastmedia/218/2022_08_19_GBl_Nr_0084_signed.pdf	200	application/pdf	575738	https://www.gesetzblatt.bremen.de/fastmedia/218/2022_08_19_GBl_Nr_0084_signed.pdf
2026-10-06T14:24:56Z	https://www.gesetzblatt.bremen.de/fastmedia/218/2022_08_12_GBl_Nr_0083_signed.pdf	200	application/pdf	215001	https://www.gesetzblatt.bremen.de/fastmedia/218/2022_08_12_GBl_Nr_0083_signed.pdf
2026-10-06T14:25:02Z	https://www.gesetzblatt.bremen.de/fastmedia/218/2022_08_11_GBl_Nr_0082_signed.pdf	200	application/pdf	210896	https://www.gesetzblatt.bremen.de/fastmedia/218/2022_08_11_GBl_Nr_0082_signed.pdf
2026-10-06T14:25:07Z	https://www.gesetzblatt.bremen.de/fastmedia/218/2022_08_04_GBl_Nr_0081_signed.pdf	200	application/pdf	320890	https://www.gesetzblatt.bremen.de/fastmedia/218/2022_08_04_GBl_Nr_0081_signed.pdf
2026-10-06T14:25:12Z	https://www.gesetzblatt.bremen.de/fastmedia/218/2022_08_01_GBl_Nr_0080_signed.pdf	200	application/pdf	507426	https://www.gesetzblatt.bremen.de/fastmedia/218/2022_08_01_GBl_Nr_0080_signed.pdf
2026-10-06T14:25:17Z	https://www.gesetzblatt.bremen.de/fastmedia/218/2022_07_26_GBl_Nr_0079_signed.pdf	200	application/pdf	208600	https://www.gesetzblatt.bremen.de/fastmedia/218/2022_07_26_GBl_Nr_0079_signed.pdf
2026-10-06T14:25:23Z	https://www.gesetzblatt.bremen.de/fastmedia/218/2022_07_26_GBl_Nr_0078_signed.pdf	200	application/pdf	449317	https://www.gesetzblatt.bremen.de/fastmedia/218/2022_07_26_GBl_Nr_0078_signed.pdf
2026-10-06T14:25:28Z	https://www.gesetzblatt.bremen.de/fastmedia/218/2022_07_25_GBl_Nr_0077_signed.pdf	200	application/pdf	307643	https://www.gesetzblatt.bremen.de/fastmedia/218/2022_07_25_GBl_Nr_0077_signed.pdf
2026-10-06T14:25:33Z	https://www.gesetzblatt.bremen.de/fastmedia/218/2022_07_25_GBl_Nr_0076_signed.pdf	200	application/pdf	328274	https://www.gesetzblatt.bremen.de/fastmedia/218/2022_07_25_GBl_Nr_0076_signed.pdf
2026-10-06T14:25:39Z	https://www.gesetzblatt.bremen.de/fastmedia/218/2022_07_25_GBl_Nr_0075_signed.pdf	200	application/pdf	312498	https://www.gesetzblatt.bremen.de/fastmedia/218/2022_07_25_GBl_Nr_0075_signed.pdf
2026-10-06T14:25:44Z	https://www.gesetzblatt.bremen.de/fastmedia/218/2022_07_25_GBl_Nr_0074_signed.pdf	200	application/pdf	308490	https://www.gesetzblatt.bremen.de/fastmedia/218/2022_07_25_GBl_Nr_0074_signed.pdf
2026-10-06T14:25:49Z	https://www.gesetzblatt.bremen.de/fastmedia/218/2022_07_22_GBl_Nr_0073_signed.pdf	200	application/pdf	199622	https://www.gesetzblatt.bremen.de/fastmedia/218/2022_07_22_GBl_Nr_0073_signed.pdf
2026-10-06T14:25:54Z	https://www.gesetzblatt.bremen.de/fastmedia/218/2022_07_22_GBl_Nr_0072_signed.pdf	200	application/pdf	207326	https://www.gesetzblatt.bremen.de/fastmedia/218/2022_07_22_GBl_Nr_0072_signed.pdf
2026-10-06T14:25:59Z	https://www.gesetzblatt.bremen.de/fastmedia/218/2022_07_21_GBl_Nr_0071_signed.pdf	200	application/pdf	342019	https://www.gesetzblatt.bremen.de/fastmedia/218/2022_07_21_GBl_Nr_0071_signed.pdf
2026-10-06T14:26:04Z	https://www.gesetzblatt.bremen.de/fastmedia/218/2022_07_21_GBl_Nr_0070_signed.pdf	200	application/pdf	335893	https://www.gesetzblatt.bremen.de/fastmedia/218/2022_07_21_GBl_Nr_0070_signed.pdf
2026-10-06T14:26:09Z	https://www.gesetzblatt.bremen.de/fastmedia/218/2022_07_19_GBl_Nr_0069_signed.pdf	200	application/pdf	203201	https://www.gesetzblatt.bremen.de/fastmedia/218/2022_07_19_GBl_Nr_0069_signed.pdf
2026-10-06T14:26:14Z	https://www.gesetzblatt.bremen.de/fastmedia/218/2022_07_15_GBl_Nr_0068_signed.pdf	200	application/pdf	313075	https://www.gesetzblatt.bremen.de/fastmedia/218/2022_07_15_GBl_Nr_0068_signed.pdf
2026-10-06T14:26:20Z	https://www.gesetzblatt.bremen.de/fastmedia/218/2022_07_15_GBl_Nr_0067_signed.pdf	200	application/pdf	314748	https://www.gesetzblatt.bremen.de/fastmedia/218/2022_07_15_GBl_Nr_0067_signed.pdf
2026-10-06T14:26:25Z	https://www.gesetzblatt.bremen.de/fastmedia/218/2022_07_08_GBl_Nr_0066_signed.pdf	200	application/pdf	305351	https://www.gesetzblatt.bremen.de/fastmedia/218/2022_07_08_GBl_Nr_0066_signed.pdf
2026-10-06T14:26:30Z	https://www.gesetzblatt.bremen.de/fastmedia/218/2022_07_05_GBl_Nr_0065_signed.pdf	200	application/pdf	306990	https://www.gesetzblatt.bremen.de/fastmedia/218/2022_07_05_GBl_Nr_0065_signed.pdf
2026-10-06T14:26:35Z	https://www.gesetzblatt.bremen.de/fastmedia/218/2022_07_05_GBl_Nr_0064_signed.pdf	200	application/pdf	312464	https://www.gesetzblatt.bremen.de/fastmedia/218/2022_07_05_GBl_Nr_0064_signed.pdf
2026-10-06T14:26:41Z	https://www.gesetzblatt.bremen.de/fastmedia/218/2022_07_05_GBl_Nr_0063_signed.pdf	200	application/pdf	304031	https://www.gesetzblatt.bremen.de/fastmedia/218/2022_07_05_GBl_Nr_0063_signed.pdf
2026-10-06T14:26:48Z	https://www.gesetzblatt.bremen.de/fastmedia/218/2022_07_05_GBl_Nr_0062_signed.pdf	200	application/pdf	1341379	https://www.gesetzblatt.bremen.de/fastmedia/218/2022_07_05_GBl_Nr_0062_signed.pdf
2026-10-06T14:26:53Z	https://www.gesetzblatt.bremen.de/fastmedia/218/2022_06_30_GBl_Nr_0061_signed.pdf	200	application/pdf	383818	https://www.gesetzblatt.bremen.de/fastmedia/218/2022_06_30_GBl_Nr_0061_signed.pdf
2026-10-06T14:26:58Z	https://www.gesetzblatt.bremen.de/fastmedia/218/2022_06_24_GBl_Nr_0060_signed.pdf	200	application/pdf	304220	https://www.gesetzblatt.bremen.de/fastmedia/218/2022_06_24_GBl_Nr_0060_signed.pdf
2026-10-06T14:27:03Z	https://www.gesetzblatt.bremen.de/fastmedia/218/2022_06_14_GBl_Nr_0059_signed.pdf	200	application/pdf	241399	https://www.gesetzblatt.bremen.de/fastmedia/218/2022_06_14_GBl_Nr_0059_signed.pdf
2026-10-06T14:27:08Z	https://www.gesetzblatt.bremen.de/fastmedia/218/2022_06_13_GBl_Nr_0058_signed.pdf	200	application/pdf	205336	https://www.gesetzblatt.bremen.de/fastmedia/218/2022_06_13_GBl_Nr_0058_signed.pdf
2026-10-06T14:27:13Z	https://www.gesetzblatt.bremen.de/fastmedia/218/2022_05_31_GBl_Nr_0057_signed.pdf	200	application/pdf	224255	https://www.gesetzblatt.bremen.de/fastmedia/218/2022_05_31_GBl_Nr_0057_signed.pdf
2026-10-06T14:27:18Z	https://www.gesetzblatt.bremen.de/fastmedia/218/2022_05_31_GBl_Nr_0056_signed.pdf	200	application/pdf	227430	https://www.gesetzblatt.bremen.de/fastmedia/218/2022_05_31_GBl_Nr_0056_signed.pdf
2026-10-06T14:27:23Z	https://www.gesetzblatt.bremen.de/fastmedia/218/2022_05_25_GBl_Nr_0055_signed.pdf	200	application/pdf	230163	https://www.gesetzblatt.bremen.de/fastmedia/218/2022_05_25_GBl_Nr_0055_signed.pdf
2026-10-06T14:27:29Z	https://www.gesetzblatt.bremen.de/fastmedia/218/2022_05_24_GBl_Nr_0054_signed.pdf	200	application/pdf	316019	https://www.gesetzblatt.bremen.de/fastmedia/218/2022_05_24_GBl_Nr_0054_signed.pdf
2026-10-06T14:27:34Z	https://www.gesetzblatt.bremen.de/fastmedia/218/2022_05_19_GBl_Nr_0053_signed.pdf	200	application/pdf	322957	https://www.gesetzblatt.bremen.de/fastmedia/218/2022_05_19_GBl_Nr_0053_signed.pdf
2026-10-06T14:27:39Z	https://www.gesetzblatt.bremen.de/fastmedia/218/2022_05_18_GBl_Nr_0052_signed.pdf	200	application/pdf	210332	https://www.gesetzblatt.bremen.de/fastmedia/218/2022_05_18_GBl_Nr_0052_signed.pdf
2026-10-06T14:27:44Z	https://www.gesetzblatt.bremen.de/fastmedia/218/2022_05_17_GBl_Nr_0051_signed.pdf	200	application/pdf	209785	https://www.gesetzblatt.bremen.de/fastmedia/218/2022_05_17_GBl_Nr_0051_signed.pdf
2026-10-06T14:27:50Z	https://www.gesetzblatt.bremen.de/fastmedia/218/2022_05_17_GBl_Nr_0050_signed.pdf	200	application/pdf	203906	https://www.gesetzblatt.bremen.de/fastmedia/218/2022_05_17_GBl_Nr_0050_signed.pdf
2026-10-06T14:27:55Z	https://www.gesetzblatt.bremen.de/fastmedia/218/2022_05_13_GBl_Nr_0049_signed.pdf	200	application/pdf	216010	https://www.gesetzblatt.bremen.de/fastmedia/218/2022_05_13_GBl_Nr_0049_signed.pdf
2026-10-06T14:28:00Z	https://www.gesetzblatt.bremen.de/fastmedia/218/2022_05_13_GBl_Nr_0048_signed.pdf	200	application/pdf	311881	https://www.gesetzblatt.bremen.de/fastmedia/218/2022_05_13_GBl_Nr_0048_signed.pdf
2026-10-06T14:28:05Z	https://www.gesetzblatt.bremen.de/fastmedia/218/2022_05_12_GBl_Nr_0047_signed.pdf	200	application/pdf	364175	https://www.gesetzblatt.bremen.de/fastmedia/218/2022_05_12_GBl_Nr_0047_signed.pdf
2026-10-06T14:28:10Z	https://www.gesetzblatt.bremen.de/fastmedia/218/2022_04_29_GBl_Nr_0046_signed.pdf	200	application/pdf	312901	https://www.gesetzblatt.bremen.de/fastmedia/218/2022_04_29_GBl_Nr_0046_signed.pdf
2026-10-06T14:28:18Z	https://www.gesetzblatt.bremen.de/fastmedia/218/2022_04_12_GBl_Nr_0045_signed.pdf	200	application/pdf	5161129	https://www.gesetzblatt.bremen.de/fastmedia/218/2022_04_12_GBl_Nr_0045_signed.pdf
2026-10-06T14:28:23Z	https://www.gesetzblatt.bremen.de/fastmedia/218/2022_04_12_GBl_Nr_0044_signed.pdf	200	application/pdf	216694	https://www.gesetzblatt.bremen.de/fastmedia/218/2022_04_12_GBl_Nr_0044_signed.pdf
2026-10-06T14:28:29Z	https://www.gesetzblatt.bremen.de/fastmedia/218/2022_04_11_GBl_Nr_0043_signed.pdf	200	application/pdf	308373	https://www.gesetzblatt.bremen.de/fastmedia/218/2022_04_11_GBl_Nr_0043_signed.pdf
2026-10-06T14:28:34Z	https://www.gesetzblatt.bremen.de/fastmedia/218/2022_04_11_GBl_Nr_0042_signed.pdf	200	application/pdf	314246	https://www.gesetzblatt.bremen.de/fastmedia/218/2022_04_11_GBl_Nr_0042_signed.pdf
2026-10-06T14:28:39Z	https://www.gesetzblatt.bremen.de/fastmedia/218/2022_04_11_GBl_Nr_0041_signed.pdf	200	application/pdf	323736	https://www.gesetzblatt.bremen.de/fastmedia/218/2022_04_11_GBl_Nr_0041_signed.pdf
2026-10-06T14:28:46Z	https://www.gesetzblatt.bremen.de/fastmedia/218/2022_04_11_GBl_Nr_0040_signed.pdf	200	application/pdf	3490040	https://www.gesetzblatt.bremen.de/fastmedia/218/2022_04_11_GBl_Nr_0040_signed.pdf
2026-10-06T14:28:51Z	https://www.gesetzblatt.bremen.de/fastmedia/218/2022_04_08_GBl_Nr_0039_signed.pdf	200	application/pdf	311588	https://www.gesetzblatt.bremen.de/fastmedia/218/2022_04_08_GBl_Nr_0039_signed.pdf
2026-10-06T14:28:56Z	https://www.gesetzblatt.bremen.de/fastmedia/218/2022_04_08_GBl_Nr_0038_signed.pdf	200	application/pdf	319908	https://www.gesetzblatt.bremen.de/fastmedia/218/2022_04_08_GBl_Nr_0038_signed.pdf
2026-10-06T14:29:02Z	https://www.gesetzblatt.bremen.de/fastmedia/218/2022_04_08_GBl_Nr_0037_signed.pdf	200	application/pdf	310912	https://www.gesetzblatt.bremen.de/fastmedia/218/2022_04_08_GBl_Nr_0037_signed.pdf
2026-10-06T14:29:07Z	https://www.gesetzblatt.bremen.de/fastmedia/218/2022_04_08_GBl_Nr_0036_signed.pdf	200	application/pdf	312922	https://www.gesetzblatt.bremen.de/fastmedia/218/2022_04_08_GBl_Nr_0036_signed.pdf
2026-10-06T14:29:12Z	https://www.gesetzblatt.bremen.de/fastmedia/218/2022_04_07_GBl_Nr_0035_signed.pdf	200	application/pdf	309774	https://www.gesetzblatt.bremen.de/fastmedia/218/2022_04_07_GBl_Nr_0035_signed.pdf
2026-10-06T14:29:17Z	https://www.gesetzblatt.bremen.de/fastmedia/218/2022_04_07_GBl_Nr_0034_signed.pdf	200	application/pdf	302948	https://www.gesetzblatt.bremen.de/fastmedia/218/2022_04_07_GBl_Nr_0034_signed.pdf
2026-10-06T14:29:23Z	https://www.gesetzblatt.bremen.de/fastmedia/218/2022_04_06_GBl_Nr_0033_signed.pdf	200	application/pdf	528325	https://www.gesetzblatt.bremen.de/fastmedia/218/2022_04_06_GBl_Nr_0033_signed.pdf
2026-10-06T14:29:28Z	https://www.gesetzblatt.bremen.de/fastmedia/218/2022_04_05_GBl_Nr_0032_signed.pdf	200	application/pdf	310082	https://www.gesetzblatt.bremen.de/fastmedia/218/2022_04_05_GBl_Nr_0032_signed.pdf
2026-10-06T14:29:33Z	https://www.gesetzblatt.bremen.de/fastmedia/218/2022_04_05_GBl_Nr_0031_signed.pdf	200	application/pdf	314539	https://www.gesetzblatt.bremen.de/fastmedia/218/2022_04_05_GBl_Nr_0031_signed.pdf
2026-10-06T14:29:38Z	https://www.gesetzblatt.bremen.de/fastmedia/218/2022_04_01_GBl_Nr_0030_signed.pdf	200	application/pdf	316085	https://www.gesetzblatt.bremen.de/fastmedia/218/2022_04_01_GBl_Nr_0030_signed.pdf
2026-10-06T14:29:44Z	https://www.gesetzblatt.bremen.de/fastmedia/218/2022_03_30_GBl_Nr_0029_signed.pdf	200	application/pdf	308748	https://www.gesetzblatt.bremen.de/fastmedia/218/2022_03_30_GBl_Nr_0029_signed.pdf
2026-10-06T14:29:49Z	https://www.gesetzblatt.bremen.de/fastmedia/218/2022_03_30_GBl_Nr_0028_signed.pdf	200	application/pdf	306378	https://www.gesetzblatt.bremen.de/fastmedia/218/2022_03_30_GBl_Nr_0028_signed.pdf
2026-10-06T14:29:54Z	https://www.gesetzblatt.bremen.de/fastmedia/218/2022_03_24_GBl_Nr_0027_signed.pdf	200	application/pdf	334922	https://www.gesetzblatt.bremen.de/fastmedia/218/2022_03_24_GBl_Nr_0027_signed.pdf
2026-10-06T14:29:59Z	https://www.gesetzblatt.bremen.de/fastmedia/218/2022_03_23_GBl_Nr_0026_signed.pdf	200	application/pdf	337272	https://www.gesetzblatt.bremen.de/fastmedia/218/2022_03_23_GBl_Nr_0026_signed.pdf
2026-10-06T14:30:04Z	https://www.gesetzblatt.bremen.de/fastmedia/218/2022_03_23_GBl_Nr_0025_signed.pdf	200	application/pdf	208337	https://www.gesetzblatt.bremen.de/fastmedia/218/2022_03_23_GBl_Nr_0025_signed.pdf
2026-10-06T14:30:10Z	https://www.gesetzblatt.bremen.de/fastmedia/218/2022_03_23_GBl_Nr_0024_signed.pdf	200	application/pdf	304246	https://www.gesetzblatt.bremen.de/fastmedia/218/2022_03_23_GBl_Nr_0024_signed.pdf
2026-10-06T14:30:15Z	https://www.gesetzblatt.bremen.de/fastmedia/218/2022_03_23_GBl_Nr_0023_signed.pdf	200	application/pdf	304991	https://www.gesetzblatt.bremen.de/fastmedia/218/2022_03_23_GBl_Nr_0023_signed.pdf
2026-10-06T14:30:20Z	https://www.gesetzblatt.bremen.de/fastmedia/218/2022_03_18_GBl_Nr_0022_signed.pdf	200	application/pdf	308024	https://www.gesetzblatt.bremen.de/fastmedia/218/2022_03_18_GBl_Nr_0022_signed.pdf
2026-10-06T14:30:25Z	https://www.gesetzblatt.bremen.de/fastmedia/218/2022_03_11_GBl_Nr_0021_signed.pdf	200	application/pdf	305913	https://www.gesetzblatt.bremen.de/fastmedia/218/2022_03_11_GBl_Nr_0021_signed.pdf
2026-10-06T14:30:30Z	https://www.gesetzblatt.bremen.de/fastmedia/218/2022_03_08_GBl_Nr_0020_signed.pdf	200	application/pdf	208610	https://www.gesetzblatt.bremen.de/fastmedia/218/2022_03_08_GBl_Nr_0020_signed.pdf
2026-10-06T14:30:35Z	https://www.gesetzblatt.bremen.de/fastmedia/218/2022_02_25_GBl_Nr_0019_signed.pdf	200	application/pdf	225175	https://www.gesetzblatt.bremen.de/fastmedia/218/2022_02_25_GBl_Nr_0019_signed.pdf
2026-10-06T14:30:40Z	https://www.gesetzblatt.bremen.de/fastmedia/218/2022_02_24_GBl_Nr_0018_signed.pdf	200	application/pdf	207900	https://www.gesetzblatt.bremen.de/fastmedia/218/2022_02_24_GBl_Nr_0018_signed.pdf
2026-10-06T14:30:46Z	https://www.gesetzblatt.bremen.de/fastmedia/218/2022_02_23_GBl_Nr_0017_signed.pdf	200	application/pdf	388632	https://www.gesetzblatt.bremen.de/fastmedia/218/2022_02_23_GBl_Nr_0017_signed.pdf
2026-10-06T14:30:51Z	https://www.gesetzblatt.bremen.de/fastmedia/218/2022_02_22_GBl_Nr_0016_signed.pdf	200	application/pdf	213047	https://www.gesetzblatt.bremen.de/fastmedia/218/2022_02_22_GBl_Nr_0016_signed.pdf
2026-10-06T14:30:56Z	https://www.gesetzblatt.bremen.de/fastmedia/218/2022_02_18_GBl_Nr_0015_signed.pdf	200	application/pdf	305232	https://www.gesetzblatt.bremen.de/fastmedia/218/2022_02_18_GBl_Nr_0015_signed.pdf
2026-10-06T14:31:01Z	https://www.gesetzblatt.bremen.de/fastmedia/218/2022_02_18_GBl_Nr_0014_signed.pdf	200	application/pdf	367151	https://www.gesetzblatt.bremen.de/fastmedia/218/2022_02_18_GBl_Nr_0014_signed.pdf
2026-10-06T14:31:07Z	https://www.gesetzblatt.bremen.de/fastmedia/218/2022_02_09_GBl_Nr_0013_signed.pdf	200	application/pdf	314301	https://www.gesetzblatt.bremen.de/fastmedia/218/2022_02_09_GBl_Nr_0013_signed.pdf
2026-10-06T14:31:12Z	https://www.gesetzblatt.bremen.de/fastmedia/218/2022_02_09_GBl_Nr_0012_signed.pdf	200	application/pdf	357779	https://www.gesetzblatt.bremen.de/fastmedia/218/2022_02_09_GBl_Nr_0012_signed.pdf
2026-10-06T14:31:17Z	https://www.gesetzblatt.bremen.de/fastmedia/218/2022_02_08_GBl_Nr_0011_signed.pdf	200	application/pdf	312678	https://www.gesetzblatt.bremen.de/fastmedia/218/2022_02_08_GBl_Nr_0011_signed.pdf
2026-10-06T14:31:23Z	https://www.gesetzblatt.bremen.de/fastmedia/218/2022_02_04_GBl_Nr_0010_signed.pdf	200	application/pdf	318074	https://www.gesetzblatt.bremen.de/fastmedia/218/2022_02_04_GBl_Nr_0010_signed.pdf
2026-10-06T14:31:28Z	https://www.gesetzblatt.bremen.de/fastmedia/218/2022_01_31_GBl_Nr_0009_signed.pdf	200	application/pdf	206247	https://www.gesetzblatt.bremen.de/fastmedia/218/2022_01_31_GBl_Nr_0009_signed.pdf
2026-10-06T14:31:33Z	https://www.gesetzblatt.bremen.de/fastmedia/218/2022_01_27_GBl_Nr_0008_signed.pdf	200	application/pdf	513970	https://www.gesetzblatt.bremen.de/fastmedia/218/2022_01_27_GBl_Nr_0008_signed.pdf
2026-10-06T14:31:38Z	https://www.gesetzblatt.bremen.de/fastmedia/218/2022_01_26_GBl_Nr_0007_signed.pdf	200	application/pdf	311916	https://www.gesetzblatt.bremen.de/fastmedia/218/2022_01_26_GBl_Nr_0007_signed.pdf
2026-10-06T14:31:44Z	https://www.gesetzblatt.bremen.de/fastmedia/218/2022_01_20_GBl_Nr_0006_signed.pdf	200	application/pdf	451528	https://www.gesetzblatt.bremen.de/fastmedia/218/2022_01_20_GBl_Nr_0006_signed.pdf
2026-10-06T14:31:49Z	https://www.gesetzblatt.bremen.de/fastmedia/218/2022_01_17_GBl_Nr_0005_signed.pdf	200	application/pdf	320351	https://www.gesetzblatt.bremen.de/fastmedia/218/2022_01_17_GBl_Nr_0005_signed.pdf
2026-10-06T14:31:54Z	https://www.gesetzblatt.bremen.de/fastmedia/218/2022_01_13_GBl_Nr_0004_signed.pdf	200	application/pdf	214932	https://www.gesetzblatt.bremen.de/fastmedia/218/2022_01_13_GBl_Nr_0004_signed.pdf
2026-10-06T14:31:59Z	https://www.gesetzblatt.bremen.de/fastmedia/218/2022_01_10_GBl_Nr_0003_signed.pdf	200	application/pdf	198346	https://www.gesetzblatt.bremen.de/fastmedia/218/2022_01_10_GBl_Nr_0003_signed.pdf
2026-10-06T14:32:04Z	https://www.gesetzblatt.bremen.de/fastmedia/218/2022_01_07_GBl_Nr_0002_signed.pdf	200	application/pdf	222147	https://www.gesetzblatt.bremen.de/fastmedia/218/2022_01_07_GBl_Nr_0002_signed.pdf
2026-10-06T14:32:09Z	https://www.gesetzblatt.bremen.de/fastmedia/218/2022_01_04_GBl_Nr_0001_signed.pdf	200	application/pdf	200329	https://www.gesetzblatt.bremen.de/fastmedia/218/2022_01_04_GBl_Nr_0001_signed.pdf
2026-10-06T14:32:14Z	https://www.gesetzblatt.bremen.de/fastmedia/218/2021_12_29_GBl_Nr_0158_signed.pdf	200	application/pdf	311284	https://www.gesetzblatt.bremen.de/fastmedia/218/2021_12_29_GBl_Nr_0158_signed.pdf
2026-10-06T14:32:19Z	https://www.gesetzblatt.bremen.de/fastmedia/218/2021_12_28_GBl_Nr_0157_signed.pdf	200	application/pdf	206667	https://www.gesetzblatt.bremen.de/fastmedia/218/2021_12_28_GBl_Nr_0157_signed.pdf
2026-10-06T14:32:25Z	https://www.gesetzblatt.bremen.de/fastmedia/218/2021_12_28_GBl_Nr_0156_signed.pdf	200	application/pdf	316754	https://www.gesetzblatt.bremen.de/fastmedia/218/2021_12_28_GBl_Nr_0156_signed.pdf
2026-10-06T14:32:30Z	https://www.gesetzblatt.bremen.de/fastmedia/218/2021_12_28_GBl_Nr_0155_signed.pdf	200	application/pdf	322552	https://www.gesetzblatt.bremen.de/fastmedia/218/2021_12_28_GBl_Nr_0155_signed.pdf
2026-10-06T14:32:35Z	https://www.gesetzblatt.bremen.de/fastmedia/218/2021_12_28_GBl_Nr_0154_signed.pdf	200	application/pdf	320212	https://www.gesetzblatt.bremen.de/fastmedia/218/2021_12_28_GBl_Nr_0154_signed.pdf
2026-10-06T14:32:43Z	https://www.gesetzblatt.bremen.de/fastmedia/218/2021_12_27_GBl_Nr_0153_signed.pdf	200	application/pdf	1565292	https://www.gesetzblatt.bremen.de/fastmedia/218/2021_12_27_GBl_Nr_0153_signed.pdf
2026-10-06T14:32:48Z	https://www.gesetzblatt.bremen.de/fastmedia/218/2021_12_27_GBl_Nr_0152_signed.pdf	200	application/pdf	308958	https://www.gesetzblatt.bremen.de/fastmedia/218/2021_12_27_GBl_Nr_0152_signed.pdf
2026-10-06T14:32:54Z	https://www.gesetzblatt.bremen.de/fastmedia/218/2021_12_27_GBl_Nr_0151_signed.pdf	200	application/pdf	306804	https://www.gesetzblatt.bremen.de/fastmedia/218/2021_12_27_GBl_Nr_0151_signed.pdf
2026-10-06T14:32:59Z	https://www.gesetzblatt.bremen.de/fastmedia/218/2021_12_27_GBl_Nr_0150_signed.pdf	200	application/pdf	303805	https://www.gesetzblatt.bremen.de/fastmedia/218/2021_12_27_GBl_Nr_0150_signed.pdf
2026-10-06T14:33:04Z	https://www.gesetzblatt.bremen.de/fastmedia/218/2021_12_23_GBl_Nr_0149_signed.pdf	200	application/pdf	334111	https://www.gesetzblatt.bremen.de/fastmedia/218/2021_12_23_GBl_Nr_0149_signed.pdf
2026-10-06T14:33:09Z	https://www.gesetzblatt.bremen.de/fastmedia/218/2021_12_23_GBl_Nr_0148_signed.pdf	200	application/pdf	307707	https://www.gesetzblatt.bremen.de/fastmedia/218/2021_12_23_GBl_Nr_0148_signed.pdf
2026-10-06T14:33:14Z	https://www.gesetzblatt.bremen.de/fastmedia/218/2021_12_23_GBl_Nr_0147_signed.pdf	200	application/pdf	358300	https://www.gesetzblatt.bremen.de/fastmedia/218/2021_12_23_GBl_Nr_0147_signed.pdf
2026-10-06T14:33:20Z	https://www.gesetzblatt.bremen.de/fastmedia/218/2021_12_23_GBl_Nr_0146_signed.pdf	200	application/pdf	323410	https://www.gesetzblatt.bremen.de/fastmedia/218/2021_12_23_GBl_Nr_0146_signed.pdf
2026-10-06T14:33:25Z	https://www.gesetzblatt.bremen.de/fastmedia/218/2021_12_22_GBl_Nr_0145_signed.pdf	200	application/pdf	556018	https://www.gesetzblatt.bremen.de/fastmedia/218/2021_12_22_GBl_Nr_0145_signed.pdf
2026-10-06T14:33:30Z	https://www.gesetzblatt.bremen.de/fastmedia/218/2021_12_22_GBl_Nr_0144_signed.pdf	200	application/pdf	305267	https://www.gesetzblatt.bremen.de/fastmedia/218/2021_12_22_GBl_Nr_0144_signed.pdf
2026-10-06T14:33:36Z	https://www.gesetzblatt.bremen.de/fastmedia/218/2021_12_22_GBl_Nr_0143_signed.pdf	200	application/pdf	411877	https://www.gesetzblatt.bremen.de/fastmedia/218/2021_12_22_GBl_Nr_0143_signed.pdf
2026-10-06T14:33:41Z	https://www.gesetzblatt.bremen.de/fastmedia/218/2021_12_22_GBl_Nr_0142_signed.pdf	200	application/pdf	412707	https://www.gesetzblatt.bremen.de/fastmedia/218/2021_12_22_GBl_Nr_0142_signed.pdf
2026-10-06T14:33:46Z	https://www.gesetzblatt.bremen.de/fastmedia/218/2021_12_21_GBl_Nr_0141_signed.pdf	200	application/pdf	385607	https://www.gesetzblatt.bremen.de/fastmedia/218/2021_12_21_GBl_Nr_0141_signed.pdf
2026-10-06T14:33:52Z	https://www.gesetzblatt.bremen.de/fastmedia/218/2021_12_21_GBl_Nr_0140_signed.pdf	200	application/pdf	406703	https://www.gesetzblatt.bremen.de/fastmedia/218/2021_12_21_GBl_Nr_0140_signed.pdf
2026-10-06T14:33:57Z	https://www.gesetzblatt.bremen.de/fastmedia/218/2021_12_21_GBl_Nr_0139_signed.pdf	200	application/pdf	407080	https://www.gesetzblatt.bremen.de/fastmedia/218/2021_12_21_GBl_Nr_0139_signed.pdf
2026-10-06T14:34:03Z	https://www.gesetzblatt.bremen.de/fastmedia/218/2021_12_21_GBl_Nr_0138_signed.pdf	200	application/pdf	387435	https://www.gesetzblatt.bremen.de/fastmedia/218/2021_12_21_GBl_Nr_0138_signed.pdf
2026-10-06T14:34:08Z	https://www.gesetzblatt.bremen.de/fastmedia/218/2021_12_16_GBl_Nr_0137_signed.pdf	200	application/pdf	208004	https://www.gesetzblatt.bremen.de/fastmedia/218/2021_12_16_GBl_Nr_0137_signed.pdf
2026-10-06T14:34:14Z	https://www.gesetzblatt.bremen.de/fastmedia/218/2021_12_09_GBl_Nr_0136_signed.pdf	200	application/pdf	310102	https://www.gesetzblatt.bremen.de/fastmedia/218/2021_12_09_GBl_Nr_0136_signed.pdf
2026-10-06T14:34:19Z	https://www.gesetzblatt.bremen.de/fastmedia/218/2021_12_08_GBl_Nr_0135_signed.pdf	200	application/pdf	197378	https://www.gesetzblatt.bremen.de/fastmedia/218/2021_12_08_GBl_Nr_0135_signed.pdf
2026-10-06T14:34:29Z	https://www.gesetzblatt.bremen.de/fastmedia/218/2021_12_07_GBl_Nr_0134_signed.pdf	200	application/pdf	2732821	https://www.gesetzblatt.bremen.de/fastmedia/218/2021_12_07_GBl_Nr_0134_signed.pdf
2026-10-06T14:34:34Z	https://www.gesetzblatt.bremen.de/fastmedia/218/2021_12_07_GBl_Nr_0133_signed.pdf	200	application/pdf	367423	https://www.gesetzblatt.bremen.de/fastmedia/218/2021_12_07_GBl_Nr_0133_signed.pdf
2026-10-06T14:34:39Z	https://www.gesetzblatt.bremen.de/fastmedia/218/2021_12_03_GBl_Nr_0132_signed.pdf	200	application/pdf	349771	https://www.gesetzblatt.bremen.de/fastmedia/218/2021_12_03_GBl_Nr_0132_signed.pdf
2026-10-06T14:34:45Z	https://www.gesetzblatt.bremen.de/fastmedia/218/2021_12_03_GBl_Nr_0131_signed.pdf	200	application/pdf	361704	https://www.gesetzblatt.bremen.de/fastmedia/218/2021_12_03_GBl_Nr_0131_signed.pdf
2026-10-06T14:34:50Z	https://www.gesetzblatt.bremen.de/fastmedia/218/2021_12_03_GBl_Nr_0130_signed.pdf	200	application/pdf	327869	https://www.gesetzblatt.bremen.de/fastmedia/218/2021_12_03_GBl_Nr_0130_signed.pdf
2026-10-06T14:34:55Z	https://www.gesetzblatt.bremen.de/fastmedia/218/2021_12_01_GBl_Nr_0129_signed.pdf	200	application/pdf	307709	https://www.gesetzblatt.bremen.de/fastmedia/218/2021_12_01_GBl_Nr_0129_signed.pdf
2026-10-06T14:35:00Z	https://www.gesetzblatt.bremen.de/fastmedia/218/2021_12_01_GBl_Nr_0128_signed.pdf	200	application/pdf	320931	https://www.gesetzblatt.bremen.de/fastmedia/218/2021_12_01_GBl_Nr_0128_signed.pdf
2026-10-06T14:35:05Z	https://www.gesetzblatt.bremen.de/fastmedia/218/2021_11_29_GBl_Nr_0127_signed.pdf	200	application/pdf	423228	https://www.gesetzblatt.bremen.de/fastmedia/218/2021_11_29_GBl_Nr_0127_signed.pdf
2026-10-06T14:35:11Z	https://www.gesetzblatt.bremen.de/fastmedia/218/2021_11_29_GBl_Nr_0126_signed.pdf	200	application/pdf	312389	https://www.gesetzblatt.bremen.de/fastmedia/218/2021_11_29_GBl_Nr_0126_signed.pdf
2026-10-06T14:35:17Z	https://www.gesetzblatt.bremen.de/fastmedia/218/2021_11_26_GBl_Nr_0125_signed.pdf	200	application/pdf	551499	https://www.gesetzblatt.bremen.de/fastmedia/218/2021_11_26_GBl_Nr_0125_signed.pdf
2026-10-06T14:35:21Z	https://www.gesetzblatt.bremen.de/fastmedia/218/2021_11_26_GBl_Nr_0124_signed.pdf	200	application/pdf	202405	https://www.gesetzblatt.bremen.de/fastmedia/218/2021_11_26_GBl_Nr_0124_signed.pdf
2026-10-06T14:35:27Z	https://www.gesetzblatt.bremen.de/fastmedia/218/2021_11_26_GBl_Nr_0123_signed.pdf	200	application/pdf	308632	https://www.gesetzblatt.bremen.de/fastmedia/218/2021_11_26_GBl_Nr_0123_signed.pdf
2026-10-06T14:35:32Z	https://www.gesetzblatt.bremen.de/fastmedia/218/2021_11_26_GBl_Nr_0122_signed.pdf	200	application/pdf	308301	https://www.gesetzblatt.bremen.de/fastmedia/218/2021_11_26_GBl_Nr_0122_signed.pdf
2026-10-06T14:35:37Z	https://www.gesetzblatt.bremen.de/fastmedia/218/2021_11_24_GBl_Nr_0121_signed.pdf	200	application/pdf	329216	https://www.gesetzblatt.bremen.de/fastmedia/218/2021_11_24_GBl_Nr_0121_signed.pdf
2026-10-06T14:35:42Z	https://www.gesetzblatt.bremen.de/fastmedia/218/2021_11_24_GBl_Nr_0120_signed.pdf	200	application/pdf	307216	https://www.gesetzblatt.bremen.de/fastmedia/218/2021_11_24_GBl_Nr_0120_signed.pdf
2026-10-06T14:35:48Z	https://www.gesetzblatt.bremen.de/fastmedia/218/2021_11_24_GBl_Nr_0119_signed.pdf	200	application/pdf	377359	https://www.gesetzblatt.bremen.de/fastmedia/218/2021_11_24_GBl_Nr_0119_signed.pdf
2026-10-06T14:35:53Z	https://www.gesetzblatt.bremen.de/fastmedia/218/2021_11_16_GBl_Nr_0118_signed.pdf	200	application/pdf	304634	https://www.gesetzblatt.bremen.de/fastmedia/218/2021_11_16_GBl_Nr_0118_signed.pdf
2026-10-06T14:35:58Z	https://www.gesetzblatt.bremen.de/fastmedia/218/2021_11_15_GBl_Nr_0117_signed.pdf	200	application/pdf	298336	https://www.gesetzblatt.bremen.de/fastmedia/218/2021_11_15_GBl_Nr_0117_signed.pdf
2026-10-06T14:36:04Z	https://www.gesetzblatt.bremen.de/fastmedia/218/2021_11_12_GBl_Nr_0116_signed.pdf	200	application/pdf	309909	https://www.gesetzblatt.bremen.de/fastmedia/218/2021_11_12_GBl_Nr_0116_signed.pdf
2026-10-06T14:36:09Z	https://www.gesetzblatt.bremen.de/fastmedia/218/2021_11_10_GBl_Nr_0115_signed.pdf	200	application/pdf	316984	https://www.gesetzblatt.bremen.de/fastmedia/218/2021_11_10_GBl_Nr_0115_signed.pdf
2026-10-06T14:36:14Z	https://www.gesetzblatt.bremen.de/fastmedia/218/2021_11_03_GBl_Nr_0114_signed.pdf	200	application/pdf	207699	https://www.gesetzblatt.bremen.de/fastmedia/218/2021_11_03_GBl_Nr_0114_signed.pdf
2026-10-06T14:36:19Z	https://www.gesetzblatt.bremen.de/fastmedia/218/2021_10_28_GBl_Nr_0113_signed.pdf	200	application/pdf	213067	https://www.gesetzblatt.bremen.de/fastmedia/218/2021_10_28_GBl_Nr_0113_signed.pdf
2026-10-06T14:36:24Z	https://www.gesetzblatt.bremen.de/fastmedia/218/2021_10_27_GBl_Nr_0112_signed.pdf	200	application/pdf	237263	https://www.gesetzblatt.bremen.de/fastmedia/218/2021_10_27_GBl_Nr_0112_signed.pdf
2026-10-06T14:36:29Z	https://www.gesetzblatt.bremen.de/fastmedia/218/2021_10_25_GBl_Nr_0111_signed.pdf	200	application/pdf	212960	https://www.gesetzblatt.bremen.de/fastmedia/218/2021_10_25_GBl_Nr_0111_signed.pdf
2026-10-06T14:36:34Z	https://www.gesetzblatt.bremen.de/fastmedia/218/2021_10_25_GBl_Nr_0110_signed.pdf	200	application/pdf	327610	https://www.gesetzblatt.bremen.de/fastmedia/218/2021_10_25_GBl_Nr_0110_signed.pdf
2026-10-06T14:36:40Z	https://www.gesetzblatt.bremen.de/fastmedia/218/2021_10_22_GBl_Nr_0109_signed.pdf	200	application/pdf	312596	https://www.gesetzblatt.bremen.de/fastmedia/218/2021_10_22_GBl_Nr_0109_signed.pdf
2026-10-06T14:36:45Z	https://www.gesetzblatt.bremen.de/fastmedia/218/2021_10_22_GBl_Nr_0108_signed.pdf	200	application/pdf	331779	https://www.gesetzblatt.bremen.de/fastmedia/218/2021_10_22_GBl_Nr_0108_signed.pdf
2026-10-06T14:36:50Z	https://www.gesetzblatt.bremen.de/fastmedia/218/2021_10_22_GBl_Nr_0107_signed.pdf	200	application/pdf	306459	https://www.gesetzblatt.bremen.de/fastmedia/218/2021_10_22_GBl_Nr_0107_signed.pdf
2026-10-06T14:36:56Z	https://www.gesetzblatt.bremen.de/fastmedia/218/2021_10_22_GBl_Nr_0106_signed.pdf	200	application/pdf	208133	https://www.gesetzblatt.bremen.de/fastmedia/218/2021_10_22_GBl_Nr_0106_signed.pdf
2026-10-06T14:37:00Z	https://www.gesetzblatt.bremen.de/fastmedia/218/2021_10_01_GBl_Nr_0105_signed.pdf	200	application/pdf	208017	https://www.gesetzblatt.bremen.de/fastmedia/218/2021_10_01_GBl_Nr_0105_signed.pdf
2026-10-06T14:37:06Z	https://www.gesetzblatt.bremen.de/fastmedia/218/2021_09_30_GBl_Nr_0104_signed.pdf	200	application/pdf	451083	https://www.gesetzblatt.bremen.de/fastmedia/218/2021_09_30_GBl_Nr_0104_signed.pdf
2026-10-06T14:37:11Z	https://www.gesetzblatt.bremen.de/fastmedia/218/2021_09_27_GBl_Nr_0103_signed.pdf	200	application/pdf	334611	https://www.gesetzblatt.bremen.de/fastmedia/218/2021_09_27_GBl_Nr_0103_signed.pdf
2026-10-06T14:37:16Z	https://www.gesetzblatt.bremen.de/fastmedia/218/2021_09_27_GBl_Nr_0102_signed.pdf	200	application/pdf	305996	https://www.gesetzblatt.bremen.de/fastmedia/218/2021_09_27_GBl_Nr_0102_signed.pdf
2026-10-06T14:37:21Z	https://www.gesetzblatt.bremen.de/fastmedia/218/2021_09_16_GBl_Nr_0101_signed.pdf	200	application/pdf	320488	https://www.gesetzblatt.bremen.de/fastmedia/218/2021_09_16_GBl_Nr_0101_signed.pdf
2026-10-06T14:37:27Z	https://www.gesetzblatt.bremen.de/fastmedia/218/2021_09_14_GBl_Nr_0100_signed.pdf	200	application/pdf	370868	https://www.gesetzblatt.bremen.de/fastmedia/218/2021_09_14_GBl_Nr_0100_signed.pdf
2026-10-06T14:37:32Z	https://www.gesetzblatt.bremen.de/fastmedia/218/2021_09_10_GBl_Nr_0099_signed.pdf	200	application/pdf	359102	https://www.gesetzblatt.bremen.de/fastmedia/218/2021_09_10_GBl_Nr_0099_signed.pdf
2026-10-06T14:37:37Z	https://www.gesetzblatt.bremen.de/fastmedia/218/2021_09_09_GBl_Nr_0098_signed.pdf	200	application/pdf	318952	https://www.gesetzblatt.bremen.de/fastmedia/218/2021_09_09_GBl_Nr_0098_signed.pdf
2026-10-06T14:37:42Z	https://www.gesetzblatt.bremen.de/fastmedia/218/2021_08_27_GBl_Nr_0097_signed.pdf	200	application/pdf	206743	https://www.gesetzblatt.bremen.de/fastmedia/218/2021_08_27_GBl_Nr_0097_signed.pdf
2026-10-06T14:37:47Z	https://www.gesetzblatt.bremen.de/fastmedia/218/2021_08_16_GBl_Nr_0096_signed.pdf	200	application/pdf	206122	https://www.gesetzblatt.bremen.de/fastmedia/218/2021_08_16_GBl_Nr_0096_signed.pdf
2026-10-06T14:37:52Z	https://www.gesetzblatt.bremen.de/fastmedia/218/2021_08_11_GBl_Nr_0095_signed.pdf	200	application/pdf	307980	https://www.gesetzblatt.bremen.de/fastmedia/218/2021_08_11_GBl_Nr_0095_signed.pdf
2026-10-06T14:37:58Z	https://www.gesetzblatt.bremen.de/fastmedia/218/2021_08_05_GBl_Nr_0094_signed.pdf	200	application/pdf	210595	https://www.gesetzblatt.bremen.de/fastmedia/218/2021_08_05_GBl_Nr_0094_signed.pdf
2026-10-06T14:38:03Z	https://www.gesetzblatt.bremen.de/fastmedia/218/2021_07_27_GBl_Nr_0093_signed.pdf	200	application/pdf	501237	https://www.gesetzblatt.bremen.de/fastmedia/218/2021_07_27_GBl_Nr_0093_signed.pdf
2026-10-06T14:38:09Z	https://www.gesetzblatt.bremen.de/fastmedia/218/2021_07_27_GBl_Nr_0092_signed.pdf	200	application/pdf	382516	https://www.gesetzblatt.bremen.de/fastmedia/218/2021_07_27_GBl_Nr_0092_signed.pdf
2026-10-06T14:38:14Z	https://www.gesetzblatt.bremen.de/fastmedia/218/2021_07_27_GBl_Nr_0091_signed.pdf	200	application/pdf	381436	https://www.gesetzblatt.bremen.de/fastmedia/218/2021_07_27_GBl_Nr_0091_signed.pdf
2026-10-06T14:38:19Z	https://www.gesetzblatt.bremen.de/fastmedia/218/2021_07_23_GBl_Nr_0090_signed.pdf	200	application/pdf	380171	https://www.gesetzblatt.bremen.de/fastmedia/218/2021_07_23_GBl_Nr_0090_signed.pdf
2026-10-06T14:38:25Z	https://www.gesetzblatt.bremen.de/fastmedia/218/2021_07_23_GBl_Nr_0089_signed.pdf	200	application/pdf	398315	https://www.gesetzblatt.bremen.de/fastmedia/218/2021_07_23_GBl_Nr_0089_signed.pdf
2026-10-06T14:38:30Z	https://www.gesetzblatt.bremen.de/fastmedia/218/2021_07_23_GBl_Nr_0088_signed.pdf	200	application/pdf	506002	https://www.gesetzblatt.bremen.de/fastmedia/218/2021_07_23_GBl_Nr_0088_signed.pdf
2026-10-06T14:38:35Z	https://www.gesetzblatt.bremen.de/fastmedia/218/2021_07_22_GBl_Nr_0087_signed.pdf	200	application/pdf	379973	https://www.gesetzblatt.bremen.de/fastmedia/218/2021_07_22_GBl_Nr_0087_signed.pdf
2026-10-06T14:38:41Z	https://www.gesetzblatt.bremen.de/fastmedia/218/2021_07_22_GBl_Nr_0086_signed.pdf	200	application/pdf	396826	https://www.gesetzblatt.bremen.de/fastmedia/218/2021_07_22_GBl_Nr_0086_signed.pdf
2026-10-06T14:38:46Z	https://www.gesetzblatt.bremen.de/fastmedia/218/2021_07_22_GBl_Nr_0085_signed.pdf	200	application/pdf	386201	https://www.gesetzblatt.bremen.de/fastmedia/218/2021_07_22_GBl_Nr_0085_signed.pdf
2026-10-06T14:38:51Z	https://www.gesetzblatt.bremen.de/fastmedia/218/2021_07_22_GBl_Nr_0084_signed.pdf	200	application/pdf	378216	https://www.gesetzblatt.bremen.de/fastmedia/218/2021_07_22_GBl_Nr_0084_signed.pdf
2026-10-06T14:38:57Z	https://www.gesetzblatt.bremen.de/fastmedia/218/2021_07_21_GBl_Nr_0083_signed.pdf	200	application/pdf	305271	https://www.gesetzblatt.bremen.de/fastmedia/218/2021_07_21_GBl_Nr_0083_signed.pdf
2026-10-06T14:39:02Z	https://www.gesetzblatt.bremen.de/fastmedia/218/2021_07_21_GBl_Nr_0082_signed.pdf	200	application/pdf	439045	https://www.gesetzblatt.bremen.de/fastmedia/218/2021_07_21_GBl_Nr_0082_signed.pdf
2026-10-06T14:39:08Z	https://www.gesetzblatt.bremen.de/fastmedia/218/2021_07_21_GBl_Nr_0081_signed.pdf	200	application/pdf	377965	https://www.gesetzblatt.bremen.de/fastmedia/218/2021_07_21_GBl_Nr_0081_signed.pdf
2026-10-06T14:39:13Z	https://www.gesetzblatt.bremen.de/fastmedia/218/2021_07_21_GBl_Nr_0080_signed.pdf	200	application/pdf	376987	https://www.gesetzblatt.bremen.de/fastmedia/218/2021_07_21_GBl_Nr_0080_signed.pdf
2026-10-06T14:39:18Z	https://www.gesetzblatt.bremen.de/fastmedia/218/2021_07_19_GBl_Nr_0079_signed.pdf	200	application/pdf	544256	https://www.gesetzblatt.bremen.de/fastmedia/218/2021_07_19_GBl_Nr_0079_signed.pdf
2026-10-06T14:39:24Z	https://www.gesetzblatt.bremen.de/fastmedia/218/2021_07_19_GBl_Nr_0078_signed.pdf	200	application/pdf	377750	https://www.gesetzblatt.bremen.de/fastmedia/218/2021_07_19_GBl_Nr_0078_signed.pdf
2026-10-06T14:39:29Z	https://www.gesetzblatt.bremen.de/fastmedia/218/2021_07_16_GBl_Nr_0077_signed.pdf	200	application/pdf	377514	https://www.gesetzblatt.bremen.de/fastmedia/218/2021_07_16_GBl_Nr_0077_signed.pdf
2026-10-06T14:39:34Z	https://www.gesetzblatt.bremen.de/fastmedia/218/2021_07_16_GBl_Nr_0076_signed.pdf	200	application/pdf	274638	https://www.gesetzblatt.bremen.de/fastmedia/218/2021_07_16_GBl_Nr_0076_signed.pdf
2026-10-06T14:39:40Z	https://www.gesetzblatt.bremen.de/fastmedia/218/2021_07_08_GBl_Nr_0075_signed.pdf	200	application/pdf	395993	https://www.gesetzblatt.bremen.de/fastmedia/218/2021_07_08_GBl_Nr_0075_signed.pdf
2026-10-06T14:39:45Z	https://www.gesetzblatt.bremen.de/fastmedia/218/2021_07_06_GBl_Nr_0074_signed.pdf	200	application/pdf	374546	https://www.gesetzblatt.bremen.de/fastmedia/218/2021_07_06_GBl_Nr_0074_signed.pdf
2026-10-06T14:39:50Z	https://www.gesetzblatt.bremen.de/fastmedia/218/2021_06_29_GBl_Nr_0073_signed.pdf	200	application/pdf	275649	https://www.gesetzblatt.bremen.de/fastmedia/218/2021_06_29_GBl_Nr_0073_signed.pdf
2026-10-06T14:39:55Z	https://www.gesetzblatt.bremen.de/fastmedia/218/2021_06_29_GBl_Nr_0072_signed.pdf	200	application/pdf	276785	https://www.gesetzblatt.bremen.de/fastmedia/218/2021_06_29_GBl_Nr_0072_signed.pdf
2026-10-06T14:40:01Z	https://www.gesetzblatt.bremen.de/fastmedia/218/2021_06_23_GBl_Nr_0071_signed.pdf	200	application/pdf	420687	https://www.gesetzblatt.bremen.de/fastmedia/218/2021_06_23_GBl_Nr_0071_signed.pdf
2026-10-06T14:40:06Z	https://www.gesetzblatt.bremen.de/fastmedia/218/2021_06_22_GBl_Nr_0070_signed.pdf	200	application/pdf	439366	https://www.gesetzblatt.bremen.de/fastmedia/218/2021_06_22_GBl_Nr_0070_signed.pdf
2026-10-06T14:40:11Z	https://www.gesetzblatt.bremen.de/fastmedia/218/2021_06_22_GBl_Nr_0069_signed.pdf	200	application/pdf	377682	https://www.gesetzblatt.bremen.de/fastmedia/218/2021_06_22_GBl_Nr_0069_signed.pdf
2026-10-06T14:40:16Z	https://www.gesetzblatt.bremen.de/fastmedia/218/GBl_2021_06_18_Nr_0068_signed.pdf	200	application/pdf	421192	https://www.gesetzblatt.bremen.de/fastmedia/218/GBl_2021_06_18_Nr_0068_signed.pdf
2026-10-06T14:40:22Z	https://www.gesetzblatt.bremen.de/fastmedia/218/2021_06_11_GBl_Nr_0067_signed.pdf	200	application/pdf	378877	https://www.gesetzblatt.bremen.de/fastmedia/218/2021_06_11_GBl_Nr_0067_signed.pdf
2026-10-06T14:40:28Z	https://www.gesetzblatt.bremen.de/fastmedia/218/2021_06_11_GBl_Nr_0066_signed.pdf	200	application/pdf	380670	https://www.gesetzblatt.bremen.de/fastmedia/218/2021_06_11_GBl_Nr_0066_signed.pdf
2026-10-06T14:40:33Z	https://www.gesetzblatt.bremen.de/fastmedia/218/2021_06_11_GBl_Nr_0065_signed.pdf	200	application/pdf	275627	https://www.gesetzblatt.bremen.de/fastmedia/218/2021_06_11_GBl_Nr_0065_signed.pdf
2026-10-06T14:40:38Z	https://www.gesetzblatt.bremen.de/fastmedia/218/2021_06_11_GBl_Nr_0064_signed.pdf	200	application/pdf	275238	https://www.gesetzblatt.bremen.de/fastmedia/218/2021_06_11_GBl_Nr_0064_signed.pdf
2026-10-06T14:40:43Z	https://www.gesetzblatt.bremen.de/fastmedia/218/2021_05_26_GBl_Nr_0063_signed.pdf	200	application/pdf	376438	https://www.gesetzblatt.bremen.de/fastmedia/218/2021_05_26_GBl_Nr_0063_signed.pdf
2026-10-06T14:40:48Z	https://www.gesetzblatt.bremen.de/fastmedia/218/2021_05_26_GBl_Nr_0062_signed.pdf	200	application/pdf	383097	https://www.gesetzblatt.bremen.de/fastmedia/218/2021_05_26_GBl_Nr_0062_signed.pdf
2026-10-06T14:40:54Z	https://www.gesetzblatt.bremen.de/fastmedia/218/2021_05_21_GBl_Nr_0061_signed.pdf	200	application/pdf	481183	https://www.gesetzblatt.bremen.de/fastmedia/218/2021_05_21_GBl_Nr_0061_signed.pdf
2026-10-06T14:41:00Z	https://www.gesetzblatt.bremen.de/fastmedia/218/2021_05_20_GBl_Nr_0060_signed.pdf	200	application/pdf	379523	https://www.gesetzblatt.bremen.de/fastmedia/218/2021_05_20_GBl_Nr_0060_signed.pdf
2026-10-06T14:41:05Z	https://www.gesetzblatt.bremen.de/fastmedia/218/2021_05_19_GBl_Nr_0059_signed.pdf	200	application/pdf	555959	https://www.gesetzblatt.bremen.de/fastmedia/218/2021_05_19_GBl_Nr_0059_signed.pdf
2026-10-06T14:41:10Z	https://www.gesetzblatt.bremen.de/fastmedia/218/2021_05_06_GBl_Nr_0058_signed.pdf	200	application/pdf	392733	https://www.gesetzblatt.bremen.de/fastmedia/218/2021_05_06_GBl_Nr_0058_signed.pdf
2026-10-06T14:41:16Z	https://www.gesetzblatt.bremen.de/fastmedia/218/2021_04_23_GBl_Nr_0057_signed.pdf	200	application/pdf	377412	https://www.gesetzblatt.bremen.de/fastmedia/218/2021_04_23_GBl_Nr_0057_signed.pdf
2026-10-06T14:41:21Z	https://www.gesetzblatt.bremen.de/fastmedia/218/2021_04_23_GBl_Nr_0056_signed.pdf	200	application/pdf	373066	https://www.gesetzblatt.bremen.de/fastmedia/218/2021_04_23_GBl_Nr_0056_signed.pdf
2026-10-06T14:41:27Z	https://www.gesetzblatt.bremen.de/fastmedia/218/2021_04_21_GBl_Nr_0055_signed.pdf	200	application/pdf	570667	https://www.gesetzblatt.bremen.de/fastmedia/218/2021_04_21_GBl_Nr_0055_signed.pdf
2026-10-06T14:41:32Z	https://www.gesetzblatt.bremen.de/fastmedia/218/2021_04_21_GBl_Nr_0054_signed.pdf	200	application/pdf	377404	https://www.gesetzblatt.bremen.de/fastmedia/218/2021_04_21_GBl_Nr_0054_signed.pdf
2026-10-06T14:41:37Z	https://www.gesetzblatt.bremen.de/fastmedia/218/2021_04_21_GBl_Nr_0053_signed.pdf	200	application/pdf	377412	https://www.gesetzblatt.bremen.de/fastmedia/218/2021_04_21_GBl_Nr_0053_signed.pdf
2026-10-06T14:41:42Z	https://www.gesetzblatt.bremen.de/fastmedia/218/2021_04_21_GBl_Nr_0052_signed.pdf	200	application/pdf	378018	https://www.gesetzblatt.bremen.de/fastmedia/218/2021_04_21_GBl_Nr_0052_signed.pdf
2026-10-06T14:41:48Z	https://www.gesetzblatt.bremen.de/fastmedia/218/2021_04_20_GBl_Nr_0051_signed.pdf	200	application/pdf	379715	https://www.gesetzblatt.bremen.de/fastmedia/218/2021_04_20_GBl_Nr_0051_signed.pdf
2026-10-06T14:41:54Z	https://www.gesetzblatt.bremen.de/fastmedia/218/2021_04_16_GBl_Nr_0050_signed.pdf	200	application/pdf	379010	https://www.gesetzblatt.bremen.de/fastmedia/218/2021_04_16_GBl_Nr_0050_signed.pdf
2026-10-06T14:42:00Z	https://www.gesetzblatt.bremen.de/fastmedia/218/2021_04_14_GBl_Nr_0049_signed.pdf	200	application/pdf	380510	https://www.gesetzblatt.bremen.de/fastmedia/218/2021_04_14_GBl_Nr_0049_signed.pdf
2026-10-06T14:42:22Z	https://www.gesetzblatt.bremen.de/fastmedia/218/2021_04_14_GBl_Nr_0048_signed.pdf	200	application/pdf	31512432	https://www.gesetzblatt.bremen.de/fastmedia/218/2021_04_14_GBl_Nr_0048_signed.pdf
2026-10-06T14:42:28Z	https://www.gesetzblatt.bremen.de/fastmedia/218/2021_04_13_GBl_Nr_0047_signed.pdf	200	application/pdf	378128	https://www.gesetzblatt.bremen.de/fastmedia/218/2021_04_13_GBl_Nr_0047_signed.pdf
2026-10-06T14:42:33Z	https://www.gesetzblatt.bremen.de/fastmedia/218/2021_04_13_GBl_Nr_0046_signed.pdf	200	application/pdf	381835	https://www.gesetzblatt.bremen.de/fastmedia/218/2021_04_13_GBl_Nr_0046_signed.pdf
2026-10-06T14:42:39Z	https://www.gesetzblatt.bremen.de/fastmedia/218/2021_04_13_GBl_Nr_0045_signed.pdf	200	application/pdf	1080124	https://www.gesetzblatt.bremen.de/fastmedia/218/2021_04_13_GBl_Nr_0045_signed.pdf
2026-10-06T14:42:44Z	https://www.gesetzblatt.bremen.de/fastmedia/218/2021_04_13_GBl_Nr_0044_signed.pdf	200	application/pdf	374807	https://www.gesetzblatt.bremen.de/fastmedia/218/2021_04_13_GBl_Nr_0044_signed.pdf
2026-10-06T14:42:49Z	https://www.gesetzblatt.bremen.de/fastmedia/218/2021_04_13_GBl_Nr_0043_signed.pdf	200	application/pdf	381453	https://www.gesetzblatt.bremen.de/fastmedia/218/2021_04_13_GBl_Nr_0043_signed.pdf
2026-10-06T14:42:54Z	https://www.gesetzblatt.bremen.de/fastmedia/218/2021_04_09_GBl_Nr_0042_signed.pdf	200	application/pdf	382851	https://www.gesetzblatt.bremen.de/fastmedia/218/2021_04_09_GBl_Nr_0042_signed.pdf
2026-10-06T14:43:00Z	https://www.gesetzblatt.bremen.de/fastmedia/218/2021_04_07_GBl_Nr_0041_signed.pdf	200	application/pdf	376978	https://www.gesetzblatt.bremen.de/fastmedia/218/2021_04_07_GBl_Nr_0041_signed.pdf
2026-10-06T14:43:05Z	https://www.gesetzblatt.bremen.de/fastmedia/218/2021_04_06_GBl_Nr_0040_signed.pdf	200	application/pdf	279423	https://www.gesetzblatt.bremen.de/fastmedia/218/2021_04_06_GBl_Nr_0040_signed.pdf
2026-10-06T14:43:10Z	https://www.gesetzblatt.bremen.de/fastmedia/218/2021_03_31_GBl_Nr_0039_signed.pdf	200	application/pdf	374572	https://www.gesetzblatt.bremen.de/fastmedia/218/2021_03_31_GBl_Nr_0039_signed.pdf
2026-10-06T14:43:15Z	https://www.gesetzblatt.bremen.de/fastmedia/218/2021_03_29_GBl_Nr_0038_signed.pdf	200	application/pdf	390478	https://www.gesetzblatt.bremen.de/fastmedia/218/2021_03_29_GBl_Nr_0038_signed.pdf
2026-10-06T14:43:21Z	https://www.gesetzblatt.bremen.de/fastmedia/218/2021_03_26_GBl_Nr_0037_signed.pdf	200	application/pdf	382755	https://www.gesetzblatt.bremen.de/fastmedia/218/2021_03_26_GBl_Nr_0037_signed.pdf
2026-10-06T14:43:26Z	https://www.gesetzblatt.bremen.de/fastmedia/218/2021_03_24_GBl_Nr_0036_signed.pdf	200	application/pdf	381709	https://www.gesetzblatt.bremen.de/fastmedia/218/2021_03_24_GBl_Nr_0036_signed.pdf
2026-10-06T14:43:32Z	https://www.gesetzblatt.bremen.de/fastmedia/218/2021_03_23_GBl_Nr_0035_signed.pdf	200	application/pdf	384869	https://www.gesetzblatt.bremen.de/fastmedia/218/2021_03_23_GBl_Nr_0035_signed.pdf
2026-10-06T14:43:38Z	https://www.gesetzblatt.bremen.de/fastmedia/218/2021_03_19_GBl_Nr_0034_signed.pdf	200	application/pdf	381043	https://www.gesetzblatt.bremen.de/fastmedia/218/2021_03_19_GBl_Nr_0034_signed.pdf
2026-10-06T14:43:43Z	https://www.gesetzblatt.bremen.de/fastmedia/218/2021_03_09_GBl_Nr_0033_signed.pdf	200	application/pdf	377534	https://www.gesetzblatt.bremen.de/fastmedia/218/2021_03_09_GBl_Nr_0033_signed.pdf
2026-10-06T14:43:49Z	https://www.gesetzblatt.bremen.de/fastmedia/218/2021_03_09_GBl_Nr_0032_signed.pdf	200	application/pdf	374015	https://www.gesetzblatt.bremen.de/fastmedia/218/2021_03_09_GBl_Nr_0032_signed.pdf
2026-10-06T14:43:55Z	https://www.gesetzblatt.bremen.de/fastmedia/218/2021_03_05_GBl_Nr_0031_signed.pdf	200	application/pdf	423160	https://www.gesetzblatt.bremen.de/fastmedia/218/2021_03_05_GBl_Nr_0031_signed.pdf
2026-10-06T14:44:00Z	https://www.gesetzblatt.bremen.de/fastmedia/218/2021_03_02_GBl_Nr_0030_signed.pdf	200	application/pdf	596753	https://www.gesetzblatt.bremen.de/fastmedia/218/2021_03_02_GBl_Nr_0030_signed.pdf
2026-10-06T14:44:08Z	https://www.gesetzblatt.bremen.de/fastmedia/218/2021_03_02_GBl_Nr_0029_signed.pdf	200	application/pdf	2299997	https://www.gesetzblatt.bremen.de/fastmedia/218/2021_03_02_GBl_Nr_0029_signed.pdf
2026-10-06T14:44:13Z	https://www.gesetzblatt.bremen.de/fastmedia/218/2021_03_02_GBl_Nr_0028_signed.pdf	200	application/pdf	286206	https://www.gesetzblatt.bremen.de/fastmedia/218/2021_03_02_GBl_Nr_0028_signed.pdf
2026-10-06T14:44:19Z	https://www.gesetzblatt.bremen.de/fastmedia/218/2021_02_26_GBl_Nr_0027_signed.pdf	200	application/pdf	311919	https://www.gesetzblatt.bremen.de/fastmedia/218/2021_02_26_GBl_Nr_0027_signed.pdf
2026-10-06T14:44:24Z	https://www.gesetzblatt.bremen.de/fastmedia/218/2021_02_26_GBl_Nr_0026_signed.pdf	200	application/pdf	318123	https://www.gesetzblatt.bremen.de/fastmedia/218/2021_02_26_GBl_Nr_0026_signed.pdf
2026-10-06T14:44:29Z	https://www.gesetzblatt.bremen.de/fastmedia/218/2021_02_25_GBl_Nr_0025_signed.pdf	200	application/pdf	317911	https://www.gesetzblatt.bremen.de/fastmedia/218/2021_02_25_GBl_Nr_0025_signed.pdf
2026-10-06T14:44:34Z	https://www.gesetzblatt.bremen.de/fastmedia/218/2021_02_25_GBl_Nr_0024_signed.pdf	200	application/pdf	326594	https://www.gesetzblatt.bremen.de/fastmedia/218/2021_02_25_GBl_Nr_0024_signed.pdf
2026-10-06T14:44:40Z	https://www.gesetzblatt.bremen.de/fastmedia/218/2021_02_25_GBl_Nr_0023_signed.pdf	200	application/pdf	280691	https://www.gesetzblatt.bremen.de/fastmedia/218/2021_02_25_GBl_Nr_0023_signed.pdf
2026-10-06T14:44:45Z	https://www.gesetzblatt.bremen.de/fastmedia/218/2021_02_23_GBl_Nr_0022_signed.pdf	200	application/pdf	217345	https://www.gesetzblatt.bremen.de/fastmedia/218/2021_02_23_GBl_Nr_0022_signed.pdf
2026-10-06T14:44:50Z	https://www.gesetzblatt.bremen.de/fastmedia/218/2021_02_23_GBl_Nr_0021_signed.pdf	200	application/pdf	253109	https://www.gesetzblatt.bremen.de/fastmedia/218/2021_02_23_GBl_Nr_0021_signed.pdf
2026-10-06T14:44:55Z	https://www.gesetzblatt.bremen.de/fastmedia/218/2021_02_23_GBl_Nr_0020_signed.pdf	200	application/pdf	261755	https://www.gesetzblatt.bremen.de/fastmedia/218/2021_02_23_GBl_Nr_0020_signed.pdf
2026-10-06T14:45:00Z	https://www.gesetzblatt.bremen.de/fastmedia/218/2021_02_23_GBl_Nr_0019_signed.pdf	200	application/pdf	247493	https://www.gesetzblatt.bremen.de/fastmedia/218/2021_02_23_GBl_Nr_0019_signed.pdf
2026-10-06T14:45:06Z	https://www.gesetzblatt.bremen.de/fastmedia/218/2021_02_19_GBl_Nr_0018_signed.pdf	200	application/pdf	216232	https://www.gesetzblatt.bremen.de/fastmedia/218/2021_02_19_GBl_Nr_0018_signed.pdf
2026-10-06T14:45:11Z	https://www.gesetzblatt.bremen.de/fastmedia/218/2021_02_16_GBl_Nr_0017_signed.pdf	200	application/pdf	194409	https://www.gesetzblatt.bremen.de/fastmedia/218/2021_02_16_GBl_Nr_0017_signed.pdf
2026-10-06T14:45:16Z	https://www.gesetzblatt.bremen.de/fastmedia/218/2021_02_15_GBl_Nr_0016_signed.pdf	200	application/pdf	193856	https://www.gesetzblatt.bremen.de/fastmedia/218/2021_02_15_GBl_Nr_0016_signed.pdf
2026-10-06T14:45:21Z	https://www.gesetzblatt.bremen.de/fastmedia/218/2021_02_12_GBl_Nr_0015_signed.pdf	200	application/pdf	353971	https://www.gesetzblatt.bremen.de/fastmedia/218/2021_02_12_GBl_Nr_0015_signed.pdf
2026-10-06T14:45:26Z	https://www.gesetzblatt.bremen.de/fastmedia/218/2021_02_03_GBl_Nr_0014_signed.pdf	200	application/pdf	214543	https://www.gesetzblatt.bremen.de/fastmedia/218/2021_02_03_GBl_Nr_0014_signed.pdf
2026-10-06T14:45:32Z	https://www.gesetzblatt.bremen.de/fastmedia/218/2021_02_02_GBl_Nr_0013_signed.pdf	200	application/pdf	298276	https://www.gesetzblatt.bremen.de/fastmedia/218/2021_02_02_GBl_Nr_0013_signed.pdf
2026-10-06T14:45:37Z	https://www.gesetzblatt.bremen.de/fastmedia/218/2021_02_02_GBl_Nr_0012_signed.pdf	200	application/pdf	406786	https://www.gesetzblatt.bremen.de/fastmedia/218/2021_02_02_GBl_Nr_0012_signed.pdf
2026-10-06T14:45:42Z	https://www.gesetzblatt.bremen.de/fastmedia/218/2021_01_28_GBl_Nr_0011_signed.pdf	200	application/pdf	208718	https://www.gesetzblatt.bremen.de/fastmedia/218/2021_01_28_GBl_Nr_0011_signed.pdf
2026-10-06T14:45:47Z	https://www.gesetzblatt.bremen.de/fastmedia/218/2021_01_28_GBl_Nr_0010_signed.pdf	200	application/pdf	202347	https://www.gesetzblatt.bremen.de/fastmedia/218/2021_01_28_GBl_Nr_0010_signed.pdf
2026-10-06T14:45:52Z	https://www.gesetzblatt.bremen.de/fastmedia/218/2021_01_28_GBl_Nr_0009_signed.pdf	200	application/pdf	196692	https://www.gesetzblatt.bremen.de/fastmedia/218/2021_01_28_GBl_Nr_0009_signed.pdf
2026-10-06T14:45:57Z	https://www.gesetzblatt.bremen.de/fastmedia/218/2021_01_22_GBl_Nr_0008_signed.pdf	200	application/pdf	231064	https://www.gesetzblatt.bremen.de/fastmedia/218/2021_01_22_GBl_Nr_0008_signed.pdf
2026-10-06T14:46:02Z	https://www.gesetzblatt.bremen.de/fastmedia/218/2021_01_20_GBl_Nr_0007_signed.pdf	200	application/pdf	194933	https://www.gesetzblatt.bremen.de/fastmedia/218/2021_01_20_GBl_Nr_0007_signed.pdf
2026-10-06T14:46:07Z	https://www.gesetzblatt.bremen.de/fastmedia/218/2021_01_19_GBl_Nr_0006_signed.pdf	200	application/pdf	262260	https://www.gesetzblatt.bremen.de/fastmedia/218/2021_01_19_GBl_Nr_0006_signed.pdf
2026-10-06T14:46:12Z	https://www.gesetzblatt.bremen.de/fastmedia/218/2021_01_15_GBl_Nr_0005_signed.pdf	200	application/pdf	201488	https://www.gesetzblatt.bremen.de/fastmedia/218/2021_01_15_GBl_Nr_0005_signed.pdf
2026-10-06T14:46:17Z	https://www.gesetzblatt.bremen.de/fastmedia/218/2021_01_08_GBl_Nr_0004_signed.pdf	200	application/pdf	409743	https://www.gesetzblatt.bremen.de/fastmedia/218/2021_01_08_GBl_Nr_0004_signed.pdf
2026-10-06T14:46:23Z	https://www.gesetzblatt.bremen.de/fastmedia/218/2021_01_07_GBL_Nr_0003_signed.pdf	200	application/pdf	218022	https://www.gesetzblatt.bremen.de/fastmedia/218/2021_01_07_GBL_Nr_0003_signed.pdf
2026-10-06T14:46:27Z	https://www.gesetzblatt.bremen.de/fastmedia/218/2021_01_07_GBl_Nr_0002_signed.pdf	200	application/pdf	209614	https://www.gesetzblatt.bremen.de/fastmedia/218/2021_01_07_GBl_Nr_0002_signed.pdf
2026-10-06T14:46:32Z	https://www.gesetzblatt.bremen.de/fastmedia/218/2021_01_06_GBl_Nr_0001_signed.pdf	200	application/pdf	189695	https://www.gesetzblatt.bremen.de/fastmedia/218/2021_01_06_GBl_Nr_0001_signed.pdf
2026-10-06T14:46:37Z	https://www.gesetzblatt.bremen.de/fastmedia/218/2020_12_30_GBl_Nr_0176_signed.pdf	200	application/pdf	299453	https://www.gesetzblatt.bremen.de/fastmedia/218/2020_12_30_GBl_Nr_0176_signed.pdf
2026-10-06T14:46:43Z	https://www.gesetzblatt.bremen.de/fastmedia/218/2020_12_30_GBl_Nr_0175_signed.pdf	200	application/pdf	545303	https://www.gesetzblatt.bremen.de/fastmedia/218/2020_12_30_GBl_Nr_0175_signed.pdf
2026-10-06T14:46:48Z	https://www.gesetzblatt.bremen.de/fastmedia/218/2020_12_30_GBl_Nr_0174_signed.pdf	200	application/pdf	201018	https://www.gesetzblatt.bremen.de/fastmedia/218/2020_12_30_GBl_Nr_0174_signed.pdf
2026-10-06T14:46:53Z	https://www.gesetzblatt.bremen.de/fastmedia/218/2020_12_29_GBl_Nr_0173_signed.pdf	200	application/pdf	194816	https://www.gesetzblatt.bremen.de/fastmedia/218/2020_12_29_GBl_Nr_0173_signed.pdf
2026-10-06T14:46:58Z	https://www.gesetzblatt.bremen.de/fastmedia/218/2020_12_29_GBl_Nr_0172_signed.pdf	200	application/pdf	226047	https://www.gesetzblatt.bremen.de/fastmedia/218/2020_12_29_GBl_Nr_0172_signed.pdf
2026-10-06T14:47:03Z	https://www.gesetzblatt.bremen.de/fastmedia/218/2020_12_29_GBl_Nr_0171_signed.pdf	200	application/pdf	198323	https://www.gesetzblatt.bremen.de/fastmedia/218/2020_12_29_GBl_Nr_0171_signed.pdf
2026-10-06T14:47:13Z	https://www.gesetzblatt.bremen.de/fastmedia/218/2020_12_29_GBl_Nr_0170_signed.pdf	200	application/pdf	2105566	https://www.gesetzblatt.bremen.de/fastmedia/218/2020_12_29_GBl_Nr_0170_signed.pdf
2026-10-06T14:47:18Z	https://www.gesetzblatt.bremen.de/fastmedia/218/2020_12_29_GBl_Nr_0169_signed.pdf	200	application/pdf	222821	https://www.gesetzblatt.bremen.de/fastmedia/218/2020_12_29_GBl_Nr_0169_signed.pdf
2026-10-06T14:47:23Z	https://www.gesetzblatt.bremen.de/fastmedia/218/2020_12_28_GBl_Nr_0168_signed.pdf	200	application/pdf	194688	https://www.gesetzblatt.bremen.de/fastmedia/218/2020_12_28_GBl_Nr_0168_signed.pdf
2026-10-06T14:47:28Z	https://www.gesetzblatt.bremen.de/fastmedia/218/2020_12_28_GBl_Nr_0167_signed.12397.pdf	200	application/pdf	236197	https://www.gesetzblatt.bremen.de/fastmedia/218/2020_12_28_GBl_Nr_0167_signed.12397.pdf
2026-10-06T14:47:33Z	https://www.gesetzblatt.bremen.de/fastmedia/218/2020_12_28_GBl_Nr_0166_signed.12396.pdf	200	application/pdf	209893	https://www.gesetzblatt.bremen.de/fastmedia/218/2020_12_28_GBl_Nr_0166_signed.12396.pdf
2026-10-06T14:47:38Z	https://www.gesetzblatt.bremen.de/fastmedia/218/2020_12_28_GBl_Nr_0165_signed.12395.pdf	200	application/pdf	200035	https://www.gesetzblatt.bremen.de/fastmedia/218/2020_12_28_GBl_Nr_0165_signed.12395.pdf
2026-10-06T14:47:44Z	https://www.gesetzblatt.bremen.de/fastmedia/218/2020_12_28_GBl_Nr_0164_signed.12394.pdf	200	application/pdf	202885	https://www.gesetzblatt.bremen.de/fastmedia/218/2020_12_28_GBl_Nr_0164_signed.12394.pdf
2026-10-06T14:47:49Z	https://www.gesetzblatt.bremen.de/fastmedia/218/2020_12_23_GBl_Nr_0163_signed.pdf	200	application/pdf	197608	https://www.gesetzblatt.bremen.de/fastmedia/218/2020_12_23_GBl_Nr_0163_signed.pdf
2026-10-06T14:47:53Z	https://www.gesetzblatt.bremen.de/fastmedia/218/2020_12_22_GBl_Nr_0162_signed.pdf	200	application/pdf	204102	https://www.gesetzblatt.bremen.de/fastmedia/218/2020_12_22_GBl_Nr_0162_signed.pdf
2026-10-06T14:47:58Z	https://www.gesetzblatt.bremen.de/fastmedia/218/2020_12_21_GBl_Nr_0161_signed.pdf	200	application/pdf	194460	https://www.gesetzblatt.bremen.de/fastmedia/218/2020_12_21_GBl_Nr_0161_signed.pdf
2026-10-06T14:48:04Z	https://www.gesetzblatt.bremen.de/fastmedia/218/2020_12_21_GBl_Nr_0160_signed.pdf	200	application/pdf	609667	https://www.gesetzblatt.bremen.de/fastmedia/218/2020_12_21_GBl_Nr_0160_signed.pdf
2026-10-06T14:48:09Z	https://www.gesetzblatt.bremen.de/fastmedia/218/2020_12_21_GBl_Nr_0159_signed.pdf	200	application/pdf	199424	https://www.gesetzblatt.bremen.de/fastmedia/218/2020_12_21_GBl_Nr_0159_signed.pdf
2026-10-06T14:48:14Z	https://www.gesetzblatt.bremen.de/fastmedia/218/2020_12_18_GBl_Nr_0158_signed.pdf	200	application/pdf	201524	https://www.gesetzblatt.bremen.de/fastmedia/218/2020_12_18_GBl_Nr_0158_signed.pdf
2026-10-06T14:48:19Z	https://www.gesetzblatt.bremen.de/fastmedia/218/2020_12_18_GBl_Nr_0157_signed.pdf	200	application/pdf	225772	https://www.gesetzblatt.bremen.de/fastmedia/218/2020_12_18_GBl_Nr_0157_signed.pdf
2026-10-06T14:48:24Z	https://www.gesetzblatt.bremen.de/fastmedia/218/2020_12_15_GBl_Nr_0156_signed.pdf	200	application/pdf	344934	https://www.gesetzblatt.bremen.de/fastmedia/218/2020_12_15_GBl_Nr_0156_signed.pdf
2026-10-06T14:48:29Z	https://www.gesetzblatt.bremen.de/fastmedia/218/2020_12_15_GBl_Nr_0155_signed.pdf	200	application/pdf	212022	https://www.gesetzblatt.bremen.de/fastmedia/218/2020_12_15_GBl_Nr_0155_signed.pdf
2026-10-06T14:48:34Z	https://www.gesetzblatt.bremen.de/fastmedia/218/2020_12_11_GBl_Nr_0154_signed.pdf	200	application/pdf	197900	https://www.gesetzblatt.bremen.de/fastmedia/218/2020_12_11_GBl_Nr_0154_signed.pdf
2026-10-06T14:48:39Z	https://www.gesetzblatt.bremen.de/fastmedia/218/2020_12_11_GBl_Nr_0153_signed.pdf	200	application/pdf	214537	https://www.gesetzblatt.bremen.de/fastmedia/218/2020_12_11_GBl_Nr_0153_signed.pdf
2026-10-06T14:48:45Z	https://www.gesetzblatt.bremen.de/fastmedia/218/2020_12_09_GBl_Nr_0152_signed.pdf	200	application/pdf	216109	https://www.gesetzblatt.bremen.de/fastmedia/218/2020_12_09_GBl_Nr_0152_signed.pdf
2026-10-06T14:48:50Z	https://www.gesetzblatt.bremen.de/fastmedia/218/2020_12_08_GBl_Nr_0151_signed.pdf	200	application/pdf	235809	https://www.gesetzblatt.bremen.de/fastmedia/218/2020_12_08_GBl_Nr_0151_signed.pdf
2026-10-06T14:48:55Z	https://www.gesetzblatt.bremen.de/fastmedia/218/2020_12_08_GBl_Nr_0150_signed.pdf	200	application/pdf	207903	https://www.gesetzblatt.bremen.de/fastmedia/218/2020_12_08_GBl_Nr_0150_signed.pdf
2026-10-06T14:49:00Z	https://www.gesetzblatt.bremen.de/fastmedia/218/2020_12_08_GBl_Nr_0149_signed.pdf	200	application/pdf	221105	https://www.gesetzblatt.bremen.de/fastmedia/218/2020_12_08_GBl_Nr_0149_signed.pdf
2026-10-06T14:49:05Z	https://www.gesetzblatt.bremen.de/fastmedia/218/2020_12_08_GBl_Nr_0148_signed.pdf	200	application/pdf	316414	https://www.gesetzblatt.bremen.de/fastmedia/218/2020_12_08_GBl_Nr_0148_signed.pdf
2026-10-06T14:49:11Z	https://www.gesetzblatt.bremen.de/fastmedia/218/2020_12_07_GBl_Nr_0147_signed.pdf	200	application/pdf	701554	https://www.gesetzblatt.bremen.de/fastmedia/218/2020_12_07_GBl_Nr_0147_signed.pdf
2026-10-06T14:49:17Z	https://www.gesetzblatt.bremen.de/fastmedia/218/2020_12_07_GBl_Nr_0146_signed.pdf	200	application/pdf	194415	https://www.gesetzblatt.bremen.de/fastmedia/218/2020_12_07_GBl_Nr_0146_signed.pdf
2026-10-06T14:49:23Z	https://www.gesetzblatt.bremen.de/fastmedia/218/2020_12_07_GBl_Nr_0145_signed.pdf	200	application/pdf	1059289	https://www.gesetzblatt.bremen.de/fastmedia/218/2020_12_07_GBl_Nr_0145_signed.pdf
2026-10-06T14:49:28Z	https://www.gesetzblatt.bremen.de/fastmedia/218/2020_12_07_GBl_Nr_0144_signed.pdf	200	application/pdf	194734	https://www.gesetzblatt.bremen.de/fastmedia/218/2020_12_07_GBl_Nr_0144_signed.pdf
2026-10-06T14:49:33Z	https://www.gesetzblatt.bremen.de/fastmedia/218/2020_12_04_GBl_Nr_0143_signed.pdf	200	application/pdf	216130	https://www.gesetzblatt.bremen.de/fastmedia/218/2020_12_04_GBl_Nr_0143_signed.pdf
2026-10-06T14:49:39Z	https://www.gesetzblatt.bremen.de/fastmedia/218/2020_12_04_GBl_Nr_0142_signed.pdf	200	application/pdf	309589	https://www.gesetzblatt.bremen.de/fastmedia/218/2020_12_04_GBl_Nr_0142_signed.pdf
2026-10-06T14:49:44Z	https://www.gesetzblatt.bremen.de/fastmedia/218/2020_12_04_GBl_Nr_0141_signed.pdf	200	application/pdf	300699	https://www.gesetzblatt.bremen.de/fastmedia/218/2020_12_04_GBl_Nr_0141_signed.pdf
2026-10-06T14:49:49Z	https://www.gesetzblatt.bremen.de/fastmedia/218/2020_12_04_GBl_Nr_0140_signed.pdf	200	application/pdf	203519	https://www.gesetzblatt.bremen.de/fastmedia/218/2020_12_04_GBl_Nr_0140_signed.pdf
2026-10-06T14:49:54Z	https://www.gesetzblatt.bremen.de/fastmedia/218/2020_12_03_GBl_Nr_0139_signed.pdf	200	application/pdf	281276	https://www.gesetzblatt.bremen.de/fastmedia/218/2020_12_03_GBl_Nr_0139_signed.pdf
2026-10-06T14:49:59Z	https://www.gesetzblatt.bremen.de/fastmedia/218/2020_12_03_GBl_Nr_0138_signed.pdf	200	application/pdf	273465	https://www.gesetzblatt.bremen.de/fastmedia/218/2020_12_03_GBl_Nr_0138_signed.pdf
2026-10-06T14:50:05Z	https://www.gesetzblatt.bremen.de/fastmedia/218/2020_12_03_GBl_Nr_0137_signed.pdf	200	application/pdf	199544	https://www.gesetzblatt.bremen.de/fastmedia/218/2020_12_03_GBl_Nr_0137_signed.pdf
2026-10-06T14:50:10Z	https://www.gesetzblatt.bremen.de/fastmedia/218/2020_12_03_GBl_Nr_0136_signed.pdf	200	application/pdf	249318	https://www.gesetzblatt.bremen.de/fastmedia/218/2020_12_03_GBl_Nr_0136_signed.pdf
2026-10-06T14:50:15Z	https://www.gesetzblatt.bremen.de/fastmedia/218/2020_12_02_GBl_Nr_0135_signed.pdf	200	application/pdf	195399	https://www.gesetzblatt.bremen.de/fastmedia/218/2020_12_02_GBl_Nr_0135_signed.pdf
2026-10-06T14:50:20Z	https://www.gesetzblatt.bremen.de/fastmedia/218/2020_11_30_GBl_Nr_0134_signed.pdf	200	application/pdf	333782	https://www.gesetzblatt.bremen.de/fastmedia/218/2020_11_30_GBl_Nr_0134_signed.pdf
2026-10-06T14:50:25Z	https://www.gesetzblatt.bremen.de/fastmedia/218/2020_11_30_GBl_Nr_0133_signed.pdf	200	application/pdf	194823	https://www.gesetzblatt.bremen.de/fastmedia/218/2020_11_30_GBl_Nr_0133_signed.pdf
2026-10-06T14:50:30Z	https://www.gesetzblatt.bremen.de/fastmedia/218/2020_11_24_GBl_Nr_0132_signed.pdf	200	application/pdf	201496	https://www.gesetzblatt.bremen.de/fastmedia/218/2020_11_24_GBl_Nr_0132_signed.pdf
2026-10-06T14:50:34Z	https://www.gesetzblatt.bremen.de/fastmedia/218/2020_11_19_GBl_Nr_0131_signed.pdf	200	application/pdf	194697	https://www.gesetzblatt.bremen.de/fastmedia/218/2020_11_19_GBl_Nr_0131_signed.pdf
2026-10-06T14:50:39Z	https://www.gesetzblatt.bremen.de/fastmedia/218/2020_11_18_GBl_Nr_0130_signed.pdf	200	application/pdf	195187	https://www.gesetzblatt.bremen.de/fastmedia/218/2020_11_18_GBl_Nr_0130_signed.pdf
2026-10-06T14:50:44Z	https://www.gesetzblatt.bremen.de/fastmedia/218/2020_11_17_GBl_Nr_0129_signed.pdf	200	application/pdf	325690	https://www.gesetzblatt.bremen.de/fastmedia/218/2020_11_17_GBl_Nr_0129_signed.pdf
2026-10-06T14:50:49Z	https://www.gesetzblatt.bremen.de/fastmedia/218/2020_11_17_GBl_Nr_0128_signed.pdf	200	application/pdf	194666	https://www.gesetzblatt.bremen.de/fastmedia/218/2020_11_17_GBl_Nr_0128_signed.pdf
2026-10-06T14:50:54Z	https://www.gesetzblatt.bremen.de/fastmedia/218/2020_11_10_GBl_Nr_0127_signed.pdf	200	application/pdf	323476	https://www.gesetzblatt.bremen.de/fastmedia/218/2020_11_10_GBl_Nr_0127_signed.pdf
2026-10-06T14:50:59Z	https://www.gesetzblatt.bremen.de/fastmedia/218/2020_11_09_GBl_Nr_0126_signed.pdf	200	application/pdf	275577	https://www.gesetzblatt.bremen.de/fastmedia/218/2020_11_09_GBl_Nr_0126_signed.pdf
2026-10-06T14:51:04Z	https://www.gesetzblatt.bremen.de/fastmedia/218/2020_11_03_GBl_Nr_0125_signed.pdf	200	application/pdf	205924	https://www.gesetzblatt.bremen.de/fastmedia/218/2020_11_03_GBl_Nr_0125_signed.pdf
2026-10-06T14:51:09Z	https://www.gesetzblatt.bremen.de/fastmedia/218/2020_11_03_GBl_Nr_0124_signed.pdf	200	application/pdf	213187	https://www.gesetzblatt.bremen.de/fastmedia/218/2020_11_03_GBl_Nr_0124_signed.pdf
2026-10-06T14:51:14Z	https://www.gesetzblatt.bremen.de/fastmedia/218/2020_11_02_GBl_Nr_0123_signed.pdf	200	application/pdf	198968	https://www.gesetzblatt.bremen.de/fastmedia/218/2020_11_02_GBl_Nr_0123_signed.pdf
2026-10-06T14:51:19Z	https://www.gesetzblatt.bremen.de/fastmedia/218/2020_10_31_GBl_Nr_0122_signed.pdf	200	application/pdf	194766	https://www.gesetzblatt.bremen.de/fastmedia/218/2020_10_31_GBl_Nr_0122_signed.pdf
2026-10-06T14:51:24Z	https://www.gesetzblatt.bremen.de/fastmedia/218/2020_10_31_GBl_Nr_0121_signed.pdf	200	application/pdf	360815	https://www.gesetzblatt.bremen.de/fastmedia/218/2020_10_31_GBl_Nr_0121_signed.pdf
2026-10-06T14:51:30Z	https://www.gesetzblatt.bremen.de/fastmedia/218/2020_10_29_GBl_Nr_0120_signed.pdf	200	application/pdf	523377	https://www.gesetzblatt.bremen.de/fastmedia/218/2020_10_29_GBl_Nr_0120_signed.pdf
2026-10-06T14:51:35Z	https://www.gesetzblatt.bremen.de/fastmedia/218/2020_10_26_GBl_Nr_0119_signed.pdf	200	application/pdf	200359	https://www.gesetzblatt.bremen.de/fastmedia/218/2020_10_26_GBl_Nr_0119_signed.pdf
2026-10-06T14:51:40Z	https://www.gesetzblatt.bremen.de/fastmedia/218/2020_10_20_GBl_Nr_0118_signed.pdf	200	application/pdf	198541	https://www.gesetzblatt.bremen.de/fastmedia/218/2020_10_20_GBl_Nr_0118_signed.pdf
2026-10-06T14:51:45Z	https://www.gesetzblatt.bremen.de/fastmedia/218/2020_10_20_GBl_Nr_0117_signed.pdf	200	application/pdf	195061	https://www.gesetzblatt.bremen.de/fastmedia/218/2020_10_20_GBl_Nr_0117_signed.pdf
2026-10-06T14:51:50Z	https://www.gesetzblatt.bremen.de/fastmedia/218/2020_10_16_GBl_Nr_0116_signed.pdf	200	application/pdf	205438	https://www.gesetzblatt.bremen.de/fastmedia/218/2020_10_16_GBl_Nr_0116_signed.pdf
2026-10-06T14:51:55Z	https://www.gesetzblatt.bremen.de/fastmedia/218/2020_10_15_GBl_Nr_0115_signed.pdf	200	application/pdf	238945	https://www.gesetzblatt.bremen.de/fastmedia/218/2020_10_15_GBl_Nr_0115_signed.pdf
2026-10-06T14:52:00Z	https://www.gesetzblatt.bremen.de/fastmedia/218/2020_10_15_GBl_Nr_0114_signed.pdf	200	application/pdf	195486	https://www.gesetzblatt.bremen.de/fastmedia/218/2020_10_15_GBl_Nr_0114_signed.pdf
2026-10-06T14:52:06Z	https://www.gesetzblatt.bremen.de/fastmedia/218/2020_10_15_GBl_Nr_0113_signed.pdf	200	application/pdf	440473	https://www.gesetzblatt.bremen.de/fastmedia/218/2020_10_15_GBl_Nr_0113_signed.pdf
2026-10-06T14:52:11Z	https://www.gesetzblatt.bremen.de/fastmedia/218/2020_10_13_GBl_Nr_0112_signed.pdf	200	application/pdf	200194	https://www.gesetzblatt.bremen.de/fastmedia/218/2020_10_13_GBl_Nr_0112_signed.pdf
2026-10-06T14:52:16Z	https://www.gesetzblatt.bremen.de/fastmedia/218/2020_10_12_GBl_Nr_0111_signed.pdf	200	application/pdf	202301	https://www.gesetzblatt.bremen.de/fastmedia/218/2020_10_12_GBl_Nr_0111_signed.pdf
2026-10-06T14:52:21Z	https://www.gesetzblatt.bremen.de/fastmedia/218/2020_10_08_GBl_Nr_0110_signed.pdf	200	application/pdf	205072	https://www.gesetzblatt.bremen.de/fastmedia/218/2020_10_08_GBl_Nr_0110_signed.pdf
2026-10-06T14:52:26Z	https://www.gesetzblatt.bremen.de/fastmedia/218/2020_10_07_GBl_Nr_0109_signed.pdf	200	application/pdf	329948	https://www.gesetzblatt.bremen.de/fastmedia/218/2020_10_07_GBl_Nr_0109_signed.pdf
2026-10-06T14:52:37Z	https://www.gesetzblatt.bremen.de/fastmedia/218/2020_10_07_GBl_Nr_0108_signed.pdf	200	application/pdf	16647843	https://www.gesetzblatt.bremen.de/fastmedia/218/2020_10_07_GBl_Nr_0108_signed.pdf
2026-10-06T14:52:42Z	https://www.gesetzblatt.bremen.de/fastmedia/218/2020_10_07_GBl_Nr_0107_signed.pdf	200	application/pdf	197608	https://www.gesetzblatt.bremen.de/fastmedia/218/2020_10_07_GBl_Nr_0107_signed.pdf
2026-10-06T14:52:47Z	https://www.gesetzblatt.bremen.de/fastmedia/218/2020_10_07_GBl_Nr_0106_signed.pdf	200	application/pdf	218703	https://www.gesetzblatt.bremen.de/fastmedia/218/2020_10_07_GBl_Nr_0106_signed.pdf
2026-10-06T14:52:52Z	https://www.gesetzblatt.bremen.de/fastmedia/218/2020_10_02_GBl_Nr_0105_signed.pdf	200	application/pdf	238521	https://www.gesetzblatt.bremen.de/fastmedia/218/2020_10_02_GBl_Nr_0105_signed.pdf
2026-10-06T14:52:58Z	https://www.gesetzblatt.bremen.de/fastmedia/218/2020_10_02_GBl_Nr_0104_signed.pdf	200	application/pdf	229805	https://www.gesetzblatt.bremen.de/fastmedia/218/2020_10_02_GBl_Nr_0104_signed.pdf
2026-10-06T14:53:02Z	https://www.gesetzblatt.bremen.de/fastmedia/218/2020_10_02_GBl_Nr_0103_signed.pdf	200	application/pdf	208140	https://www.gesetzblatt.bremen.de/fastmedia/218/2020_10_02_GBl_Nr_0103_signed.pdf
2026-10-06T14:53:08Z	https://www.gesetzblatt.bremen.de/fastmedia/218/2020_10_01_GBl_Nr_0102_signed.pdf	200	application/pdf	201547	https://www.gesetzblatt.bremen.de/fastmedia/218/2020_10_01_GBl_Nr_0102_signed.pdf
2026-10-06T14:53:13Z	https://www.gesetzblatt.bremen.de/fastmedia/218/2020_10_01_GBl_Nr_0101_signed.pdf	200	application/pdf	226887	https://www.gesetzblatt.bremen.de/fastmedia/218/2020_10_01_GBl_Nr_0101_signed.pdf
2026-10-06T14:53:18Z	https://www.gesetzblatt.bremen.de/fastmedia/218/2020_10_01_GBl_Nr_0100_signed.pdf	200	application/pdf	200309	https://www.gesetzblatt.bremen.de/fastmedia/218/2020_10_01_GBl_Nr_0100_signed.pdf
2026-10-06T14:53:23Z	https://www.gesetzblatt.bremen.de/fastmedia/218/2020_09_28_GBl_Nr_0099_signed.pdf	200	application/pdf	213311	https://www.gesetzblatt.bremen.de/fastmedia/218/2020_09_28_GBl_Nr_0099_signed.pdf
2026-10-06T14:53:28Z	https://www.gesetzblatt.bremen.de/fastmedia/218/2020_09_15_GBl_Nr_0098_signed.pdf	200	application/pdf	323246	https://www.gesetzblatt.bremen.de/fastmedia/218/2020_09_15_GBl_Nr_0098_signed.pdf
2026-10-06T14:53:33Z	https://www.gesetzblatt.bremen.de/fastmedia/218/2020_09_11_GBl_Nr_0097_signed.pdf	200	application/pdf	195200	https://www.gesetzblatt.bremen.de/fastmedia/218/2020_09_11_GBl_Nr_0097_signed.pdf
2026-10-06T14:53:38Z	https://www.gesetzblatt.bremen.de/fastmedia/218/2020_09_10_GBl_Nr_0096_signed.pdf	200	application/pdf	195213	https://www.gesetzblatt.bremen.de/fastmedia/218/2020_09_10_GBl_Nr_0096_signed.pdf
2026-10-06T14:53:44Z	https://www.gesetzblatt.bremen.de/fastmedia/218/2020_09_08_GBl_Nr_0095_signed.pdf	200	application/pdf	323789	https://www.gesetzblatt.bremen.de/fastmedia/218/2020_09_08_GBl_Nr_0095_signed.pdf
2026-10-06T14:53:49Z	https://www.gesetzblatt.bremen.de/fastmedia/218/2020_09_07_GBl_Nr_0094_signed.pdf	200	application/pdf	217449	https://www.gesetzblatt.bremen.de/fastmedia/218/2020_09_07_GBl_Nr_0094_signed.pdf
2026-10-06T14:53:54Z	https://www.gesetzblatt.bremen.de/fastmedia/218/2020_09_02_GBl_Nr_0093_signed.pdf	200	application/pdf	320918	https://www.gesetzblatt.bremen.de/fastmedia/218/2020_09_02_GBl_Nr_0093_signed.pdf
2026-10-06T14:53:59Z	https://www.gesetzblatt.bremen.de/fastmedia/218/2020_08_31_GBl_Nr_0092_signed.pdf	200	application/pdf	194730	https://www.gesetzblatt.bremen.de/fastmedia/218/2020_08_31_GBl_Nr_0092_signed.pdf
2026-10-06T14:54:04Z	https://www.gesetzblatt.bremen.de/fastmedia/218/2020_08_31_GBl_Nr_0091_signed.pdf	200	application/pdf	197882	https://www.gesetzblatt.bremen.de/fastmedia/218/2020_08_31_GBl_Nr_0091_signed.pdf
2026-10-06T14:54:10Z	https://www.gesetzblatt.bremen.de/fastmedia/218/2020_08_31_GBl_Nr_0090_signed.pdf	200	application/pdf	286175	https://www.gesetzblatt.bremen.de/fastmedia/218/2020_08_31_GBl_Nr_0090_signed.pdf
2026-10-06T14:54:15Z	https://www.gesetzblatt.bremen.de/fastmedia/218/2020_08_31_GBl_Nr_0089_signed.pdf	200	application/pdf	213639	https://www.gesetzblatt.bremen.de/fastmedia/218/2020_08_31_GBl_Nr_0089_signed.pdf
2026-10-06T14:54:20Z	https://www.gesetzblatt.bremen.de/fastmedia/218/2020_08_28_GBl_Nr_0088_signed.pdf	200	application/pdf	218063	https://www.gesetzblatt.bremen.de/fastmedia/218/2020_08_28_GBl_Nr_0088_signed.pdf
2026-10-06T14:54:26Z	https://www.gesetzblatt.bremen.de/fastmedia/218/2020_08_28_GBl_Nr_0087_signed.pdf	200	application/pdf	281492	https://www.gesetzblatt.bremen.de/fastmedia/218/2020_08_28_GBl_Nr_0087_signed.pdf
2026-10-06T14:54:30Z	https://www.gesetzblatt.bremen.de/fastmedia/218/2020_08_27_GBl_Nr_0086_signed.pdf	200	application/pdf	195387	https://www.gesetzblatt.bremen.de/fastmedia/218/2020_08_27_GBl_Nr_0086_signed.pdf
2026-10-06T14:54:35Z	https://www.gesetzblatt.bremen.de/fastmedia/218/2020_08_27_GBl_Nr_0085_signed.pdf	200	application/pdf	190284	https://www.gesetzblatt.bremen.de/fastmedia/218/2020_08_27_GBl_Nr_0085_signed.pdf
2026-10-06T14:54:41Z	https://www.gesetzblatt.bremen.de/fastmedia/218/2020_08_25_GBl_Nr_0084_signed.pdf	200	application/pdf	319592	https://www.gesetzblatt.bremen.de/fastmedia/218/2020_08_25_GBl_Nr_0084_signed.pdf
2026-10-06T14:54:47Z	https://www.gesetzblatt.bremen.de/fastmedia/218/2020_08_21_GBl_Nr_0083_signed.pdf	200	application/pdf	372235	https://www.gesetzblatt.bremen.de/fastmedia/218/2020_08_21_GBl_Nr_0083_signed.pdf
2026-10-06T14:54:52Z	https://www.gesetzblatt.bremen.de/fastmedia/218/2020_08_06_GBl_Nr_0082_signed.pdf	200	application/pdf	317152	https://www.gesetzblatt.bremen.de/fastmedia/218/2020_08_06_GBl_Nr_0082_signed.pdf
2026-10-06T14:54:57Z	https://www.gesetzblatt.bremen.de/fastmedia/218/2020_08_04_GBl_Nr_0081_signed.pdf	200	application/pdf	198857	https://www.gesetzblatt.bremen.de/fastmedia/218/2020_08_04_GBl_Nr_0081_signed.pdf
2026-10-06T14:55:02Z	https://www.gesetzblatt.bremen.de/fastmedia/218/2020_07_31_GBl_Nr_0080_signed.pdf	200	application/pdf	379137	https://www.gesetzblatt.bremen.de/fastmedia/218/2020_07_31_GBl_Nr_0080_signed.pdf
2026-10-06T14:55:07Z	https://www.gesetzblatt.bremen.de/fastmedia/218/2020_07_27_GBl_Nr_0079_signed.pdf	200	application/pdf	194240	https://www.gesetzblatt.bremen.de/fastmedia/218/2020_07_27_GBl_Nr_0079_signed.pdf
2026-10-06T14:55:13Z	https://www.gesetzblatt.bremen.de/fastmedia/218/2020_07_27_GBl_Nr_0078_signed.pdf	200	application/pdf	220477	https://www.gesetzblatt.bremen.de/fastmedia/218/2020_07_27_GBl_Nr_0078_signed.pdf
2026-10-06T14:55:18Z	https://www.gesetzblatt.bremen.de/fastmedia/218/2020_07_23_GBl_Nr_0077_signed.pdf	200	application/pdf	200256	https://www.gesetzblatt.bremen.de/fastmedia/218/2020_07_23_GBl_Nr_0077_signed.pdf
2026-10-06T14:55:23Z	https://www.gesetzblatt.bremen.de/fastmedia/218/2020_07_23_GBl_Nr_0076_signed.pdf	200	application/pdf	197378	https://www.gesetzblatt.bremen.de/fastmedia/218/2020_07_23_GBl_Nr_0076_signed.pdf
2026-10-06T14:55:29Z	https://www.gesetzblatt.bremen.de/fastmedia/218/2020_07_23_GBl_Nr_0075_signed.pdf	200	application/pdf	491378	https://www.gesetzblatt.bremen.de/fastmedia/218/2020_07_23_GBl_Nr_0075_signed.pdf
2026-10-06T14:55:35Z	https://www.gesetzblatt.bremen.de/fastmedia/218/2020_07_23_GBl_Nr_0074_signed.pdf	200	application/pdf	257875	https://www.gesetzblatt.bremen.de/fastmedia/218/2020_07_23_GBl_Nr_0074_signed.pdf
2026-10-06T14:55:40Z	https://www.gesetzblatt.bremen.de/fastmedia/218/2020_07_22_GBl_Nr_0073_signed.pdf	200	application/pdf	285700	https://www.gesetzblatt.bremen.de/fastmedia/218/2020_07_22_GBl_Nr_0073_signed.pdf
2026-10-06T14:55:45Z	https://www.gesetzblatt.bremen.de/fastmedia/218/2020_07_22_GBl_Nr_0072_signed.pdf	200	application/pdf	312854	https://www.gesetzblatt.bremen.de/fastmedia/218/2020_07_22_GBl_Nr_0072_signed.pdf
2026-10-06T14:55:50Z	https://www.gesetzblatt.bremen.de/fastmedia/218/2020_07_22_GBl_Nr_0071_signed.pdf	200	application/pdf	279815	https://www.gesetzblatt.bremen.de/fastmedia/218/2020_07_22_GBl_Nr_0071_signed.pdf
2026-10-06T14:55:55Z	https://www.gesetzblatt.bremen.de/fastmedia/218/2020_07_22_GBl_Nr_0070_signed.pdf	200	application/pdf	270878	https://www.gesetzblatt.bremen.de/fastmedia/218/2020_07_22_GBl_Nr_0070_signed.pdf
2026-10-06T14:56:01Z	https://www.gesetzblatt.bremen.de/fastmedia/218/2020_07_21_GBl_Nr_0069_signed.pdf	200	application/pdf	265288	https://www.gesetzblatt.bremen.de/fastmedia/218/2020_07_21_GBl_Nr_0069_signed.pdf
2026-10-06T14:56:06Z	https://www.gesetzblatt.bremen.de/fastmedia/218/2020_07_21_GBl_Nr_0068_signed.pdf	200	application/pdf	214570	https://www.gesetzblatt.bremen.de/fastmedia/218/2020_07_21_GBl_Nr_0068_signed.pdf
2026-10-06T14:56:11Z	https://www.gesetzblatt.bremen.de/fastmedia/218/2020_07_21_GBl_Nr_0067_signed.pdf	200	application/pdf	396600	https://www.gesetzblatt.bremen.de/fastmedia/218/2020_07_21_GBl_Nr_0067_signed.pdf
2026-10-06T14:56:16Z	https://www.gesetzblatt.bremen.de/fastmedia/218/2020_07_21_GBl_Nr_0066_signed.pdf	200	application/pdf	200083	https://www.gesetzblatt.bremen.de/fastmedia/218/2020_07_21_GBl_Nr_0066_signed.pdf
2026-10-06T14:56:21Z	https://www.gesetzblatt.bremen.de/fastmedia/218/2020_07_14_GBl_Nr_0065_signed.pdf	200	application/pdf	285762	https://www.gesetzblatt.bremen.de/fastmedia/218/2020_07_14_GBl_Nr_0065_signed.pdf
2026-10-06T14:56:26Z	https://www.gesetzblatt.bremen.de/fastmedia/218/2020_07_14_GBl_Nr_0064_signed.pdf	200	application/pdf	234405	https://www.gesetzblatt.bremen.de/fastmedia/218/2020_07_14_GBl_Nr_0064_signed.pdf
2026-10-06T14:56:31Z	https://www.gesetzblatt.bremen.de/fastmedia/218/2020_07_13_GBl_Nr_0063_signed.pdf	200	application/pdf	224850	https://www.gesetzblatt.bremen.de/fastmedia/218/2020_07_13_GBl_Nr_0063_signed.pdf
2026-10-06T14:56:37Z	https://www.gesetzblatt.bremen.de/fastmedia/218/2020_07_13_GBl_Nr_0062_signed.pdf	200	application/pdf	267639	https://www.gesetzblatt.bremen.de/fastmedia/218/2020_07_13_GBl_Nr_0062_signed.pdf
2026-10-06T14:56:42Z	https://www.gesetzblatt.bremen.de/fastmedia/218/2020_07_08_GBl_Nr_0061_signed.pdf	200	application/pdf	229591	https://www.gesetzblatt.bremen.de/fastmedia/218/2020_07_08_GBl_Nr_0061_signed.pdf
2026-10-06T14:56:47Z	https://www.gesetzblatt.bremen.de/fastmedia/218/2020_07_03_GBl_Nr_0060_signed.pdf	200	application/pdf	199799	https://www.gesetzblatt.bremen.de/fastmedia/218/2020_07_03_GBl_Nr_0060_signed.pdf
2026-10-06T14:56:52Z	https://www.gesetzblatt.bremen.de/fastmedia/218/2020_07_01_GBl_Nr_0059_signed.pdf	200	application/pdf	283507	https://www.gesetzblatt.bremen.de/fastmedia/218/2020_07_01_GBl_Nr_0059_signed.pdf
2026-10-06T14:56:57Z	https://www.gesetzblatt.bremen.de/fastmedia/218/2020_06_30_GBl_Nr_0058_signed.pdf	200	application/pdf	291751	https://www.gesetzblatt.bremen.de/fastmedia/218/2020_06_30_GBl_Nr_0058_signed.pdf
2026-10-06T14:57:02Z	https://www.gesetzblatt.bremen.de/fastmedia/218/2020_06_25_GBl_Nr_0057_signed.pdf	200	application/pdf	322580	https://www.gesetzblatt.bremen.de/fastmedia/218/2020_06_25_GBl_Nr_0057_signed.pdf
2026-10-06T14:57:07Z	https://www.gesetzblatt.bremen.de/fastmedia/218/2020_06_23_GBl_Nr_0056_signed.pdf	200	application/pdf	209588	https://www.gesetzblatt.bremen.de/fastmedia/218/2020_06_23_GBl_Nr_0056_signed.pdf
2026-10-06T14:57:12Z	https://www.gesetzblatt.bremen.de/fastmedia/218/2020_06_23_GBl_Nr_0055_signed.pdf	200	application/pdf	214945	https://www.gesetzblatt.bremen.de/fastmedia/218/2020_06_23_GBl_Nr_0055_signed.pdf
2026-10-06T14:57:18Z	https://www.gesetzblatt.bremen.de/fastmedia/218/2020_06_23_GBl_Nr_0054_signed.pdf	200	application/pdf	221578	https://www.gesetzblatt.bremen.de/fastmedia/218/2020_06_23_GBl_Nr_0054_signed.pdf
2026-10-06T14:57:23Z	https://www.gesetzblatt.bremen.de/fastmedia/218/2020_06_22_GBl_Nr_0053_signed.pdf	200	application/pdf	198185	https://www.gesetzblatt.bremen.de/fastmedia/218/2020_06_22_GBl_Nr_0053_signed.pdf
2026-10-06T14:57:28Z	https://www.gesetzblatt.bremen.de/fastmedia/218/2020_06_22_GBl_Nr_0052_signed.pdf	200	application/pdf	197179	https://www.gesetzblatt.bremen.de/fastmedia/218/2020_06_22_GBl_Nr_0052_signed.pdf
2026-10-06T14:57:33Z	https://www.gesetzblatt.bremen.de/fastmedia/218/2020_06_17_GBl_Nr_0051_signed.pdf	200	application/pdf	195143	https://www.gesetzblatt.bremen.de/fastmedia/218/2020_06_17_GBl_Nr_0051_signed.pdf
2026-10-06T14:57:38Z	https://www.gesetzblatt.bremen.de/fastmedia/218/2020_06_16_GBl_Nr_0050_signed.pdf	200	application/pdf	321443	https://www.gesetzblatt.bremen.de/fastmedia/218/2020_06_16_GBl_Nr_0050_signed.pdf
2026-10-06T14:57:43Z	https://www.gesetzblatt.bremen.de/fastmedia/218/2020_06_15_GBl_Nr_0049_signed.pdf	200	application/pdf	211882	https://www.gesetzblatt.bremen.de/fastmedia/218/2020_06_15_GBl_Nr_0049_signed.pdf
2026-10-06T14:57:48Z	https://www.gesetzblatt.bremen.de/fastmedia/218/2020_06_11_GBl_Nr_0048_signed.pdf	200	application/pdf	198523	https://www.gesetzblatt.bremen.de/fastmedia/218/2020_06_11_GBl_Nr_0048_signed.pdf
2026-10-06T14:57:54Z	https://www.gesetzblatt.bremen.de/fastmedia/218/2020_06_09_GBl_Nr_0047_signed.pdf	200	application/pdf	323868	https://www.gesetzblatt.bremen.de/fastmedia/218/2020_06_09_GBl_Nr_0047_signed.pdf
2026-10-06T14:57:59Z	https://www.gesetzblatt.bremen.de/fastmedia/218/2020_06_09_GBl_Nr_0046_signed.pdf	200	application/pdf	229913	https://www.gesetzblatt.bremen.de/fastmedia/218/2020_06_09_GBl_Nr_0046_signed.pdf
2026-10-06T14:58:04Z	https://www.gesetzblatt.bremen.de/fastmedia/218/2020_06_02_GBl_Nr_0045_signed.pdf	200	application/pdf	318295	https://www.gesetzblatt.bremen.de/fastmedia/218/2020_06_02_GBl_Nr_0045_signed.pdf
2026-10-06T14:58:09Z	https://www.gesetzblatt.bremen.de/fastmedia/218/2020_05_28_GBl_Nr_0044_signed.pdf	200	application/pdf	212164	https://www.gesetzblatt.bremen.de/fastmedia/218/2020_05_28_GBl_Nr_0044_signed.pdf
2026-10-06T14:58:14Z	https://www.gesetzblatt.bremen.de/fastmedia/218/2020_05_26_GBl_Nr_0043_signed.pdf	200	application/pdf	314218	https://www.gesetzblatt.bremen.de/fastmedia/218/2020_05_26_GBl_Nr_0043_signed.pdf
2026-10-06T14:58:19Z	https://www.gesetzblatt.bremen.de/fastmedia/218/2020_05_22_GBl_Nr_0042_signed.pdf	200	application/pdf	197299	https://www.gesetzblatt.bremen.de/fastmedia/218/2020_05_22_GBl_Nr_0042_signed.pdf
2026-10-06T14:58:24Z	https://www.gesetzblatt.bremen.de/fastmedia/218/2020_05_22_GBl_Nr_0041_signed.pdf	200	application/pdf	238882	https://www.gesetzblatt.bremen.de/fastmedia/218/2020_05_22_GBl_Nr_0041_signed.pdf
2026-10-06T14:58:29Z	https://www.gesetzblatt.bremen.de/fastmedia/218/2020_05_22_GBl_Nr_0040_signed.pdf	200	application/pdf	210035	https://www.gesetzblatt.bremen.de/fastmedia/218/2020_05_22_GBl_Nr_0040_signed.pdf
2026-10-06T14:58:35Z	https://www.gesetzblatt.bremen.de/fastmedia/218/2020_05_19_GBl_Nr_0039_signed.pdf	200	application/pdf	303924	https://www.gesetzblatt.bremen.de/fastmedia/218/2020_05_19_GBl_Nr_0039_signed.pdf
2026-10-06T14:58:41Z	https://www.gesetzblatt.bremen.de/fastmedia/218/2020_05_14_GBl_Nr_0038_signed.pdf	200	application/pdf	284761	https://www.gesetzblatt.bremen.de/fastmedia/218/2020_05_14_GBl_Nr_0038_signed.pdf
2026-10-06T14:58:46Z	https://www.gesetzblatt.bremen.de/fastmedia/218/2020_05_13_GBl_Nr_0037_signed.pdf	200	application/pdf	209903	https://www.gesetzblatt.bremen.de/fastmedia/218/2020_05_13_GBl_Nr_0037_signed.pdf
2026-10-06T14:58:50Z	https://www.gesetzblatt.bremen.de/fastmedia/218/2020_05_13_GBl_Nr_0036_signed.pdf	200	application/pdf	195175	https://www.gesetzblatt.bremen.de/fastmedia/218/2020_05_13_GBl_Nr_0036_signed.pdf
2026-10-06T14:58:56Z	https://www.gesetzblatt.bremen.de/fastmedia/218/2020_05_12_GBl_Nr_0035_signed.pdf	200	application/pdf	220002	https://www.gesetzblatt.bremen.de/fastmedia/218/2020_05_12_GBl_Nr_0035_signed.pdf
2026-10-06T14:59:01Z	https://www.gesetzblatt.bremen.de/fastmedia/218/2020_05_12_GBl_Nr_0034_signed.pdf	200	application/pdf	299137	https://www.gesetzblatt.bremen.de/fastmedia/218/2020_05_12_GBl_Nr_0034_signed.pdf
2026-10-06T14:59:07Z	https://www.gesetzblatt.bremen.de/fastmedia/218/2020_05_08_GBl_Nr_0033_signed.pdf	200	application/pdf	223998	https://www.gesetzblatt.bremen.de/fastmedia/218/2020_05_08_GBl_Nr_0033_signed.pdf
2026-10-06T14:59:12Z	https://www.gesetzblatt.bremen.de/fastmedia/218/2020_05_05_GBl_Nr_0032_signed.pdf	200	application/pdf	279226	https://www.gesetzblatt.bremen.de/fastmedia/218/2020_05_05_GBl_Nr_0032_signed.pdf
2026-10-06T14:59:17Z	https://www.gesetzblatt.bremen.de/fastmedia/218/2020_04_29_GBl_Nr_0031_signed.pdf	200	application/pdf	206367	https://www.gesetzblatt.bremen.de/fastmedia/218/2020_04_29_GBl_Nr_0031_signed.pdf
2026-10-06T14:59:22Z	https://www.gesetzblatt.bremen.de/fastmedia/218/2020_04_29_GBl_Nr_0030_signed.pdf	200	application/pdf	222782	https://www.gesetzblatt.bremen.de/fastmedia/218/2020_04_29_GBl_Nr_0030_signed.pdf
2026-10-06T14:59:27Z	https://www.gesetzblatt.bremen.de/fastmedia/218/2020_04_27_GBl_Nr_0029_signed.pdf	200	application/pdf	236111	https://www.gesetzblatt.bremen.de/fastmedia/218/2020_04_27_GBl_Nr_0029_signed.pdf
2026-10-06T14:59:32Z	https://www.gesetzblatt.bremen.de/fastmedia/218/2020_04_24_GBl_Nr_0028_signed.pdf	200	application/pdf	200581	https://www.gesetzblatt.bremen.de/fastmedia/218/2020_04_24_GBl_Nr_0028_signed.pdf
2026-10-06T14:59:37Z	https://www.gesetzblatt.bremen.de/fastmedia/218/2020_04_21_GBl_Nr_0027_signed.pdf	200	application/pdf	200023	https://www.gesetzblatt.bremen.de/fastmedia/218/2020_04_21_GBl_Nr_0027_signed.pdf
2026-10-06T14:59:42Z	https://www.gesetzblatt.bremen.de/fastmedia/218/2020_04_17_GBl_Nr_0026_signed.pdf	200	application/pdf	273740	https://www.gesetzblatt.bremen.de/fastmedia/218/2020_04_17_GBl_Nr_0026_signed.pdf
2026-10-06T14:59:48Z	https://www.gesetzblatt.bremen.de/fastmedia/218/2020_04_16_GBl_Nr_0025_signed.pdf	200	application/pdf	215289	https://www.gesetzblatt.bremen.de/fastmedia/218/2020_04_16_GBl_Nr_0025_signed.pdf
2026-10-06T14:59:52Z	https://www.gesetzblatt.bremen.de/fastmedia/218/2020_04_14_GBl_Nr_0024_signed.pdf	200	application/pdf	198087	https://www.gesetzblatt.bremen.de/fastmedia/218/2020_04_14_GBl_Nr_0024_signed.pdf
2026-10-06T14:59:57Z	https://www.gesetzblatt.bremen.de/fastmedia/218/2020_04_09_GBl_Nr_0023_signed.pdf	200	application/pdf	209274	https://www.gesetzblatt.bremen.de/fastmedia/218/2020_04_09_GBl_Nr_0023_signed.pdf
2026-10-06T15:00:03Z	https://www.gesetzblatt.bremen.de/fastmedia/218/2020_04_07_GBl_Nr_0022_signed.pdf	200	application/pdf	571751	https://www.gesetzblatt.bremen.de/fastmedia/218/2020_04_07_GBl_Nr_0022_signed.pdf
2026-10-06T15:00:08Z	https://www.gesetzblatt.bremen.de/fastmedia/218/2020_04_07_GBl_Nr_0021_signed.pdf	200	application/pdf	190474	https://www.gesetzblatt.bremen.de/fastmedia/218/2020_04_07_GBl_Nr_0021_signed.pdf
2026-10-06T15:00:13Z	https://www.gesetzblatt.bremen.de/fastmedia/218/2020_04_07_GBl_Nr_0020_signed.pdf	200	application/pdf	232585	https://www.gesetzblatt.bremen.de/fastmedia/218/2020_04_07_GBl_Nr_0020_signed.pdf
2026-10-06T15:00:19Z	https://www.gesetzblatt.bremen.de/fastmedia/218/2020_04_03_GBl_Nr_0019_signed.pdf	200	application/pdf	267652	https://www.gesetzblatt.bremen.de/fastmedia/218/2020_04_03_GBl_Nr_0019_signed.pdf
2026-10-06T15:00:24Z	https://www.gesetzblatt.bremen.de/fastmedia/218/2020_04_02_GBl_Nr_0018_signed.pdf	200	application/pdf	288856	https://www.gesetzblatt.bremen.de/fastmedia/218/2020_04_02_GBl_Nr_0018_signed.pdf
2026-10-06T15:00:29Z	https://www.gesetzblatt.bremen.de/fastmedia/218/2020_04_01_GBl_Nr_0017_signed.pdf	200	application/pdf	197196	https://www.gesetzblatt.bremen.de/fastmedia/218/2020_04_01_GBl_Nr_0017_signed.pdf
2026-10-06T15:00:34Z	https://www.gesetzblatt.bremen.de/fastmedia/218/2020_04_01_GBl_Nr_0016_signed.pdf	200	application/pdf	218820	https://www.gesetzblatt.bremen.de/fastmedia/218/2020_04_01_GBl_Nr_0016_signed.pdf
2026-10-06T15:00:40Z	https://www.gesetzblatt.bremen.de/fastmedia/218/2020_03_26_GBl_Nr_0015_signed.pdf	200	application/pdf	735761	https://www.gesetzblatt.bremen.de/fastmedia/218/2020_03_26_GBl_Nr_0015_signed.pdf
2026-10-06T15:00:45Z	https://www.gesetzblatt.bremen.de/fastmedia/218/2020_03_26_GBl_Nr_0014_signed.pdf	200	application/pdf	199040	https://www.gesetzblatt.bremen.de/fastmedia/218/2020_03_26_GBl_Nr_0014_signed.pdf
2026-10-06T15:00:50Z	https://www.gesetzblatt.bremen.de/fastmedia/218/2020_03_13_GBl_Nr_0013_signed.pdf	200	application/pdf	229864	https://www.gesetzblatt.bremen.de/fastmedia/218/2020_03_13_GBl_Nr_0013_signed.pdf
2026-10-06T15:00:55Z	https://www.gesetzblatt.bremen.de/fastmedia/218/2020_03_13_GBl_Nr_0012_signed.pdf	200	application/pdf	197746	https://www.gesetzblatt.bremen.de/fastmedia/218/2020_03_13_GBl_Nr_0012_signed.pdf
2026-10-06T15:01:01Z	https://www.gesetzblatt.bremen.de/fastmedia/218/2020_03_13_GBl_Nr_0011_signed.pdf	200	application/pdf	1884288	https://www.gesetzblatt.bremen.de/fastmedia/218/2020_03_13_GBl_Nr_0011_signed.pdf
2026-10-06T15:01:07Z	https://www.gesetzblatt.bremen.de/fastmedia/218/2020_03_13_GBl_Nr_0010_signed.pdf	200	application/pdf	212368	https://www.gesetzblatt.bremen.de/fastmedia/218/2020_03_13_GBl_Nr_0010_signed.pdf
2026-10-06T15:01:12Z	https://www.gesetzblatt.bremen.de/fastmedia/218/2020_03_12_GBl_Nr_0009_signed.pdf	200	application/pdf	277281	https://www.gesetzblatt.bremen.de/fastmedia/218/2020_03_12_GBl_Nr_0009_signed.pdf
2026-10-06T15:01:17Z	https://www.gesetzblatt.bremen.de/fastmedia/218/2020_03_12_GBl_Nr_0008_signed.pdf	200	application/pdf	198220	https://www.gesetzblatt.bremen.de/fastmedia/218/2020_03_12_GBl_Nr_0008_signed.pdf
2026-10-06T15:01:22Z	https://www.gesetzblatt.bremen.de/fastmedia/218/2020_03_12_GBl_Nr_0007_signed.pdf	200	application/pdf	220856	https://www.gesetzblatt.bremen.de/fastmedia/218/2020_03_12_GBl_Nr_0007_signed.pdf
2026-10-06T15:01:27Z	https://www.gesetzblatt.bremen.de/fastmedia/218/2020_02_12_GBl_Nr_0006_signed.pdf	200	application/pdf	238071	https://www.gesetzblatt.bremen.de/fastmedia/218/2020_02_12_GBl_Nr_0006_signed.pdf
2026-10-06T15:01:32Z	https://www.gesetzblatt.bremen.de/fastmedia/218/2020_02_11_GBl_Nr_0005_signed.pdf	200	application/pdf	209713	https://www.gesetzblatt.bremen.de/fastmedia/218/2020_02_11_GBl_Nr_0005_signed.pdf
2026-10-06T15:01:37Z	https://www.gesetzblatt.bremen.de/fastmedia/218/2020_02_03_GBl_Nr_0004_signed.pdf	200	application/pdf	194564	https://www.gesetzblatt.bremen.de/fastmedia/218/2020_02_03_GBl_Nr_0004_signed.pdf
2026-10-06T15:01:42Z	https://www.gesetzblatt.bremen.de/fastmedia/218/2020_01_29_GBl_Nr_0003_signed.pdf	200	application/pdf	219267	https://www.gesetzblatt.bremen.de/fastmedia/218/2020_01_29_GBl_Nr_0003_signed.pdf
2026-10-06T15:01:47Z	https://www.gesetzblatt.bremen.de/fastmedia/218/2020_01_14_GBl_Nr_0002_signed.pdf	200	application/pdf	194910	https://www.gesetzblatt.bremen.de/fastmedia/218/2020_01_14_GBl_Nr_0002_signed.pdf
2026-10-06T15:01:52Z	https://www.gesetzblatt.bremen.de/fastmedia/218/2020_01_03_GBl_Nr_0001_signed.pdf	200	application/pdf	204978	https://www.gesetzblatt.bremen.de/fastmedia/218/2020_01_03_GBl_Nr_0001_signed.pdf
2026-10-06T15:02:04Z	https://www.gesetzblatt.bremen.de/fastmedia/220/Gesetzblatt%20Bremen_2020.pdf	200	application/pdf	141472	https://www.gesetzblatt.bremen.de/fastmedia/220/Gesetzblatt%20Bremen_2020.pdf
2026-10-06T15:02:09Z	https://www.gesetzblatt.bremen.de/fastmedia/220/Gesetzblatt%20Bremen_2021.pdf	200	application/pdf	131496	https://www.gesetzblatt.bremen.de/fastmedia/220/Gesetzblatt%20Bremen_2021.pdf
2026-10-06T15:02:14Z	https://www.gesetzblatt.bremen.de/fastmedia/220/Gesetzblatt%20Bremen_2022.pdf	200	application/pdf	134918	https://www.gesetzblatt.bremen.de/fastmedia/220/Gesetzblatt%20Bremen_2022.pdf
2026-10-06T15:02:19Z	https://www.gesetzblatt.bremen.de/fastmedia/220/Gesetzblatt%20Bremen_2023.pdf	200	application/pdf	114363	https://www.gesetzblatt.bremen.de/fastmedia/220/Gesetzblatt%20Bremen_2023.pdf
2026-10-06T15:02:24Z	https://www.gesetzblatt.bremen.de/fastmedia/220/Gesetzblatt%20Bremen_2024.pdf	200	application/pdf	129809	https://www.gesetzblatt.bremen.de/fastmedia/220/Gesetzblatt%20Bremen_2024.pdf
2026-10-06T15:02:28Z	https://www.gesetzblatt.bremen.de/fastmedia/220/Gesetzblatt_Bremen_2025.pdf	200	application/pdf	137134	https://www.gesetzblatt.bremen.de/fastmedia/220/Gesetzblatt_Bremen_2025.pdf
2026-10-06T15:02:33Z	https://www.transparenz.bremen.de/sixcms/detail.php?gsid=bremen2014_tp.c.296390.de&template=00_html_to_pdf_d	500	text/html; charset=utf-8	0	https://www.transparenz.bremen.de/sixcms/detail.php?gsid=bremen2014_tp.c.296390.de&template=00_html_to_pdf_d
2026-10-06T15:02:47Z	https://www.transparenz.bremen.de/sixcms/detail.php?gsid=bremen2014_tp.c.296390.de&template=00_html_to_pdf_d	500	text/html; charset=utf-8	0	https://www.transparenz.bremen.de/sixcms/detail.php?gsid=bremen2014_tp.c.296390.de&template=00_html_to_pdf_d
2026-10-06T15:03:11Z	https://www.transparenz.bremen.de/sixcms/detail.php?gsid=bremen2014_tp.c.296390.de&template=00_html_to_pdf_d	500	text/html; charset=utf-8	0	https://www.transparenz.bremen.de/sixcms/detail.php?gsid=bremen2014_tp.c.296390.de&template=00_html_to_pdf_d
355958e986d5f8f425e4b2b0ccd297f6f5ab7628ee905a228981edf6ecde89d2  <scratch>/index/2020.pdf
94241ffd0b3db3f7a8f4c771797e932c3a8dc2e167751c2a1cefe8b73dedfc2a  <scratch>/index/2021.pdf
4f675e69514e2854678fe7b827393bd4bbbcc40ef8b039f7ab22b51dacab9e51  <scratch>/index/2022.pdf
b63f23d75aa3ba4405086d9eea35665a4dfa5952c3d7180f522d18c7d54bdfe8  <scratch>/index/2023.pdf
506fb5ddc8ab6270451be1e52a5e0eee236198c3a40a8a83446df6153486cbb0  <scratch>/index/2024.pdf
9f42322dd0e91fcd6b3c606587903f696845aca02f6724012d4d0440363688c0  <scratch>/index/2025.pdf
