year	year_src	nr	date	href	link_count	title	hinweis	pages	src_file
2026	title	101	2026-10-03	/fastmedia/218/2026_10_03_GBl_Nr_0101_signed.pdf	1	Gesetzblatt 2026 Nr. 101	Ortsgesetz zur Änderung des Ortsgesetzes über die öffentliche Ordnung in der Stadt Bremerhaven	S. 661 - 662	skip0000.html
2026	title	100	2026-10-01	/fastmedia/218/2026_10_01_GBl_Nr_0100_signed.pdf	1	Gesetzblatt 2026 Nr. 100	Erste Verordnung zur Änderung der eAkten-Übergangsverordnung	S. 660	skip0000.html
2026	title	99	2026-10-01	/fastmedia/218/2026_10_01_GBl_Nr_0099_signed.pdf	1	Gesetzblatt 2026 Nr. 99	Gesetz zur Änderung des Tariftreue- und Vergabegesetzes und zur Änderung der Haushaltsordnung der Freien Hansestadt Bremen	S. 657 - 659	skip0000.html
2026	title	98	2026-10-01	/fastmedia/218/2026_10_01_GBl_Nr_0098_signed.pdf	1	Gesetzblatt 2026 Nr. 98	Erste Verordnung zur Änderung der Bremischen Verordnung zur Regelung von Zuständigkeiten für Aufgaben und Befugnisse nach der Bundesnotarordnung	S. 655 - 656	skip0000.html
2026	title	97	2026-09-29	/fastmedia/218/2026_09_29_GBl_Nr_0097_signed.pdf	1	Gesetzblatt 2026 Nr. 97	Elfte Verordnung zur Änderung der Allgemeinen Kostenverordnung	S. 652 - 654	skip0000.html
2026	title	96	2026-09-26	/fastmedia/218/2026_09_26_GBl_Nr_0096_signed.pdf	1	Gesetzblatt 2026 Nr. 96	Fünfte Verordnung zur Änderung der Verordnung über Parkgebühren	S. 651	skip0000.html
2026	title	95	2026-09-25	/fastmedia/218/2026_09_25_GBl_Nr_0095_signed.pdf	1	Gesetzblatt 2026 Nr. 95	Verordnung zur Änderung arbeitszeitrechtlicher Verordnungen	S. 648 - 650	skip0000.html
2026	title	94	2026-09-24	/fastmedia/218/2026_09_24_GBl_Nr_0094_signed.pdf	1	Gesetzblatt 2026 Nr. 94	Neunte Verordnung zur Änderung der Taxentarifverordnung der Stadtgemeinde Bremen	S. 645 - 647	skip0000.html
2026	title	93	2026-09-12	/fastmedia/218/2026_09_12_GBl_Nr_0093_signed.pdf	1	Gesetzblatt 2026 Nr. 93	Artikelgesetz zur Änderung bauordnungsrechtlicher Vorschriften	S. 623 - 644	skip0000.html
2026	title	92	2026-09-12	/fastmedia/218/2026_09_12_GBl_Nr_0092_signed.pdf	1	Gesetzblatt 2026 Nr. 92	Gesetz über die Zustimmung zum Zweiten Staatsvertrag zur Änderung des Glücksspielstaatsvertrags 2021	S. 600 - 622	skip0000.html
2026	title	91	2026-09-08	/fastmedia/218/2026_09_08_GBl_Nr_0091_signed.pdf	1	Gesetzblatt 2026 Nr. 91	Fünftes Gesetz zur Änderung des Bremischen Nichtraucherschutzgesetzes	S. 598 - 599	skip0000.html
2026	title	90	2026-09-08	/fastmedia/218/2026_09_08_GBl_Nr_0090_signed.pdf	1	Gesetzblatt 2026 Nr. 90	Ortsgesetz zur Einrichtung des Innovationsbereiches BID Balgequartier 2026 bis 2031	S. 593 - 597	skip0000.html
2026	title	89	2026-09-04	/fastmedia/218/2026_09_04_GBl_Nr_0089_signed.pdf	1	Gesetzblatt 2026 Nr. 89	Verordnung über die Festlegung der Zulassungszahlen zum Vorbereitungsdienst für die Lehrämter an öffentlichen Schulen sowie zu Ausgleichs-, Qualifizierungs-, Seiten- und Quereinstiegsmaßnahmen im Land Bremen (KapVO)	S. 587 - 592	skip0000.html
2026	title	88	2026-08-21	/fastmedia/218/2026_08_21_GBl_Nr_0088_signed.pdf	1	Gesetzblatt 2026 Nr. 88	Verordnung zur Neuregelung der Verordnung über die Bildungsgänge zum Erwerb der Erweiterten Berufsbildungsreife und zum Erwerb des Mittleren Schulabschlusses an der Schule für Erwachsene	S. 581 - 586	skip0000.html
2026	title	87	2026-08-20	/fastmedia/218/2026_08_20_GBl_Nr_0087_signed.pdf	1	Gesetzblatt 2026 Nr. 87	Änderung der Verordnung über die Berufsfachschule für technische und kaufmännische Assistentinnen und Assistenten	S. 573 - 580	skip0000.html
2026	title	86	2026-08-15	/fastmedia/218/2026_08_15_GBl_Nr_86_signed.pdf	1	Gesetzblatt 2026 Nr. 86	Erste Verordnung zur Änderung der Bremischen Verordnung über Zuständigkeiten für die Ausführung von Rechtsvorschriften nach dem Gesetz über die Beförderung gefährlicher Güter und dem Gesetz zu dem Übereinkommen über sichere Container	S. 571 - 572	skip0000.html
2026	title	85	2026-08-15	/fastmedia/218/2026_08_15_GBl_Nr_0085_signed.pdf	1	Gesetzblatt 2026 Nr. 85	Verordnung zur Durchführung des Bremischen Sicherheitsüberprüfungsgesetzes (BremSÜGDV)	S. 569 - 570	skip0000.html
2026	title	84	2026-08-15	/fastmedia/218/2026_08_15_GBl_Nr_0084_signed.pdf	1	Gesetzblatt 2026 Nr. 84	Verordnung über die vorübergehende Fortführung von Papierakten bis zur Einführung der elektronischen Akte bei der Senatorin für Bau, Mobilität und Stadtentwicklung	S. 567 - 568	skip0000.html
2026	title	83	2026-07-29	/fastmedia/218/2026_07_29_GBl_Nr_0083_signed.pdf	1	Gesetzblatt 2026 Nr. 83	Verordnung über die Ausgestaltung der Vergütungsstufen, der finanziellen Anerkennung, der Ausbildungsbeihilfe und des Arbeitsentgeltes sowie über die Gewährung von Zulagen im Justizvollzug Bremen (Bremische Vollzugsvergütungsverordnung - BremVollzVergV)	S. 562 - 566	skip0000.html
2026	title	82	2026-07-15	/fastmedia/218/2026_07_15_GBl_Nr_0082_signed.pdf	1	Gesetzblatt 2026 Nr. 82	Gesetz zum Staatsvertrag zwischen der Freien Hansestadt Bremen und dem Land Niedersachsen über den Zusammenschluss der	S. 552 - 561	skip0000.html
2026	title	81	2026-07-15	/fastmedia/218/2026_07_15_GBl_Nr_0081_signed.pdf	1	Gesetzblatt 2026 Nr. 81	Gesetz zur Änderung des Bremischen Wahlrechts, zur Durchführung der Aufgaben aus Artikel 26 der Verordnung (EU) 2024/900 und zur Anpassung landesrechtlicher Vorschriften an die Inbetriebnahme des Stiftungsregisters	S. 546 - 551	skip0000.html
2026	title	80	2026-07-15	/fastmedia/218/2026_07_15_GBl_Nr_0080_signed.pdf	1	Gesetzblatt 2026 Nr. 80	Verordnung zur Änderung der Verordnung über die Zuständigkeit für die Verfolgung und Ahndung von Ordnungswidrigkeiten	S. 545	skip0000.html
2026	title	79	2026-07-14	/fastmedia/218/2026_07_14_GBl_Nr_0079_signed.pdf	1	Gesetzblatt 2026 Nr. 79	Fünftes Ortsgesetz zur Änderung des Aufnahmeortsgesetzes	S. 543 - 544	skip0000.html
2026	title	78	2026-07-14	/fastmedia/218/2026_07_14_GBl_Nr_0078_signed.pdf	1	Gesetzblatt 2026 Nr. 78	Gesetz zur Änderung des Bremischen Landesstraßengesetzes	S. 535 - 542	skip0000.html
2026	title	77	2026-07-08	/fastmedia/218/2026_07_08_GBl_Nr_0077_signed.pdf	1	Gesetzblatt 2026 Nr. 77	Bekanntmachung einer Entscheidung des Staatsgerichtshofs der Freien Hansestadt Bremen vom 15. Juni 2026 in einem Organstreitverfahren über den Beschluss der Neufassung des Haushaltsgesetzes für das Haushaltsjahr 2024	S. 534	skip0000.html
2026	title	76	2026-07-04	/fastmedia/218/GBl_BHV%20Aufwandspauschale%202026_signed.pdf	1	Gesetzblatt 2026 Nr. 76	Anpassung der Aufwandsentschädigung der Mitglieder	S. 533	skip0000.html
2026	title	75	2026-07-04	/fastmedia/218/GBl_BHV%20Fraktionsbeitr%C3%A4ge%202026_signed.pdf	1	Gesetzblatt 2026 Nr. 75	Anpassung der Fraktionsbeiträge der Stadtverordnetenversammlung	S. 532	skip0000.html
2026	title	74	2026-07-02	/fastmedia/218/2026_07_02_GBl_Nr_0074_signed.pdf	1	Gesetzblatt 2026 Nr. 74	Haushaltssatzungen der Stadt Bremerhaven für das Haushaltsjahr 2026 und 2027	S. 501 - 531	skip0000.html
2026	title	73	2026-07-01	/fastmedia/218/2026_07_01_GBl_Nr_0073_signed.pdf	1	Gesetzblatt 2026 Nr. 73	Zweites Gesetz zur Änderung des Bremischen Ausführungsgesetzes zur EU-Datenschutz-Grundverordnung	S. 498 - 500	skip0000.html
2026	title	72	2026-06-30	/fastmedia/218/2026_06_30_GBl_Nr_0072_signed.pdf	1	Gesetzblatt 2026 Nr. 72	Erstes Gesetz zur Änderung des Bremischen Ausführungsgesetzes zur EU-Datenschutz-Grundverordnung	S. 494 -497	skip0000.html
2026	title	71	2026-06-30	/fastmedia/218/2026_06_30_GBl_Nr_0071_signed.pdf	1	Gesetzblatt 2026 Nr. 71	Verordnung zur Änderung der Bauverordnung zum Bremischen Wohn- und Betreuungsgesetz der Freien Hansestadt Bremen	S. 482 - 493	skip0000.html
2026	title	70	2026-06-26	/fastmedia/218/2026_06_26_GBl_Nr_0070_signed.pdf	1	Gesetzblatt 2026 Nr. 70	Verordnung über die Hochschulzugangsberechtigung und die Hochschulreife auf Grundlage von Eignungsprüfungen und Zertifikatsstudien (BremHHEZV)	S. 475 - 481	skip0000.html
2026	title	69	2026-06-24	/fastmedia/218/2026_06_24_GBl_Nr_0069_signed.pdf	1	Gesetzblatt 2026 Nr. 69	Siebte Verordnung zur Änderung der Kostenverordnung Bau	S. 451 - 474	skip0000.html
2026	title	68	2026-06-23	/fastmedia/218/2026_06_23_GBl_Nr_0068_signed.pdf	1	Gesetzblatt 2026 Nr. 68	Ortsgesetz zur Änderung des Abfallortsgesetzes	S. 450	skip0000.html
2026	title	67	2026-06-23	/fastmedia/218/2026_06_23_GBl_Nr_0067_signed.pdf	1	Gesetzblatt 2026 Nr. 67	Ortsgesetz zur Änderung des Ortsgesetzes über die Errichtung der Anstalt Die Bremer Stadtreinigung, Anstalt öffentlichen Rechts	S. 446 - 449	skip0000.html
2026	title	66	2026-06-20	/fastmedia/218/2026_06_20_GBl_Nr_0066_signed.pdf	1	Gesetzblatt 2026 Nr. 66	Erste Verordnung zur Änderung der Bremischen Verordnung über Zuständigkeiten nach abfallrechtlichen Vorschriften	S. 444 - 445	skip0000.html
2026	title	65	2026-06-20	/fastmedia/218/2026_06_20_GBl_Nr_0065_signed.pdf	1	Gesetzblatt 2026 Nr. 65	Drittes Gesetz zur Änderung des Bremischen Sicherheitsüberprüfungsgesetzes	S. 437 - 443	skip0000.html
2026	title	64	2026-06-19	/fastmedia/218/2026_06_19_GBl_Nr_0064_signed.pdf	1	Gesetzblatt 2026 Nr. 64	Verordnung zur Änderung der Verordnung über die Zuständigkeit für die Verfolgung und Ahndung von Ordnungswidrigkeiten	S. 436	skip0000.html
2026	title	63	2026-06-19	/fastmedia/218/2026_06_19_GBl_Nr_0063_signed.pdf	1	Gesetzblatt 2026 Nr. 63	Gesetz zur Zustimmung zum Vertrag über die Errichtung, den Betrieb und die Weiterentwicklung des Nationalen Once-Only Technical-Systems (NOOTS) – Vertrag zur Ausführung von Artikel 91c Absatz 1, Absatz 2 GG – NOOTS-Staatsvertrag	S. 413 - 435	skip0000.html
2026	title	62	2026-06-19	/fastmedia/218/2026_06_19_GBl_Nr_0062_signed.pdf	1	Gesetzblatt 2026 Nr. 62	Gesetz zur Änderung des Bremischen Ausführungsgesetzes zum Kreislaufwirtschafts- und Abfallgesetz	S. 411 - 412	skip0000.html
2026	title	61	2026-06-19	/fastmedia/218/2026_06_19_GBl_Nr_0061_signed.pdf	1	Gesetzblatt 2026 Nr. 61	Gesetz zur Änderung des Bremischen Beamtengesetzes	S. 407 - 410	skip0000.html
2026	title	60	2026-06-19	/fastmedia/218/2026_06_19_GBl_Nr_0060_signed.pdf	1	Gesetzblatt 2026 Nr. 60	Gesetz zum Erlass eines Bremischen Gesetzes über die Sicherheit in Justizgebäuden	S. 391 - 406	skip0000.html
2026	title	59	2026-06-19	/fastmedia/218/2026_06_19_GBl_Nr_0059_signed.pdf	1	Gesetzblatt 2026 Nr. 59	Viertes Ortsgesetz zur Änderung des Aufnahmeortsgesetzes	S. 389 - 390	skip0000.html
2026	title	58	2026-06-16	/fastmedia/218/2026_06_16_GBl_Nr%2058_signed.pdf	1	Gesetzblatt 2026 Nr. 58	Verordnung zur Änderung der Verordnung über die Ermäßigung der Unterrichtsverpflichtung sowie über die Zuweisung und Verteilung von Leitungszeit für Aufgaben in der Schule	S. 388	skip0000.html
2026	title	57	2026-06-13	/fastmedia/218/2026_06_13_GBl_Nr_0057_signed.pdf	1	Gesetzblatt 2026 Nr. 57	Anpassung der Entschädigung für die Mitglieder der Bremischen Bürgerschaft	S. 387	skip0000.html
2026	title	56	2026-06-12	/fastmedia/218/2026_06_12_GBl_Nr_0056_signed.pdf	1	Gesetzblatt 2026 Nr. 56	Anpassung der Aufwandsentschädigung für die nicht der Bürgerschaft (Landtag) angehörenden Mitglieder der Stadtbürgerschaft	S. 386	skip0000.html
2026	title	55	2026-06-01	/fastmedia/218/2026_06_01_GBl_Nr_0055_signed.pdf	1	Gesetzblatt 2026 Nr. 55	Ortsgesetz über die Feststellung eines Wohnraummangels nach § 1 Satz 2 des Bremischen Wohnraumschutzgesetzes (WoSchOG)	S. 385	skip0000.html
2026	title	54	2026-05-28	/fastmedia/218/2026_05_28_GBl_Nr_0054_signed.pdf	1	Gesetzblatt 2026 Nr. 54	Bekanntmachung einer Entscheidung des Staatsgerichtshofs der Freien Hansestadt Bremen vom 23. April 2026 über eine einstweilige Anordnung gegen eine in einem parlamentarischen Untersuchungsausschuss angeordneten Beweiserhebung	S. 383 - 384	skip0000.html
2026	title	53	2026-05-22	/fastmedia/218/2026_05_12_GBl_Nr_0053_signed.pdf	1	Gesetzblatt 2026 Nr. 53	Verordnung über den Ladenschluss im Gebiet zwischen Alter Hafen, Museumshafen und Weser in der Stadt Bremerhaven vom 1. Juni 2026 bis 31. Dezember 2026	S. 382	skip0000.html
2026	title	52	2026-05-14	/fastmedia/218/2026_05_14_GBl_Nr_0052_signed.pdf	1	Gesetzblatt 2026 Nr. 52	Siebte Verordnung zur Änderung der Studienplatzvergabeverordnung	S. 380 - 381	skip0000.html
2026	title	51	2026-05-07	/fastmedia/218/2026_05_07_GBl_Nr_0051_signed.pdf	1	Gesetzblatt 2026 Nr. 51	Ortsgesetz zur Einrichtung des Innovationsbereiches BID Hanseatenhof 2026 bis 2029	S. 375 - 379	skip0000.html
2026	title	50	2026-05-07	/fastmedia/218/2026_05_07_GBl_Nr_0050_signed.pdf	1	Gesetzblatt 2026 Nr. 50	Gesetz zur Änderung disziplinar- und beamtenrechtlicher Vorschriften sowie zur Änderung der Landeshaushaltsordnung	S. 358 - 374	skip0000.html
2026	title	49	2026-04-22	/fastmedia/218/2026_04_22_GBl_Nr_0049_signed.pdf	1	Gesetzblatt 2026 Nr. 49	Änderung der Geschäftsverteilung im Senat	S. 357	skip0000.html
2026	title	48	2026-04-18	/fastmedia/218/2026_04_18_GBl_Nr_0048_signed.pdf	1	Gesetzblatt 2026 Nr. 48	Verordnung zur Neuregelung der Ausbildungs-, Prüfungs- und Qualifizierungsverordnung für Lehrämter und Lehrbefähigungen in einem Fach	S. 323 - 356	skip0000.html
2026	title	47	2026-04-18	/fastmedia/218/2026_04_18_GBl_0047_signed.pdf	1	Gesetzblatt 2026 Nr. 47	Verordnung zur Neuregelung der Verordnung über die Berufsfachschule mit berufsqualifizierendem Abschluss im Lande Bremen	S. 313 - 322	skip0000.html
2026	title	46	2026-04-17	/fastmedia/218/2026_04_17_GBl_Nr_0046_signed.pdf	1	Gesetzblatt 2026 Nr. 46	Erstes Gesetz zur Änderung des Bremischen Gesetzes über das Halten von Hunden	S. 312	skip0000.html
2026	title	45	2026-04-17	/fastmedia/218/2026_04_17_GBl_Nr_0045_signed.pdf	1	Gesetzblatt 2026 Nr. 45	Ortsgesetz zur Änderung des Ortsgesetzes über die öffentliche Ordnung	S. 310 - 311	skip0000.html
2026	title	44	2026-04-17	/fastmedia/218/2026_04_17_GBl_Nr_0044_signed.pdf	1	Gesetzblatt 2026 Nr. 44	Ortsgesetz zur Neuregelung der stadtbremischen Gebühren und der stadtbremischen Nutzungsordnung für Unterbringungen nach dem Aufnahmegesetz	S. 305 - 309	skip0000.html
2026	title	43	2026-04-16	/fastmedia/218/2026_04_16_GBl_Nr_0043_signed.pdf	1	Gesetzblatt 2026 Nr. 43	Bremische Verordnung für die Teilnahme und Ausgestaltung der Erprobung des Online-Zivilverfahrens	S. 303 - 304	skip0000.html
2026	title	42	2026-04-15	/fastmedia/218/2026_04_15_GBl_Nr_0042_signed.pdf	1	Gesetzblatt 2026 Nr. 42	Verordnung zur Übertragung der Zuständigkeiten für die Teilnahme und Ausgestaltung der Erprobung des Online-Zivilverfahrens	S. 302	skip0000.html
2026	title	41	2026-04-14	/fastmedia/218/2026_04_14_GBl_Nr_0041_signed.pdf	1	Gesetzblatt 2026 Nr. 41	Gesetz zur Änderung des Bremischen Ladenschlussgesetzes	S. 301	skip0000.html
2026	title	40	2026-04-11	/fastmedia/218/2026_04_11_GBl_Nr_0040_signed.pdf	1	Gesetzblatt 2026 Nr. 40	Bremische Verordnung zur Regelung von Zuständigkeiten für Aufgaben und Befugnissen nach der Bundesnotarordnung	S. 299 - 300	skip0000.html
2026	title	39	2026-04-09	/fastmedia/218/2026_04_09_GBl_Nr_0039_signed.pdf	1	Gesetzblatt 2026 Nr. 39	Bekanntmachung einer Entscheidung des Oberverwaltungsgerichts der Freien Hansestadt Bremen vom 17. Dezember 2025 über die Feststellung der teilweisen Unwirksamkeit des Ortsgesetzes zur Änderung der Jahrmarktgebührenordnung vom 21. Januar 2025 (Brem.GBl. S. 16)	S. 298	skip0000.html
2026	title	38	2026-04-09	/fastmedia/218/2026_04_09_GBl_Nr_0038_signed.pdf	1	Gesetzblatt 2026 Nr. 38	Bekanntmachung einer Entscheidung des Staatsgerichtshofs der Freien Hansestadt Bremen vom 19. Dezember 2025 über die Einstellung eines Organstreitverfahrens	S. 297	skip0000.html
2026	title	37	2026-04-09	/fastmedia/218/2026_04_09_GBl_Nr_0037_signed.pdf	1	Gesetzblatt 2026 Nr. 37	Zweite Bekanntmachung über die Änderung von Zuständigkeiten	S. 288 - 296	skip0000.html
2026	title	36	2026-03-28	/fastmedia/218/2026_03_28_GBl_Nr_0036_signed.pdf	1	Gesetzblatt 2026 Nr. 36	Sechzehntes Ortsgesetz zur Änderung der Kostenordnung für die Feuerwehr der Stadt Bremerhaven (Feuerwehrkostenordnung)	S. 286 - 287	skip0000.html
2026	title	35	2026-03-25	/fastmedia/218/2026_03_25_GBl_Nr_0035_signed.pdf	1	Gesetzblatt 2026 Nr. 35	Haushaltsbegleitgesetz 2026/2027	S. 284 - 285	skip0000.html
2026	title	34	2026-03-25	/fastmedia/218/2026_03_25_GBl_Nr_0034_signed.pdf	1	Gesetzblatt 2026 Nr. 34	Haushaltsgesetz der Freien Hansestadt Bremen für das Haushaltsjahr 2027	S. 263 - 283	skip0000.html
2026	title	33	2026-03-25	/fastmedia/218/2026_03_25_GBl_Nr_0033_signed.pdf	1	Gesetzblatt 2026 Nr. 33	Haushaltsgesetz der Freien Hansestadt Bremen für das Haushaltsjahr 2026	S. 242 - 262	skip0000.html
2026	title	32	2026-03-25	/fastmedia/218/2026_03_25_GBl_0032_signed.pdf	1	Gesetzblatt 2026 Nr. 32	Haushaltsgesetz der Stadtgemeinde Bremen für das Haushaltsjahr 2027	S. 222 - 241	skip0000.html
2026	title	31	2026-03-25	/fastmedia/218/2026_03_25_GBl_0031_signed.pdf	1	Gesetzblatt 2026 Nr. 31	Haushaltsgesetz der Stadtgemeinde Bremen für das Haushaltsjahr 2026	S. 203 - 221	skip0000.html
2026	title	30	2026-03-25	/fastmedia/218/2026_03_25_ABl_Nr_0030_signed.pdf	1	Gesetzblatt 2026 Nr. 30	Verordnung über die Ausbildung und Prüfung in der Pflegefachhilfe (Bremische Pflegefachhilfeverordnung – BremPFHV)	S. 173 - 202	skip0000.html
2026	title	29	2026-03-20	/fastmedia/218/2026_03_20_GBl_Nr_0029_signed.pdf	1	Gesetzblatt 2026 Nr. 29	Verordnung zur Änderung der Verordnung zur Bestimmung eines Gebiets mit einem angespannten Wohnungsmarkt in der Stadtgemeinde Bremen nach § 201a Satz 1 BauGB	S. 172	skip0000.html
2026	title	28	2026-03-19	/fastmedia/218/2026_03_19_GBl_Nr_0028_signed.pdf	1	Gesetzblatt 2026 Nr. 28	Gesetz zum besseren Schutz der Privatanschrift bei bürgerschaftlichem Engagement	S. 170 - 171	skip0000.html
2026	title	27	2026-03-19	/fastmedia/218/2026_03_19_GBl_Nr_0027_signed.pdf	1	Gesetzblatt 2026 Nr. 27	Gesetz zur Anpassung der Gefangenenvergütung in den Bremischen Vollzugsgesetzen	S. 152 - 169	skip0000.html
2026	title	26	2026-03-19	/fastmedia/218/2026_03_19_GBl_Nr_0026_signed.pdf	1	Gesetzblatt 2026 Nr. 26	Bremisches Gesetz über die Ausbildung in der Pflegefachhilfe (Bremisches Pflegefachhilfegesetz – BremPFHG)	S. 136 - 151	skip0000.html
2026	title	25	2026-03-19	/fastmedia/218/2026_03_19_GBl_Nr_0025_signed.pdf	1	Gesetzblatt 2026 Nr. 25	Zweites Gesetz zur Änderung des Bremischen Berufsqualifikationsfeststellungsgesetzes	S. 130 - 135	skip0000.html
2026	title	24	2026-03-19	/fastmedia/218/2026_03_19_GBl_Nr_0024_signed.pdf	1	Gesetzblatt 2026 Nr. 24	Verordnung zur Neuregelung des Sühneverfahrens in Privatklagesachen	S. 122 - 129	skip0000.html
2026	title	23	2026-03-19	/fastmedia/218/2026_03_19_GBl_Nr_0023_signed.pdf	1	Gesetzblatt 2026 Nr. 23	Gesetz zur Neuregelung des Bremischen Ausbildungsgesetzes für Lehrämter	S. 107 - 121	skip0000.html
2026	title	22	2026-03-19	/fastmedia/218/2026_03_14_GBl_Nr_0022_signed.pdf	1	Gesetzblatt 2026 Nr. 22	Verordnung über die Festlegung der Zulassungszahlen zum Vorbereitungsdienst für die Lehrämter an öffentlichen Schulen sowie zu Ausgleichs-, Qualifizierungs-, Seiten- und Quereinstiegsmaßnahmen im Land Bremen (KapVO)	S. 101 - 106	skip0000.html
2026	title	21	2026-03-10	/fastmedia/218/2026_03_10_GBl_Nr_0021_signed.pdf	1	Gesetzblatt 2026 Nr. 21	Änderung der Satzung der Landwirtschaftskammer Bremen	S. 96 - 100	skip0000.html
2026	title	20	2026-03-06	/fastmedia/218/2026_03_06_GBl_Nr_0020_signed.pdf	1	Gesetzblatt 2026 Nr. 20	Berichtigung der Zweiten Verordnung zur Änderung der Bremischen Verordnung zur Studienakkreditierung	S. 95	skip0000.html
2026	title	19	2026-03-04	/fastmedia/218/2026_03_04_GBl_Nr_0019_signed.pdf	1	Gesetzblatt 2026 Nr. 19	Zweite Verordnung zur Änderung der Bremischen Verordnung zur Studienakkreditierung	S. 94	skip0000.html
2026	title	18	2026-03-03	/fastmedia/218/2026_03_03_GBl_Nr_0018_signed.pdf	1	Gesetzblatt 2026 Nr. 18	Gesetz zur Änderung polizei- und vollstreckungsrechtlicher Vorschriften	S. 42 - 93	skip0000.html
2026	title	17	2026-02-27	/fastmedia/218/2026_02_27_GBl_Nr_0017_signed.pdf	1	Gesetzblatt 2026 Nr. 17	Neunte Verordnung zur Änderung der Kostenverordnung der Umweltverwaltung	S. 36 - 41	skip0000.html
2026	title	16	2026-02-26	/fastmedia/218/2026_02_26_GBl_Nr_0016_signed.pdf	1	Gesetzblatt 2026 Nr. 16	Ortsgesetz über die Hebesätze für die Grundsteuer und die Gewerbesteuer für das Haushaltsjahr 2026	S. 35	skip0000.html
2026	title	15	2026-02-21	/fastmedia/218/2026_02_21_GBl_Nr_0015_signed.pdf	1	Gesetzblatt 2026 Nr. 15	Ortsgesetz zur Umsetzung des Gesetzes zur ganztägigen Förderung von Kindern im Grundschulalter (Ganztagsförderungsgesetzes) in der Seestadt Bremerhaven	S. 29 - 34	skip0000.html
2026	title	14	2026-02-19	/fastmedia/218/2026_02_19_GBl_Nr_0014_signed.pdf	1	Gesetzblatt 2026 Nr. 14	Gesetz zur Änderung des Vergnügungssteuergesetzes	S. 28	skip0000.html
2026	title	13	2026-02-19	/fastmedia/218/2026_02_19_GBl_Nr_0013_signed.pdf	1	Gesetzblatt 2026 Nr. 13	Viertes Gesetz zur Änderung des Bremischen Sondervermögensgesetzes	S. 27	skip0000.html
2026	title	12	2026-02-19	/fastmedia/218/2026_02_19_GBl_Nr_0012_signed.pdf	1	Gesetzblatt 2026 Nr. 12	Ortsgesetz zur Übertragung der Zustimmungsentscheidung der Gemeinde nach § 36a des Baugesetzbuches auf die Senatorin oder den Senator für Bau, Mobilität und Stadtentwicklung	S. 26	skip0000.html
2026	title	11	2026-02-18	/fastmedia/218/2026_02_18_GBl_Nr_0011_signed.pdf	1	Gesetzblatt 2026 Nr. 11	Gesetz zur Änderung besoldungsrechtlicher Vorschriften	S. 22 - 25	skip0000.html
2026	title	10	2026-02-06	/fastmedia/218/2026_02_06_GBl_Nr_0010_signed.pdf	1	Gesetzblatt 2026 Nr. 10	Berichtigung des Gesetzblattes Nr. 8	S. 21	skip0000.html
2026	title	9	2026-02-04	/fastmedia/218/2026_02_04_GBl_Nr_0009_signed.pdf	1	Gesetzblatt 2026 Nr. 9	Dritte Verordnung zur Änderung der Verordnung über das Verbot des Führens von Waffen	S. 13 - 20	skip0000.html
2026	title	8	2026-01-31	/fastmedia/218/2026_01_31_GBl_Nr_0008_signed.pdf	1	Gesetzblatt 2026 Nr. 8	Änderung der Geschäftsverteilung im Senat	S. 12	skip0000.html
2026	title	7	2026-01-31	/fastmedia/218/2026_01_31_GBl_Nr_0007_signed.pdf	1	Gesetzblatt 2026 Nr. 7	Gebührenordnung für die Nutzung von öffentlichen Parkflächen in der Stadt Bremerhaven (Parkgebührenordnung)	S. 10 - 11	skip0000.html
2026	title	6	2026-01-28	/fastmedia/218/2026_01_28_GBl_Nr_0006_signed.pdf	1	Gesetzblatt 2026 Nr. 6	Zehnte Verordnung zur Änderung der Allgemeinen Kostenverordnung	S. 7 - 9	skip0000.html
2026	title	5	2026-01-28	/fastmedia/218/2025_01_28_GBl_Nr_0005_signed.pdf	1	Gesetzblatt 2026 Nr. 5	Zweite Verordnung zur Änderung der Verordnung zur Übertragung von Ermächtigungen aus dem Bereich der Rechtspflege	S. 6	skip0000.html
2026	title	4	2026-01-21	/fastmedia/218/2026_01_21_GBl_Nr_0004_signed.pdf	1	Gesetzblatt 2026 Nr. 4	Berichtigung des Gesetzblattes Nr. 151 aus 2025	S. 5	skip0000.html
2026	title	3	2026-01-20	/fastmedia/218/2026_01_20_GBl_Nr_0003_signed.pdf	1	Gesetzblatt 2026 Nr. 3	Erste Verordnung zur Änderung der Bremischen eAkten-Verordnung für Steuerstraf- und Steuerordnungswidrigkeitenverfahren	S. 3 - 4	skip0000.html
2026	title	2	2026-01-15	/fastmedia/218/2026_01_15_GBl_Nr_2_signed.pdf	1	Gesetzblatt 2026 Nr. 2	Bekanntmachung über das Inkrafttreten des Abkommens zur Änderung des Abkommens über die Zentralstelle der Länder für Sicherheitstechnik (ZLS)	S. 2	skip0000.html
2026	title	1	2026-01-08	/fastmedia/218/2026_01_08_GBl_Nr_0001_signed.pdf	1	Gesetzblatt 2026 Nr. 1	Berichtigung des Gesetzblattes Nr. 140 aus 2025	S. 1	skip0100.html
2025	title	167	2025-12-24	/fastmedia/218/2025_12_24_GBl_Nr_0167_signed.pdf	1	Gesetzblatt 2025 Nr. 167	Verordnung über die vorübergehende Fortführung von Papierakten bis zur Einführung der elektronischen Akte in den Bußgeldstellen im Geschäftsbereich der Senatorin für Umwelt, Klima und Wissenschaft	S. 1492 - 1493	skip0100.html
2025	title	166	2025-12-24	/fastmedia/218/2025_12_23_GBl_Nr_0166_signed.pdf	1	Gesetzblatt 2025 Nr. 166	Berichtigung des Gesetzblattes Nr. 158	S. 1491	skip0100.html
2025	title	165	2025-12-24	/fastmedia/218/2025_12_24_GBl_Nr_0165_signed.pdf	1	Gesetzblatt 2025 Nr. 165	Bremische Verordnung über die Verfolgung und Ahndung von Ordnungswidrigkeiten nach § 94 des Medizinprodukterecht-Durchführungsgesetzes	S. 1490	skip0100.html
2025	title	164	2025-12-23	/fastmedia/218/2025_12_23_GBl_Nr_0164_signed.pdf	1	Gesetzblatt 2025 Nr. 164	Verordnung zur Neuregelung der Verordnung über die Anforderungen für die Ausbildung an staatlich anerkannten Pflegeschulen und Einrichtungen der praktischen Ausbildung im Land Bremen nach dem Pflegeberufegesetz	S. 1482 - 1489	skip0100.html
2025	title	163	2025-12-23	/fastmedia/218/2025_12_23_GBl_Nr_0163_signed.pdf	1	Gesetzblatt 2025 Nr. 163	Vierte Verordnung zur Änderung der Kostenverordnung der Wissenschaftsverwaltung	S. 1452 - 1481	skip0100.html
2025	title	162	2025-12-23	/fastmedia/218/2025_12_23_GBl_Nr_0162_signed.pdf	1	Gesetzblatt 2025 Nr. 162	Verordnung über die vorübergehende Fortführung von Papierakten bis zur Einführung der elektronischen Akte bei der Senatorin für Wirtschaft, Häfen und Transformation	S. 1450 - 1451	skip0100.html
2025	title	161	2025-12-20	/fastmedia/218/2025_12_20_GBl_Nr_0161_signed.pdf	1	Gesetzblatt 2025 Nr. 161	Verordnung zur vorübergehenden Ausnahme von der Verpflichtung zur elektronischen Aktenführung für den Landesbeauftragten oder die Landesbeauftragte für Datenschutz und Informationsfreiheit	S. 1449	skip0100.html
2025	title	160	2025-12-20	/fastmedia/218/2025_12_20_GBl_Nr_0160_signed.pdf	1	Gesetzblatt 2025 Nr. 160	Haushaltssatzung der Stadt Bremerhaven für das Haushaltsjahr 2025	S. 1431 - 1448	skip0100.html
2025	title	159	2025-12-19	/fastmedia/218/2025_12_19_GBl_Nr_0159_signed.pdf	1	Gesetzblatt 2025 Nr. 159	Berichtigung des Gesetzblattes Nr. 8 aus 2002	S. 1428 - 1430	skip0100.html
2025	title	158	2025-12-19	/fastmedia/218/2025_12_19_GBl_Nr_0158_signed.pdf	1	Gesetzblatt 2025 Nr. 158	Verordnung über die vorübergehende Fortführung von Papierakten bis zur Einführung der elektronischen Akte in den Bußgeldstellen der Ordnungsämter im Land Bremen	S. 1426 - 1427	skip0100.html
2025	title	157	2025-12-18	/fastmedia/218/2025_12_18_GBl_Nr_0157_signed.pdf	1	Gesetzblatt 2025 Nr. 157	Verordnung über abweichende Öffnungszeiten von Verkaufsstellen an Sonntagen in der Stadtgemeinde Bremen für das Jahr 2026	S. 1424 - 1425	skip0100.html
2025	title	156	2025-12-18	/fastmedia/218/2025_12_18_GBl_Nr_0156_signed.pdf	1	Gesetzblatt 2025 Nr. 156	Gesetz zur Änderung des Bremischen Justizkostengesetzes	S. 1422 - 1423	skip0100.html
2025	title	155	2025-12-18	/fastmedia/218/2025_12_18_GBl_Nr_0155_signed.pdf	1	Gesetzblatt 2025 Nr. 155	Gesetz zur Änderung des Bremischen Wassergesetzes	S. 1421	skip0100.html
2025	title	154	2025-12-18	/fastmedia/218/2025_12_18_GBl_Nr_0154_signed.pdf	1	Gesetzblatt 2025 Nr. 154	Ortsgesetz zur Neuregelung der Gebührenordnung für die stadteigenen Friedhöfe in Bremen	S. 1416 - 1420	skip0100.html
2025	title	153	2025-12-18	/fastmedia/218/2025_12_18_GBl_Nr_0153_signed.pdf	1	Gesetzblatt 2025 Nr. 153	Fünftes Ortsgesetz zur Änderung der Feuerwehrkostenordnung	S. 1415	skip0100.html
2025	title	152	2025-12-18	/fastmedia/218/2025_12_18_GBl_Nr_0152_signed.pdf	1	Gesetzblatt 2025 Nr. 152	Dreiunddreißigste Verordnung zur Änderung der eAkten-Verordnung	S. 1413 - 1414	skip0100.html
2025	title	151	2025-12-18	/fastmedia/218/2025_12_18_GBl_Nr_0151_signed.pdf	1	Gesetzblatt 2025 Nr. 151	Erste Verordnung zur Änderung der Konjunkturbereinigungsverfahrensverordnung	S. 1412	skip0100.html
2025	title	150	2025-12-18	/fastmedia/218/2025_12_18_GBl_Nr_0150_signed.pdf	1	Gesetzblatt 2025 Nr. 150	Gesetz zur Änderung des Gesetzes über die Landwirtschaftskammer Bremen	S. 1404 - 1411	skip0100.html
2025	title	149	2025-12-18	/fastmedia/218/2025_12_18_GBl_Nr_0149_signed.pdf	1	Gesetzblatt 2025 Nr. 149	Gesetz zur Regelung der Nachhaltigkeitsberichterstattung im Geschäftsbereich Wissenschaft	S. 1400 - 1403	skip0100.html
2025	title	148	2025-12-17	/fastmedia/218/2025_12_17_GBl_Nr_0148_signed.pdf	1	Gesetzblatt 2025 Nr. 148	Verordnung zur Übertragung der Ermächtigung zur vorübergehenden Ausnahme von der Verpflichtung zur elektronischen Aktenführung	S. 1398 - 1399	skip0100.html
2025	title	147	2025-12-17	/fastmedia/218/2025_12_17_GBl_Nr_0147_signed.pdf	1	Gesetzblatt 2025 Nr. 147	Erste Verordnung zur Änderung der Bremischen Ausbildungsunterstützungsfondsdurch-führungsverordnung	S. 1396 - 1397	skip0100.html
2025	title	146	2025-12-17	/fastmedia/218/2025_12_17_GBl_Nr_0146_signed.pdf	1	Gesetzblatt 2025 Nr. 146	Viertes Ortsgesetz zur Änderung der Sondernutzungskostenordnung	S. 1394 - 1395	skip0100.html
2025	title	145	2025-12-17	/fastmedia/218/2025_12_17_GBl_Nr_0145_signed.pdf	1	Gesetzblatt 2025 Nr. 145	Gesetz zur Novellierung haushaltsrechtlicher Vorschriften	S. 1388 - 1393	skip0100.html
2025	title	144	2025-12-17	/fastmedia/218/2025_12_17_GBl_Nr_0144_signed.pdf	1	Gesetzblatt 2025 Nr. 144	Erstes Ortsgesetz zur Änderung des Haushaltsgesetzes der Stadtgemeinde Bremen für das Haushaltsjahr 2025	S. 1382 - 1387	skip0100.html
2025	title	143	2025-12-17	/fastmedia/218/2025_12_17_GBl_Nr_0143_signed.pdf	1	Gesetzblatt 2025 Nr. 143	Zweites Gesetz zur Änderung des Haushaltsgesetzes der Freien Hansestadt Bremen für das Haushaltsjahr 2025	S. 1376 - 1381	skip0100.html
2025	title	142	2025-12-16	/fastmedia/218/2025_12_16_GBl_Nr_0142_signed.pdf	1	Gesetzblatt 2025 Nr. 142	Zweites Gesetz zur Änderung des Ausbildungsunterstützungsfondsgesetzes	S. 1374 - 1375	skip0100.html
2025	title	141	2025-12-13	/fastmedia/218/2025_12_13_GBl_Nr_0141_signed.pdf	1	Gesetzblatt 2025 Nr. 141	Verordnung zur Aufhebung der Verordnung zur Übertragung von Aufgaben der Vertrauensstelle des Bremer Krebsregisters	S. 1373	skip0100.html
2025	title	140	2025-12-13	/fastmedia/218/2025_12_13_GBl_Nr_0140_signed.pdf	1	Gesetzblatt 2025 Nr. 140	Berichtigung des Gesetzblattes Nr. 128	S. 1372	skip0100.html
2025	title	139	2025-12-11	/fastmedia/218/2025_12_11_GBl_Nr_0139_signed.pdf	1	Gesetzblatt 2025 Nr. 139	Gebührenordnung für die Unterbringung von zugewiesenen ausländischen Personen und Spätaussiedelnden in der Stadt Bremerhaven	S. 1369 - 1371	skip0100.html
2025	title	138	2025-12-11	/fastmedia/218/2025_12_11_GBl_Nr_0138_signed.pdf	1	Gesetzblatt 2025 Nr. 138	Ortsgesetz über die Unterbringung von zugewiesenen ausländischen Personen und Spätaussiedelnden in der Stadt Bremerhaven	S. 1363 - 1368	skip0100.html
2025	title	137	2025-12-11	/fastmedia/218/2025_12_11_GBl_Nr_0137_signed.pdf	1	Gesetzblatt 2025 Nr. 137	Ortsgesetz zur Änderung des Hundesteuerortsgesetzes	S. 1359 - 1362	skip0100.html
2025	title	136	2025-12-11	/fastmedia/218/2025_12_11_GBl_Nr_0136_signed.pdf	1	Gesetzblatt 2025 Nr. 136	Verordnung zur Änderung der Kostenverordnung der Wirtschaftsverwaltung	S. 1356 - 1358	skip0100.html
2025	title	135	2025-12-11	/fastmedia/218/2025_12_11_GBl_Nr_0135_signed.pdf	1	Gesetzblatt 2025 Nr. 135	Bekanntmachung einer Entscheidung des Staatsgerichtshofs der Freien Hansestadt Bremen vom 10. September 2025 zur verfassungsrechtlichen Prüfung des Gesetzes zur Änderung des Haushaltsgesetzes der Freien Hansestadt Bremen für das Haushaltsjahr 2023 vom 28. März 2023 sowie des § 18 Absatz 4 der Landeshaushaltsordnung	S. 1355	skip0100.html
2025	title	134	2025-12-11	/fastmedia/218/2025_12_11_GBl_Nr_0134_signed.pdf	1	Gesetzblatt 2025 Nr. 134	Bekanntmachung einer Entscheidung des Staatsgerichtshofs der Freien Hansestadt Bremen vom 10. September 2025 über die Unvereinbarkeit von § 1 Absatz 1, § 2 Absatz 1 und § 15 Absatz 1 des Haushaltsgesetzes der Freien Hansestadt Bremen für das Haushaltsjahr 2024 mit Artikel 131a Absatz 1 und 3 der Landesverfassung der Freien Hansestadt Bremen	S. 1354	skip0100.html
2025	title	133	2025-12-10	/fastmedia/218/2025_12_10_GBl_Nr_0133_signed.pdf	1	Gesetzblatt 2025 Nr. 133	Achte Verordnung zur Änderung der Kostenverordnung der Umweltverwaltung	S. 1353	skip0100.html
2025	title	132	2025-12-04	/fastmedia/218/2025_12_04_GBl_Nr_0132_signed.pdf	1	Gesetzblatt 2025 Nr. 132	Zweite Verordnung zur Änderung der Kostenverordnung für das amtliche Vermessungswesen und die Gutachterausschüsse für Grundstückswerte nach dem Baugesetzbuch	S. 1327 - 1352	skip0100.html
2025	title	131	2025-12-02	/fastmedia/218/2025_12_02_GBl_Nr_0131_signed.pdf	1	Gesetzblatt 2025 Nr. 131	Zweites Gesetz zur Änderung des Gesetzes über die Einführung einer FamilienCard und die Verwaltungszuständigkeit	S. 1326	skip0100.html
2025	title	130	2025-12-02	/fastmedia/218/2025_12_02_GBl_Nr_0130_signed.pdf	1	Gesetzblatt 2025 Nr. 130	Bremisches Gesetz zum Abkommen zur Änderung des Abkommens über die Zentralstelle der Länder für Sicherheitstechnik (ZLS)	S. 1318 - 1325	skip0100.html
2025	title	129	2025-12-02	/fastmedia/218/2025_12_02_GBl_Nr_0129_signed.pdf	1	Gesetzblatt 2025 Nr. 129	Ortsgesetz zur Änderung der Gebührenordnung für die Abfallentsorgung in der Stadtgemeinde Bremen	S. 1314 - 1317	skip0100.html
2025	title	128	2025-11-29	/fastmedia/218/2025_11_29_GBl_Nr_0128_signed.pdf	1	Gesetzblatt 2025 Nr. 128	Verordnung zur Änderung der Bremischen Hafengebührenordnung	S. 1305 - 1313	skip0100.html
2025	title	127	2025-11-28	/fastmedia/218/2025_11_28_GBl_Nr_0127_signed.pdf	1	Gesetzblatt 2025 Nr. 127	Verordnung über die zulässige Miethöhe gemäß § 556d Absatz 2 des Bürgerlichen Gesetzbuchs (Mietenbegrenzungsverordnung)	S. 1254 - 1304	skip0100.html
2025	title	126	2025-11-28	/fastmedia/218/2025_11_28_GBl_Nr_0126_signed.pdf	1	Gesetzblatt 2025 Nr. 126	Verordnung zur Änderung der Verordnung über den Psychiatrieausschuss des Landes Bremen	S. 1250 - 1253	skip0100.html
2025	title	125	2025-11-26	/fastmedia/218/2025_11_26_GBl_Nr_0125_signed.pdf	1	Gesetzblatt 2025 Nr. 125	Verordnung über die Sonntagsöffnung von Verkaufsstellen in der Stadt Bremerhaven	S. 1248 - 1249	skip0100.html
2025	title	124	2025-11-26	/fastmedia/218/2025_11_26_GBl_Nr_0124_signed.pdf	1	Gesetzblatt 2025 Nr. 124	Zweite Verordnung zur Änderung der Bremischen Mindestentgeltbestimmungsverordnung	S. 1017 - 1247	skip0100.html
2025	title	123	2025-11-26	/fastmedia/218/2025_11_26_GBl_Nr_0123_signed.pdf	1	Gesetzblatt 2025 Nr. 123	Zweiunddreißigste Verordnung zur Änderung der eAkten-Verordnung	S. 1016	skip0100.html
2025	title	122	2025-11-19	/fastmedia/218/2025_11_19_GBl_Nr_0122_signed.pdf	1	Gesetzblatt 2025 Nr. 122	Haushaltssatzung der Stadt Bremerhaven für das Haushaltsjahr 2025	S. 998 - 1015	skip0100.html
2025	title	121	2025-11-12	/fastmedia/218/2025_11_12_GBl_Nr_0121_signed.pdf	1	Gesetzblatt 2025 Nr. 121	Ortsgesetz zur Änderung des Ortsgesetzes über die Behandlung von Petitionen auf kommunaler Ebene	S. 994 - 997	skip0100.html
2025	title	120	2025-11-06	/fastmedia/218/2025_11_06_GBl_Nr_0120_signed.pdf	1	Gesetzblatt 2025 Nr. 120	Gesetz zur Aufhebung der Stiftung zur Förderung des künstlerischen Nachwuchses und zur Änderung des Gesetzes zur Errichtung der Stiftung zur Förderung des künstlerischen Nachwuchses	S. 993	skip0100.html
2025	title	119	2025-11-06	/fastmedia/218/2025_11_06_GBl_Nr_0119_signed.pdf	1	Gesetzblatt 2025 Nr. 119	Vierzehntes Ortsgesetz zur Änderung des Ortsgesetzes über Beiräte und Ortsämter	S. 990 - 992	skip0100.html
2025	title	118	2025-10-30	/fastmedia/218/2025_10_30_GBl_Nr_0118_signed.pdf	1	Gesetzblatt 2025 Nr. 118	Verordnung zur Neuregelung der maschinellen Führung der Insolvenztabelle	S. 959 - 989	skip0100.html
2025	title	117	2025-10-16	/fastmedia/218/2025_10_16_GBl_Nr_0117_signed.pdf	1	Gesetzblatt 2025 Nr. 117	Verordnung über die Feststellung und Bekämpfung von Ratten im Land Bremen (BremRatBekV)	S. 953 - 958	skip0100.html
2025	title	116	2025-10-15	/fastmedia/218/2025_10_15_GBl_Nr_0116_signed.pdf	1	Gesetzblatt 2025 Nr. 116	Zweite Verordnung zur Änderung der Verordnung über die Ermittlungspersonen der Staatsanwaltschaft	S. 947 - 952	skip0100.html
2025	title	115	2025-10-15	/fastmedia/218/2025_10_15_GBl_Nr_0115_signed.pdf	1	Gesetzblatt 2025 Nr. 115	Verordnung zur Änderung der Bremischen Verordnung über die Zuständigkeit der Behörden nach dem Konsumcannabisgesetz	S. 946	skip0100.html
2025	title	114	2025-10-15	/fastmedia/218/2025_10_15_GBl_Nr_0114_signed.pdf	1	Gesetzblatt 2025 Nr. 114	Verordnung über das Landschaftsschutzgebiet „Uni-Wildnis und Umgebung“ im Stadtteil Horn-Lehe, Ortsteil Lehe der Stadtgemeinde Bremen	S. 940 - 945	skip0100.html
2025	title	113	2025-10-11	/fastmedia/218/2025_10_11_GBl_Nr_0113_signed.pdf	1	Gesetzblatt 2025 Nr. 113	Vierte Verordnung zur Änderung der Verordnung zur Übermittlung von Meldedaten	S. 939	skip0100.html
2025	title	112	2025-10-11	/fastmedia/218/2025_10_10_GBl_Nr_0112_signed.pdf	1	Gesetzblatt 2025 Nr. 112	Zweites Gesetz zur Änderung des Bremischen Rechtsbereinigungsgesetzes	S. 938	skip0100.html
2025	title	111	2025-10-10	/fastmedia/218/2025_10_10_GBl_Nr_0111_signed.pdf	1	Gesetzblatt 2025 Nr. 111	Gesetz zu dem Achten Staatsvertrag zur Änderung medienrechtlicher Staatsverträge – Reform des Verfahrens zur Festsetzung des Rundfunkbeitrages	S. 933 - 937	skip0100.html
2025	title	110	2025-10-10	/fastmedia/218/2025_10_10_GBl_Nr_0110_signed.pdf	1	Gesetzblatt 2025 Nr. 110	Gesetz zu dem Siebten Staatsvertrag zur Änderung medienrechtlicher Staatsverträge – Reform des öffentlich-rechtlichen Rundfunks (Reformstaatsvertrag)	S. 849 - 932	skip0100.html
2025	title	109	2025-10-10	/fastmedia/218/2025_10_10_GBl_Nr_0109_signed.pdf	1	Gesetzblatt 2025 Nr. 109	Gesetz zu dem Sechsten Medienänderungsstaatsvertrag und zur Änderung des Bremischen Landesmediengesetzes	S. 815 - 848	skip0100.html
2025	title	108	2025-10-03	/fastmedia/218/2025_10_03_GBl_Nr_0108_signed.pdf	1	Gesetzblatt 2025 Nr. 108	Ortsgesetz zur Neufassung der Friedhofsordnung für die stadteigenen Friedhöfe in Bremen	S. 806 - 814	skip0100.html
2025	title	107	2025-10-03	/fastmedia/218/2025_10_03_GBl_Nr_0107_signed.pdf	1	Gesetzblatt 2025 Nr. 107	Gesetz zur Änderung des Gesetzes über das Friedhofs- und Bestattungswesen in der Freien Hansestadt Bremen	S. 797 - 805	skip0100.html
2025	title	106	2025-10-01	/fastmedia/218/2025_10_01_GBl_Nr_0106_signed.pdf	1	Gesetzblatt 2025 Nr. 106	Bremische Verordnung über Vorgaben für ein sicheres und digitales Containerfrei-stellungsverfahren	S. 792 - 796	skip0100.html
2025	title	105	2025-09-26	/fastmedia/218/2025_09_26_GBl_Nr_0105_signed.pdf	1	Gesetzblatt 2025 Nr. 105	Verordnung über die Festlegung der Zulassungszahlen zum Vorbereitungsdienst für die Lehrämter an öffentlichen Schulen sowie zu Ausgleichs-, Qualifizierungs-, Seiten- und Quereinstiegs-maßnahmen im Land Bremen (KapVO)	S. 786 - 791	skip0100.html
2025	title	104	2025-09-23	/fastmedia/218/2025_09_23_GBl_Nr_0104_signed.pdf	1	Gesetzblatt 2025 Nr. 104	Verordnung zur elektronischen Aktenführung bei der Steuerfahndungs- und Strafsachenstelle des Landes Bremen in Steuerstrafverfahren und Verfahren wegen Steuerordnungs-widrigkeiten und gleichgestellten Ordnungswidrigkeiten (Bremische eAkten-Verordnung für Steuerstraf- und Steuerordnungswidrigkeitenverfahren)	S. 783 - 785	skip0100.html
2025	title	103	2025-09-20	/fastmedia/218/2025_09_20_GBl_Nr_0103_signed.pdf	1	Gesetzblatt 2025 Nr. 103	Verordnung zur Neuregelung der Festsetzung der Hochwasserschutzlinie im Land Bremen	S. 769 - 782	skip0100.html
2025	title	102	2025-09-17	/fastmedia/218/2025_09_17_GBl_Nr_0102_signed.pdf	1	Gesetzblatt 2025 Nr. 102	Berichtigung des Gesetzblattes Nr. 100	S. 768	skip0100.html
2025	title	101	2025-09-16	/fastmedia/218/2025_09_16_GBl_Nr_0101_signed.pdf	1	Gesetzblatt 2025 Nr. 101	Berichtigung des Gesetzblattes Nummer 61	S. 767	skip0100.html
2025	title	100	2025-09-12	/fastmedia/218/2025_09_12_GBl_Nr_0100_signed.pdf	1	Gesetzblatt 2025 Nr. 100	Fünfzehnte Verordnung zur Änderung der Kostenverordnung für die innere Verwaltung	S. 726 - 766	skip0100.html
2025	title	99	2025-09-12	/fastmedia/218/2025_09_12_GBl_Nr_0099_signed.pdf	1	Gesetzblatt 2025 Nr. 99	Bekanntmachung einer Entscheidung des Oberverwaltungsgerichts der Freien Hansestadt Bremen vom 18. Juni 2025 über die Feststellung der Unwirksamkeit des § 8 des Entwässerungsgebührenortsgesetzes der Stadtgemeinde Bremen in der vom 1. April 2020 bis 31. Dezember 2022 und in der vom 1. Januar 2023 bis zum 31. März 2024 geltenden Fassung	S. 725	skip0100.html
2025	title	98	2025-09-12	/fastmedia/218/2025_09_12_GBl_Nr_0098_signed.pdf	1	Gesetzblatt 2025 Nr. 98	Bekanntmachung über die Änderung von Zuständigkeiten	S. 674 - 724	skip0100.html
2025	title	97	2025-09-11	/fastmedia/218/2025_09_11_GBl_Nr_0097_signed.pdf	1	Gesetzblatt 2025 Nr. 97	Berichtigung des Gesetzblattes Nr. 95	S. 673	skip0100.html
2025	title	96	2025-09-04	/fastmedia/218/2025_09_04_GBl_Nr_0096_signed.pdf	1	Gesetzblatt 2025 Nr. 96	Verordnung zur Neufassung der Bremischen Leistungsprämien- und ‑zulagenverordnung	S. 668 - 672	skip0100.html
2025	title	95	2025-09-04	/fastmedia/218/2025_09_04_GBl_Nr_0095_signed.pdf	1	Gesetzblatt 2025 Nr. 95	Entwurf eines Verwaltungsverfahrenseffektivierungsgesetzes	S. 663 - 667	skip0100.html
2025	title	94	2025-09-04	/fastmedia/218/2025_09_04_GBl_Nr_0094_signed.pdf	1	Gesetzblatt 2025 Nr. 94	Sechstes Gesetz zur Änderung des Bremischen Tageseinrichtungs- und Kindertagespflegegesetzes	S. 658 - 662	skip0100.html
2025	title	93	2025-09-03	/fastmedia/218/2025_09_03_GBl_Nr_0093_signed.pdf	1	Gesetzblatt 2025 Nr. 93	Einunddreißigste Verordnung zur Änderung der eAkten-Verordnung	S. 656 - 657	skip0100.html
2025	title	92	2025-07-26	/fastmedia/218/2025_07_26_ABl_Nr_0092_signed.pdf	1	Gesetzblatt 2025 Nr. 92	Zweites Ortsgesetz zur Änderung der Beitragsordnung für die Kindertageseinrichtungen und die Kindertagespflege in der Stadtgemeinde Bremerhaven	S. 644 - 655	skip0100.html
2025	title	91	2025-07-25		1	Gesetzblatt 2025 Nr. 91 wurde aufgehoben	Gesetzblatt Nr. 91 wurde aufgehoben		skip0100.html
2025	title	90	2025-07-24	/fastmedia/218/2025_07_24_GBl_Nr_0090_signed.pdf	1	Gesetzblatt 2025 Nr. 90	Verordnung zur Umsetzung des Betäubungsmittelrechts und zur Außerkraftsetzung der Verordnung über die Zuständigkeit für die Verfolgung und Ahndung von Ordnungswidrigkeiten nach § 17 des Heimgesetzes	S. 637 - 643	skip0100.html
2025	title	89	2025-07-24	/fastmedia/218/2025_07_24_GBl_Nr_0089_signed.pdf	1	Gesetzblatt 2025 Nr. 89	Zweite Verordnung zur Änderung der Verordnung zur Übertragung von Ermächtigungen zur Regelung von Zuständigkeiten in der Finanzverwaltung	S. 635 - 636	skip0100.html
2025	title	88	2025-07-17	/fastmedia/218/2025_07_17_GBl_Nr_0088_signed.pdf	1	Gesetzblatt 2025 Nr. 88	Berichtigung des Gesetzblattes Nr. 78	S. 627 - 634	skip0100.html
2025	title	87	2025-07-15	/fastmedia/218/2025_07_15_GBl_Nr_0087_signed.pdf	1	Gesetzblatt 2025 Nr. 87	Anpassung der Fraktionsbeiträge der Stadtverordnetenversammlung	S. 626	skip0100.html
2025	title	86	2025-07-15	/fastmedia/218/2025_07_15_GBl_Nr_0086_signed.pdf	1	Gesetzblatt 2025 Nr. 86	Anpassung der Aufwandsentschädigung der Mitglieder der Stadtverordnetenversammlung	S. 625	skip0100.html
2025	title	85	2025-07-12	/fastmedia/218/2025_07_12_GBl_Nr_0085_signed.pdf	1	Gesetzblatt 2025 Nr. 85	Berichtigung des Gesetzblattes Nummer 77	S. 624	skip0100.html
2025	title	84	2025-07-12	/fastmedia/218/2025_07_12_GBl_Nr_0084_signed.pdf	1	Gesetzblatt 2025 Nr. 84	Fünfzehntes Ortsgesetz zur Änderung der Kostenordnung für die Feuerwehr der Stadt Bremerhaven (Feuerwehrkostenordnung)	S. 623	skip0100.html
2025	title	83	2025-07-11	/fastmedia/218/2025_07_11_GBl_Nr_0083_signed.pdf	1	Gesetzblatt 2025 Nr. 83	Berichtigung des Gesetzblattes Nummer 77	S. 622	skip0100.html
2025	title	82	2025-07-09	/fastmedia/218/2025_07_09_GBl_Nr_0082_signed.pdf	1	Gesetzblatt 2025 Nr. 82	Gesetz zur Änderung des Gesetzes über die Rechtsverhältnisse der Mitglieder der Bremischen Bürgerschaft (Bremisches Abgeordnetengesetz)	S. 617 - 621	skip0100.html
2025	title	81	2025-07-09	/fastmedia/218/2025_07_09_GBl_Nr_0081_signed.pdf	1	Gesetzblatt 2025 Nr. 81	Gesetz zur Änderung des Bremischen Gesetzes über die Erhebung einer Tourismusabgabe („Citytax“)	S. 616	skip0100.html
2025	title	80	2025-07-09	/fastmedia/218/2025_07_09_GBl_Nr_0080_signed.pdf	1	Gesetzblatt 2025 Nr. 80	Bremisches Gesetz über das Halten von Hunden (BremHundeG)	S. 598 - 615	skip0100.html
2025	title	79	2025-07-09	/fastmedia/218/2025_07_09_GBl_Nr_0079_signed.pdf	1	Gesetzblatt 2025 Nr. 79	Erstes Ortsgesetz zur Änderung des Ortsgesetzes über die Erhebung von Unterrichtsgebühren an der Musikschule Bremen der Stadtgemeinde Bremen	S. 594 - 597	skip0100.html
2025	title	78	2025-07-09	/fastmedia/218/2025_07_09_GBl_Nr_0078_signed.pdf	1	Gesetzblatt 2025 Nr. 78	Verordnung zum Schutz von Bäumen in der Freien Hansestadt Bremen (BremBaumSchV)	S. 584 - 593	skip0100.html
2025	title	77	2025-07-02	/fastmedia/218/2025_07_02_GBl_Nr_0077_signed.pdf	1	Gesetzblatt 2025 Nr. 77	Erste Verordnung zur Änderung der Bremischen Verordnung zur Studienakkreditierung	S. 574 - 583	skip0100.html
2025	title	76	2025-06-30	/fastmedia/218/2025_06_30_GBl%200076_signed.pdf	1	Gesetzblatt 2025 Nr. 76	Änderung der Geschäftsverteilung im Senat	S. 572 - 573	skip0100.html
2025	title	75	2025-06-26	/fastmedia/218/2025_06_26_GBl_Nr_0075_signed.pdf	1	Gesetzblatt 2025 Nr. 75	Verordnung zur Änderung der Verordnung über Zuständigkeiten nach der Gewerbeordnung und zur Änderung der Verordnung über die für die Verfolgung und Ahndung von Ordnungswidrigkeiten nach den §§ 144, 145, 146, 147a und 147b der Gewerbeordnung zuständigen Behörden	S. 570 - 571	skip0100.html
2025	title	74	2025-06-26	/fastmedia/218/2025_06_26_GBl_Nr_0074_signed.pdf	1	Gesetzblatt 2025 Nr. 74	Gesetz zur Neuregelung der Zuständigkeiten nach dem Bremischen Spielhallengesetz sowie der glücksspielrechtlichen Aufsichtsbefugnisse	S. 566 - 569	skip0100.html
2025	title	73	2025-06-26	/fastmedia/218/2025_06_26_GBl_Nr_0073_signed.pdf	1	Gesetzblatt 2025 Nr. 73	Gesetz zur Änderung dienstrechtlicher Vorschriften	S. 554 - 565	skip0100.html
2025	title	72	2025-06-25	/fastmedia/218/2025_06_25_GBl_Nr_0072_signed.pdf	1	Gesetzblatt 2025 Nr. 72	Gesetz zur Änderung des Bremischen Polizeigesetzes	S. 553	skip0100.html
2025	title	71	2025-06-19	/fastmedia/218/2025_06_19_GBl_Nr_0071_signed.pdf	1	Gesetzblatt 2025 Nr. 71	Berichtigung des Gesetzblattes Nummer 42 aus dem Jahr 2012	S. 552	skip0100.html
2025	title	70	2025-06-19	/fastmedia/218/2025_06_19_GBl_Nr_0070_signed.pdf	1	Gesetzblatt 2025 Nr. 70	Bremische Verordnung über die Inklusive Bildung an öffentlichen Schulen (BremInBilV)	S. 518 - 551	skip0100.html
2025	title	69	2025-06-13	/fastmedia/218/2025_06_13_GBl_Nr_0069_signed.pdf	1	Gesetzblatt 2025 Nr. 69	Anpassung der Aufwandsentschädigung für die nicht der Bürgerschaft (Landtag) angehörenden Mitglieder der Stadtbürgerschaft	S. 517	skip0100.html
2025	title	68	2025-06-13	/fastmedia/218/2025_06_13_GBl_Nr_0068_signed.pdf	1	Gesetzblatt 2025 Nr. 68	Anpassung der Entschädigung für die Mitglieder der Bremischen Bürgerschaft	S. 516	skip0200.html
2025	title	67	2025-06-13	/fastmedia/218/2025_06_13_GBl_Nr_0067_signed.pdf	1	Gesetzblatt 2025 Nr. 67	Bremische Ausbildungs- und Prüfungsordnung für den Amtsanwaltsdienst	S. 509 - 515	skip0200.html
2025	title	66	2025-06-05	/fastmedia/218/2025_06_05_GBl_Nr_0066_signed.pdf	1	Gesetzblatt 2025 Nr. 66	Verordnung über die Änderung der Verordnung über die Sekundarstufe I der Oberschule	S. 503 - 508	skip0200.html
2025	title	65	2025-05-30	/fastmedia/218/2025_05_30_GBl_Nr_0065_signed.pdf	1	Gesetzblatt 2025 Nr. 65	Zweite Verordnung zur Änderung der Kostenverordnung der Bildungsverwaltung	S. 502	skip0200.html
2025	title	64	2025-05-30	/fastmedia/218/2025_05_30_GBl_Nr_0064_signed.pdf	1	Gesetzblatt 2025 Nr. 64	Sechstes Ortsgesetz zur Änderung des Ortsgesetzes über die Beiträge für die Kindergärten und Horte der Stadtgemeinde Bremen	S. 492 - 501	skip0200.html
2025	title	63	2025-05-30	/fastmedia/218/2025_05_30_GBl_Nr_0063_signed.pdf	1	Gesetzblatt 2025 Nr. 63	Gesetz zur Änderung des Bremischen Hafensicherheitsgesetzes	S. 488 - 491	skip0200.html
2025	title	62	2025-05-30	/fastmedia/218/2025_05_30_GBl_Nr_0062_signed.pdf	1	Gesetzblatt 2025 Nr. 62	Gesetz über die Landesregulierungsbehörde der Freien Hansestadt Bremen	S. 485 - 487	skip0200.html
2025	title	61	2025-05-30	/fastmedia/218/2025_05_30_GBl_Nr_0061_signed.pdf	1	Gesetzblatt 2025 Nr. 61	Gesetz zur Anpassung der bremischen Vollzugsgesetze an aktuelle Entwicklungen des Personenstandsrechts	S. 475 - 484	skip0200.html
2025	title	60	2025-05-30	/fastmedia/218/2025_05_30_GBl_Nr_0060_signed.pdf	1	Gesetzblatt 2025 Nr. 60	Ortsgesetz zur Änderung der Benutzungs- und Gebührenordnung der Stadtbibliothek Bremerhaven	S. 472 - 474	skip0200.html
2025	title	59	2025-05-28	/fastmedia/218/2025_05_28_GBl_Nr_0059_signed.pdf	1	Gesetzblatt 2025 Nr. 59	Bekanntmachung einer Entscheidung des Staatsgerichtshofs der Freien Hansestadt Bremen vom 10. Februar 2025 über die Feststellung einer Verletzung der Rechte nach Artikel 83 Absatz 1 der Landesverfassung der Freien Hansestadt Bremen	S. 471	skip0200.html
2025	title	58	2025-05-24	/fastmedia/218/2025_05_24_GBl_Nr_0058_signed.pdf	1	Gesetzblatt 2025 Nr. 58	Berichtigung des Gesetzblattes Bremische Verordnung zur staatlichen Anerkennung von Elementarpädagoginnen und Elementarpädagogen (Bremische Elementarpädagogikanerkennungsverordnung)	S. 470	skip0200.html
2025	title	57	2025-05-24	/fastmedia/218/2025_05_24_GBl_Nr_0057_signed.pdf	1	Gesetzblatt 2025 Nr. 57	Berichtigung des Gesetzblattes Bremische Verordnung zur staatlichen Anerkennung von Sozialpädagoginnen und Sozialpädagogen sowie von Sozialarbeiterinnen und Sozialarbeitern	S. 469	skip0200.html
2025	title	56	2025-05-24	/fastmedia/218/2025_05_24_GBl_Nr_0056_signed.pdf	1	Gesetzblatt 2025 Nr. 56	Berichtigung des Gesetzblattes Bremische Verordnung zur staatlichen Anerkennung von Heilerziehungspflegerinnen und Heilerziehungspflegern (Bremische Heilerziehungspflegeanerkennungsverordnung)	S. 468	skip0200.html
2025	title	55	2025-05-24	/fastmedia/218/2025_05_24_GBl_Nr_0055_signed.pdf	1	Gesetzblatt 2025 Nr. 55	Berichtigung des Gesetzblattes Bremische Verordnung zur staatlichen Anerkennung von Erzieherinnen und Erziehern	S. 467	skip0200.html
2025	title	54	2025-05-24	/fastmedia/218/2025_05_24_GBl_Nr_0054_signed.pdf	1	Gesetzblatt 2025 Nr. 54	Berichtigung des Gesetzblattes Bremische Verordnung über die staatliche Anerkennung von im Ausland erworbener reglementierter Sozialberufe (BremSobAnV)	S. 466	skip0200.html
2025	title	53	2025-05-21	/fastmedia/218/2025_05_21_GBl_Nr_0053_signed.pdf	1	Gesetzblatt 2025 Nr. 53	Dreißigste Verordnung zur Änderung der eAkten-Verordnung	S. 464 - 465	skip0200.html
2025	title	52	2025-05-15	/fastmedia/218/2025_05_15_GBl_Nr_0052_signed.pdf	1	Gesetzblatt 2025 Nr. 52	Bekanntmachung einer Entscheidung des Staatsgerichtshofs der Freien Hansestadt Bremen vom 11. November 2024 in einem Normenkontrollverfahren zur verfassungsrechtlichen Prüfung des Gesetzes zur Errichtung eines Ausbildungsunterstützungsfonds im Land Bremen	S. 463	skip0200.html
2025	title	51	2025-05-15	/fastmedia/218/2025_05_15_GBl_Nr_0051_signed.pdf	1	Gesetzblatt 2025 Nr. 51	Bekanntmachung einer Entscheidung des Staatsgerichtshofs der Freien Hansestadt Bremen vom 20. März 2025 über einen Antrag, dem Senat im Wege einer einstweiligen Anordnung zu untersagen, im Bundesrat einer Änderung von Artikel 109 Absatz 3 des Grundgesetzes für die Bundesrepublik Deutschland zuzustimmen	S. 462	skip0200.html
2025	title	50	2025-05-15	/fastmedia/218/2025_05_15_GBl_Nr_0050_signed.pdf	1	Gesetzblatt 2025 Nr. 50	Polizeiverordnung über das Verbot des Verkaufs sowie der Abgabe von Distickstoffmonoxid („Lachgas“) an Minderjährige und in bestimmten Verkaufs- und Vertriebsstätten	S. 460 - 461	skip0200.html
2025	title	49	2025-05-08	/fastmedia/218/2025_05_08_GBl_Nr_0049_signed.pdf	1	Gesetzblatt 2025 Nr. 49	Sechste Verordnung zur Änderung der Verordnung über Beförderungsentgelte im Taxenverkehr der Stadtgemeinde Bremerhaven (Taxentarifverordnung) in der Fassung der Bekanntmachung vom 20. November 2002	S. 458 - 459	skip0200.html
2025	title	48	2025-05-08	/fastmedia/218/2025_05_08_GBl_Nr_0048_signed.pdf	1	Gesetzblatt 2025 Nr. 48	Bremische Verordnung zur staatlichen Anerkennung von Elementarpädagoginnen und Elementarpädagogen (Bremische Elementarpädagogikanerkennungsverordnung)	S. 448 - 457	skip0200.html
2025	title	47	2025-05-08	/fastmedia/218/2025_05_08_GBl_Nr_0047_signed.pdf	1	Gesetzblatt 2025 Nr. 47	Bremische Verordnung zur staatlichen Anerkennung von Sozialpädagoginnen und Sozialpädagogen sowie von Sozialarbeiterinnen und Sozialarbeitern	S. 437 - 447	skip0200.html
2025	title	46	2025-05-08	/fastmedia/218/2025_05_08_GBl_Nr_0046_signed.pdf	1	Gesetzblatt 2025 Nr. 46	Bremische Verordnung zur staatlichen Anerkennung von Heilerziehungspflegerinnen und Heilerziehungspflegern (Bremische Heilerziehungspflegeanerkennungsverordnung)	S. 423 - 436	skip0200.html
2025	title	45	2025-05-08	/fastmedia/218/2025_05_08_GBl_Nr_0045_signed.pdf	1	Gesetzblatt 2025 Nr. 45	Bremische Verordnung zur staatlichen Anerkennung von Erzieherinnen und Erziehern (Bremische Erzieherinnen- und Erzieheranerkennungsverordnung)	S. 408 - 422	skip0200.html
2025	title	44	2025-05-08	/fastmedia/218/2025_05_08_GBl_Nr%200044_signed.pdf	1	Gesetzblatt 2025 Nr. 44	Bremische Verordnung über die staatliche Anerkennung von im Ausland erworbener reglementierter Sozialberufe (BremSobAnV)	S. 403 - 407	skip0200.html
2025	title	43	2025-05-03	/fastmedia/218/2025_05_03_GBl_Nr_0043_signed.pdf	1	Gesetzblatt 2025 Nr. 43	Neunundzwanzigste Verordnung zur Änderung der eAkten-Verordnung	S. 400 - 402	skip0200.html
2025	title	42	2025-05-01	/fastmedia/218/2025_05_01_GBl_Nr_0042_signed.pdf	1	Gesetzblatt 2025 Nr. 42	Erste Verordnung zur Änderung der Verordnung über die Einrichtung eines Landespflegeausschusses nach dem Elften Buch Sozialgesetzbuch	S. 398 - 399	skip0200.html
2025	title	41	2025-05-01	/fastmedia/218/2025_05_01_GBl_Nr_0041_signed.pdf	1	Gesetzblatt 2025 Nr. 41	Berichtigung des Gesetzblattes Nummer 13	S. 396 - 397	skip0200.html
2025	title	40	2025-04-29	/fastmedia/218/2025_04_29_GBl_Nr_0040_signed.pdf	1	Gesetzblatt 2025 Nr. 40	Neunte Verordnung zur Änderung der Allgemeinen Kostenverordnung	S. 394 - 395	skip0200.html
2025	title	39	2025-04-26	/fastmedia/218/2025_04_26_GBl_Nr_0039_signed.pdf	1	Gesetzblatt 2025 Nr. 39	Zweite Verordnung zur Änderung der Verordnung über die Berufsfachschule für sozialpädagogische Assistenz	S. 387 - 393	skip0200.html
2025	title	38	2025-04-26	/fastmedia/218/2025_04_26_GBl_Nr_0038_signed.pdf	1	Gesetzblatt 2025 Nr. 38	Verordnung zur Änderung der Bremischen Hafengebührenordnung und der Lotsenordnung für das Hafenlotsenwesen in Bremerhaven	S. 383 - 386	skip0200.html
2025	title	37	2025-04-16	/fastmedia/218/2025_04_16_GBl_Nr%200037_signed.pdf	1	Gesetzblatt 2025 Nr. 37	Gesetz zur Änderung des Bremischen Hochschulgesetzes	S. 382	skip0200.html
2025	title	36	2025-04-12	/fastmedia/218/2025_04_12_GBl_Nr_0036_signed.pdf	1	Gesetzblatt 2025 Nr. 36	Bremisches Gesetz zu dem Staatsvertrag zur Aufgabenerfüllung nach dem Barrierefreiheitsstärkungsgesetz	S. 356 - 381	skip0200.html
2025	title	35	2025-04-11	/fastmedia/218/2025_04_11_GBl_Nr_0035_signed.pdf	1	Gesetzblatt 2025 Nr. 35	Bremische Verordnung über Zuständigkeiten nach abfallrechtlichen Vorschriften	S. 352 - 355	skip0200.html
2025	title	34	2025-04-11	/fastmedia/218/2025_04_11_GBl_Nr_0034_signed.pdf	1	Gesetzblatt 2025 Nr. 34	Gesetz zur Änderung des Bremischen Schulgesetzes und des Bremischen Schuldatenschutzgesetzes	S. 326 - 351	skip0200.html
2025	title	33	2025-04-11	/fastmedia/218/2025_04_11_GBl_Nr%200033_signed.pdf	1	Gesetzblatt 2025 Nr. 33	Gesetz zur Novellierung des Bremischen Hilfeleistungsgesetzes	S. 261 - 325	skip0200.html
2025	title	32	2025-04-11	/fastmedia/218/2025_04_11_GBl_Nr_0032_signed.pdf	1	Gesetzblatt 2025 Nr. 32	Zweites Gesetz zur Änderung des Gesetzes über den öffentlichen Personennahverkehr im Land Bremen	S. 258 - 260	skip0200.html
2025	title	31	2025-04-08	/fastmedia/218/2025_04_08_GBl_Nr_0031_signed.pdf	1	Gesetzblatt 2025 Nr. 31	Erstes Gesetz zur Änderung des Ausbildungsunterstützungsfondsgesetzes	S. 255 - 257	skip0200.html
2025	title	30	2025-04-05	/fastmedia/218/2025_04_05_GBl_Nr_0030_signed.pdf	1	Gesetzblatt 2025 Nr. 30	Berichtigung des Gesetzblattes Nummer 28	S. 254	skip0200.html
2025	title	29	2025-04-03	/fastmedia/218/2025_04_03_GBl_Nr_0029_signed.pdf	1	Gesetzblatt 2025 Nr. 29	Erste Verordnung zur Änderung der Verordnung eines verbindlichen Lehrplans für die Ausbildung zur Pflegefachfrau oder zum Pflegefachmann nach dem Pflegeberufegesetz	S. 124 - 253	skip0200.html
2025	title	28	2025-04-03	/fastmedia/218/2025_04_03_GBl_Nr_0028_signed.pdf	1	Gesetzblatt 2025 Nr. 28	Verordnung zur Errichtung und Ausgestaltung des Hanseatic Commercial Court for Aerospace, Logistics and Maritime Trade der Freien Hansestadt Bremen (Bremische Commercial Court Verordnung – BremCCVO)	S. 121 - 123	skip0200.html
2025	title	27	2025-04-01	/fastmedia/218/2025_04_01_GBl_Nr_0027_signed.pdf	1	Gesetzblatt 2025 Nr. 27	Verordnung zur Übertragung der Zuständigkeiten für die Errichtung und Ausgestaltung der Commercial Courts und Commercial Chambers	S. 120	skip0200.html
2025	title	26	2025-03-27	/fastmedia/218/2025_03_27_GBl_Nr_0026_signed.pdf	1	Gesetzblatt 2025 Nr. 26	Zweite Verordnung zur Änderung der Verordnung zur Übertragung von Ermächtigungen zur elektronischen Aktenführung bei den Gerichten und Staatsanwaltschaften	S. 118 - 119	skip0200.html
2025	title	25	2025-03-26	/fastmedia/218/2025_03_26_GBl_Nr_0025_signed.pdf	1	Gesetzblatt 2025 Nr. 25	Berichtigung des Gesetzblattes Nr. 14	S. 117	skip0200.html
2025	title	24	2025-03-26	/fastmedia/218/2025_03_26_GBl_Nr_0024_signed.pdf	1	Gesetzblatt 2025 Nr. 24	Bremische Verordnung über die Prüfingenieurinnen, Prüfingenieure und Prüfsachverständigen (BremPPV)	S. 73 - 116	skip0200.html
2025	title	23	2025-03-26	/fastmedia/218/2025_03_26_GBl_Nr_0023_signed.pdf	1	Gesetzblatt 2025 Nr. 23	Berichtigung des Gesetzblattes Nr. 18	S. 71 - 72	skip0200.html
2025	title	22	2025-03-26	/fastmedia/218/2025_03_26_GBl_Nr_0022_signed.pdf	1	Gesetzblatt 2025 Nr. 22	Personalverordnung zum Bremischen Wohn- und Betreuungsgesetz (BremWoBeGPersVO)	S. 62 - 70	skip0200.html
2025	title	21	2025-03-21	/fastmedia/218/2025_03_21_GBl_Nr_0021_signed.pdf	1	Gesetzblatt 2025 Nr. 21	Justizneutralitätsgesetz	S. 58 - 61	skip0200.html
2025	title	20	2025-03-21	/fastmedia/218/2025_03_21_GBl_Nr_0020_signed.pdf	1	Gesetzblatt 2025 Nr. 20	Gesetz zur Änderung des Heilberufsgesetzes	S. 56 - 57	skip0200.html
2025	title	19	2025-03-21	/fastmedia/218/2025_03_21_GBl_Nr_0019_signed.pdf	1	Gesetzblatt 2025 Nr. 19	Gesetz zur Änderung des Gesetzes über die Errichtung eines „sonstigen Sondervermögens Fischereihafen“	S. 54 - 55	skip0200.html
2025	title	18	2025-03-21	/fastmedia/218/2025_03_21_GBl_Nr_0018_signed.pdf	1	Gesetzblatt 2025 Nr. 18	Ortsgesetz zur Änderung des Ortsgesetzes über die öffentliche Ordnung	S. 52 - 53	skip0200.html
2025	title	17	2025-03-12	/fastmedia/218/2025_03_12_GBl_Nr_0017_signed.pdf	1	Gesetzblatt 2025 Nr. 17	Verordnung über die Festlegung der Zulassungszahlen zum Vor-bereitungsdienst für die Lehrämter an öffentlichen Schulen, zu den Ausgleichsmaßnahmen sowie den lehramtsbezogenen Qualifizierungs-maßnahmen für Lehrkräfte mit einer ausländischen Lehrkräfteberufs-qualifikation und zu den Qualifizierungsmaßnahmen zum Erwerb der Lehrbefähigung in einem Fach im Lande Bremen (KapVO)	S. 46 - 51	skip0200.html
2025	title	16	2025-03-12	/fastmedia/218/2025_03_1_signed.pdf	1	Gesetzblatt 2025 Nr. 16	Bekanntmachung des Inkrafttretens des Staatsvertrages zur Änderung des Staatsvertrages zwischen der Freien Hansestadt Bremen und dem Land Niedersachsen im Bereich der beiden EU-Fonds Europäischer Garantiefonds für die Landwirtschaft und Europäischer Landwirtschaftsfonds für die Entwicklung des ländlichen Raums sowie nationaler Fördermaßnahmen	S. 45	skip0200.html
2025	title	15	2025-03-11	/fastmedia/218/2025_03_11_GBl_Nr_0015_signed.pdf	1	Gesetzblatt 2025 Nr. 15	Berichtigung des Gesetzblattes Nr. 53 aus 2024	S. 44	skip0200.html
2025	title	14	2025-03-04	/fastmedia/218/2025_02_282025_03_04_GBl_Nr_0014_signed.pdf	1	Gesetzblatt 2025 Nr. 14	Erste Verordnung zur Änderung der Verordnung über Ausbildungsvorbereitende Bildungsgänge	S. 34 - 43	skip0200.html
2025	title	13	2025-02-21	/fastmedia/218/2025_02_21_GBl_Nr_0013_signed.pdf	1	Gesetzblatt 2025 Nr. 13	Vierzehntes Ortsgesetz zur Änderung der Kostenordnung für die Feuerwehr der Stadt Bremerhaven (Feuerwehrkostenordnung)	S. 32 -33	skip0200.html
2025	title	12	2025-02-21		1	Gesetzblatt 2025 Nr. 12 wurde zurückgezogen			skip0200.html
2025	title	11	2025-02-20	/fastmedia/218/2025_02_20_GBl_Nr_0011_signed.pdf	1	Gesetzblatt 2025 Nr. 11	Berichtigung der Verordnung zur Änderung der Kostenverordnung der Häfenverwaltung	S. 31	skip0200.html
2025	title	10	2025-02-18	/fastmedia/218/2025_02_18_GBl_Nr_0010_signed.pdf	1	Gesetzblatt 2025 Nr. 10	Verordnung über abweichende Öffnungszeiten von Verkaufsstellen an Sonntagen in der Stadtgemeinde Bremen für das Jahr 2025	S. 29 - 30	skip0200.html
2025	title	9	2025-02-05	/fastmedia/218/2025_02_05_GBl_Nr_0009_signed.pdf	1	Gesetzblatt 2025 Nr. 9	Zweites Gesetz zur Änderung des Gesetzes über die Festsetzung des Steuersatzes für die Grunderwerbsteuer	S. 27 - 28	skip0200.html
2025	title	8	2025-02-05	/fastmedia/218/2025_02_05_GBl_Nr_0008_signed.pdf	1	Gesetzblatt 2025 Nr. 8	Viertes Gesetz zur Änderung des Bremischen Hilfeleistungsgesetzes	S. 26	skip0200.html
2025	title	7	2025-02-05	/fastmedia/218/2025_02_05_GBl_Nr_0007_signed.pdf	1	Gesetzblatt 2025 Nr. 7	Erstes Gesetz zur Umsetzung des Personengesellschaftsrechtsmodernisierungsgesetzes sowie zur Regelung einer Juniormitgliedschaft bei der Architektenkammer Bremen	S. 22 - 25	skip0200.html
2025	title	6	2025-02-05	/fastmedia/218/2025_02_05_GBl_Nr_0006_signed.pdf	1	Gesetzblatt 2025 Nr. 6	Erstes Gesetz zur Änderung des Haushaltsgesetzes der Freien Hansestadt Bremen für das Haushaltsjahr 2025	S. 19 - 21	skip0200.html
2025	title	5	2025-01-24	/fastmedia/218/2025_01_24_GBl_Nr_0005_signed.pdf	1	Gesetzblatt 2025 Nr. 5	Ortsgesetz zur Änderung der Jahrmarktgebührenordnung	S. 16 - 18	skip0200.html
2025	title	4	2025-01-16	/fastmedia/218/2025_01_16_GBl_Nr_0004_signed.pdf	1	Gesetzblatt 2025 Nr. 4	Achtundzwanzigste Verordnung zur Änderung der eAkten-Verordnung	S. 14 - 15	skip0200.html
2025	title	3	2025-01-07	/fastmedia/218/2025_01_07_GBl_Nr_0003_signed.pdf	1	Gesetzblatt 2025 Nr. 3	Gebührenordnung für die Sondernutzung nach dem Bremischen Landesstraßengesetz in der Stadt Bremerhaven (Sondernutzungsgebührenordnung)	S. 9 - 13	skip0200.html
2025	title	2	2025-01-07	/fastmedia/218/2025_01_07_GBl_Nr_0002_signed.pdf	1	Gesetzblatt 2025 Nr. 2	Satzung für das Jugendparlament	S. 3 - 8	skip0200.html
2025	title	1	2025-01-07	/fastmedia/218/2025_01_07_GBl_Nr_0001_signed.pdf	1	Gesetzblatt 2025 Nr. 1	Siebenundzwanzigste Verordnung zur Änderung der eAkten-Verordnung	S. 1 - 2	skip0200.html
2024	title	159	2024-12-20	/fastmedia/218/2024_12_20_GBl_Nr_0159_signed.pdf	1	Gesetzblatt 2024 Nr. 159	Erste Verordnung zur Änderung der Verordnung über die Ermittlungspersonen der Staatsanwaltschaft	S. 1142	skip0200.html
2024	title	158	2024-12-20	/fastmedia/218/2024_12_20_GBl_Nr_0158_signed.pdf	1	Gesetzblatt 2024 Nr. 158	Erste Verordnung zur Änderung der Verordnung über die Strafkammer und die Vollstreckungskammer in Bremerhaven	S. 1141	skip0200.html
2024	title	157	2024-12-20	/fastmedia/218/2024_12_20_GBl_Nr_0157_signed.pdf	1	Gesetzblatt 2024 Nr. 157	Verordnung zur Durchführung des Wärmeplanungsgesetzes im Land Bremen (BremWPGV)	S. 1139 - 1140	skip0200.html
2024	title	156	2024-12-20	/fastmedia/218/2024_12_20_GBl_Nr_0156_signed.pdf	1	Gesetzblatt 2024 Nr. 156	Ortsgesetz zur Änderung des Ortsgesetzes über die Rechnungsprüfung in der Stadt Bremerhaven (Rechnungsprüfungsordnung)	S. 1137 - 1138	skip0200.html
2024	title	155	2024-12-20	/fastmedia/218/2024_12_20_GBl_Nr_0155_signed.pdf	1	Gesetzblatt 2024 Nr. 155	Verordnung zur Änderung der Bremischen Hafengebührenordnung	S. 1129 - 1136	skip0200.html
2024	title	154	2024-12-20	/fastmedia/218/2024_12_20_GBl_Nr_0154%20NEU_signed.pdf	1	Gesetzblatt 2024 Nr. 154	Gesetz zum Staatsvertrag zur Änderung des Staatsvertrages zwischen der Freien Hansestadt Bremen und dem Land Niedersachsen im Bereich der beiden EU-Fonds Europäischer Garantiefonds für die Landwirtschaft und Europäischer Landwirtschaftsfonds für die Entwicklung des ländlichen Raums sowie nationaler Fördermaßnahmen	S. 1121 - 1128	skip0200.html
2024	title	153	2024-12-19	/fastmedia/218/2024_12_19_GBl_Nr_0153_signed.pdf	1	Gesetzblatt 2024 Nr. 153	Vierzehnte Verordnung zur Änderung der Kostenverordnung für die innere Verwaltung	S. 1120	skip0200.html
2024	title	152	2024-12-19	/fastmedia/218/2024_12_20_GBl_Nr_0152_signed.pdf	1	Gesetzblatt 2024 Nr. 152	Gesetz zur Änderung des Gesetzes über die Landwirtschaftskammer Bremen	S. 1119	skip0200.html
2024	title	151	2024-12-19	/fastmedia/218/2024_12_19_GBl_Nr_0151_signed.pdf	1	Gesetzblatt 2024 Nr. 151	Drittes Gesetz zur Änderung des Bremischen Fischereigesetzes	S. 1117 - 1118	skip0200.html
2024	title	150	2024-12-19	/fastmedia/218/Ausfe2024_12_19_GBl_Nr_0150_signed.pdf	1	Gesetzblatt 2024 Nr. 150	Gesetz zur Änderung des Bremisches Personalvertretungsgesetzes	S. 1113 - 1116	skip0200.html
2024	title	149	2024-12-19	/fastmedia/218/2024_12_19_GBl_Nr_0149_signed.pdf	1	Gesetzblatt 2024 Nr. 149	Erstes Gesetz zur Änderung des Bremischen Betreuungsrechtsausführungsgesetzes	S. 1112	skip0200.html
2024	title	148	2024-12-19	/fastmedia/218/2024_12_19_GBl_Nr_0148_signed.pdf	1	Gesetzblatt 2024 Nr. 148	Ortsgesetz zur Änderung der Gebührenordnung zum Entwässerungsortsgesetz der Stadt Bremerhaven	S. 1111	skip0200.html
2024	title	147	2024-12-18	/fastmedia/218/2024_12_18_GBl_Nr_0147_signed.pdf	1	Gesetzblatt 2024 Nr. 147	Zweite Verordnung zur Änderung der Verordnung über Pauschsätze nach dem Ortsgesetz über Beiräte und Ortsämter	S. 1110	skip0200.html
2024	title	146	2024-12-18	/fastmedia/218/2024_12_18_GBl_Nr_0146_signed.pdf	1	Gesetzblatt 2024 Nr. 146	Ortsgesetz zur Änderung der Haushaltssatzung der Stadt Bremerhaven für das Haushaltsjahr 2024	S. 1109	skip0200.html
2024	title	145	2024-12-18	/fastmedia/218/2024_12_18_GBl_Nr_0145_signed.pdf	1	Gesetzblatt 2024 Nr. 145	Viertes Ortsgesetz zur Änderung der Feuerwehrkostenordnung	S. 1107 - 1108	skip0200.html
2024	title	144	2024-12-17	/fastmedia/218/2024_12_17_GBl_Nr%200144_signed.pdf	1	Gesetzblatt 2024 Nr. 144	Haushaltsgesetz der Stadtgemeinde Bremen für das Haushaltsjahr 2025	S. 1088 - 1106	skip0200.html
2024	title	143	2024-12-17	/fastmedia/218/2024_17_12_GBl_Nr_0143_signed.pdf	1	Gesetzblatt 2024 Nr. 143	Haushaltsgesetz der Freien Hansestadt Bremen für das Haushaltsjahr 2025	S. 1068 - 1087	skip0200.html
2024	title	142	2024-12-14	/fastmedia/218/2024_12_14_GBl_Nr_0142_signed.pdf	1	Gesetzblatt 2024 Nr. 142	Vierte Verordnung zur Änderung der Verordnung über Parkgebühren	S. 1067	skip0200.html
2024	title	141	2024-12-12	/fastmedia/218/2024_12_12_GBl_Nr_0141_signed.pdf	1	Gesetzblatt 2024 Nr. 141	Ortsgesetz über die Hebesätze für die Grundsteuer und die Gewerbesteuer für das Haushaltsjahr 2025	S. 1066	skip0200.html
2024	title	140	2024-12-10	/fastmedia/218/2024_12_10_GBl_Nr_0140_signed.pdf	1	Gesetzblatt 2024 Nr. 140	Verordnung über das Verbot der Straßenprostitution in der Stadt Bremerhaven	S. 1065	skip0200.html
2024	title	139	2024-12-10	/fastmedia/218/2024_12_10_GBl_Nr_0139_signed.pdf	1	Gesetzblatt 2024 Nr. 139	Verordnung über die Sonntagsöffnung von Verkaufsstellen in der Stadt Bremerhaven	S. 1063 - 1064	skip0200.html
2024	title	138	2024-12-10	/fastmedia/218/2024_12_10_GBl_Nr_0138_signed.pdf	1	Gesetzblatt 2024 Nr. 138	Verordnung über den Ladenschluss im Gebiet zwischen Alter Hafen, Museumshafen und Weser in der Stadt Bremerhaven vom 1. Januar 2025 bis 31. Dezember 2025	S. 1062	skip0200.html
2024	title	137	2024-12-06	/fastmedia/218/2024_12_06_GBl_Nr%200137_signed.pdf	1	Gesetzblatt 2024 Nr. 137	Berichtigung des Gesetzblattes Nr. 136	S. 1061	skip0200.html
2024	title	136	2024-12-04	/fastmedia/218/2024_12_04_GBl_Nr%200136_signed.pdf	1	Gesetzblatt 2024 Nr. 136	Bremische Weiterbildungs- und Prüfungsverordnung für Pflegefachkräfte (BremPflWBVO)	S. 1042 - 1060	skip0200.html
2024	title	135	2024-12-04	/fastmedia/218/2024_12_04_GBl_Nr%200135_signed.pdf	1	Gesetzblatt 2024 Nr. 135	Bekanntmachung über das Inkrafttreten des Zweiten Staatsvertrags zur Änderung des IT-Staatsvertrags	S. 1041	skip0200.html
2024	title	134	2024-12-04	/fastmedia/218/2024_12_04_GBl_Nr_0134_signed.pdf	1	Gesetzblatt 2024 Nr. 134	Erste Verordnung zur Änderung der Verordnung zur Durchführung des Gebäudeenergiegesetzes	S. 1040	skip0200.html
2024	title	133	2024-12-04	/fastmedia/218/2024_12_04_GBl_Nr_0133_signed.pdf	1	Gesetzblatt 2024 Nr. 133	Gebührenordnung für Unterbringungen nach dem Aufnahmegesetz	S. 1037 - 1039	skip0200.html
2024	title	132	2024-12-03	/fastmedia/218/2024_12_03_GBl_Nr_0132_signed.pdf	1	Gesetzblatt 2024 Nr. 132	Gesetz zur Änderung der Landeshaushaltsordnung	S. 1036	skip0200.html
2024	title	131	2024-12-03	/fastmedia/218/2024_12_03_GBl_Nr_0131_signed.pdf	1	Gesetzblatt 2024 Nr. 131	Bremisches Gesetz über die Weiterbildung in den Gesundheitsfachberufen (BremGfBWBG)	S. 1029 - 1035	skip0200.html
2024	title	130	2024-12-03	/fastmedia/218/2024_12_03_GBl_Nr_0130_signed.pdf	1	Gesetzblatt 2024 Nr. 130	Ortsgesetz zur Änderung des Ortsgesetzes über Beiräte und Ortsämter - Stadtteilbudget	S. 1028	skip0200.html
2024	title	129	2024-12-03	/fastmedia/218/2024_12_03_GBl_Nr_0129_signed.pdf	1	Gesetzblatt 2024 Nr. 129	Ortsgesetz zur Änderung des Ortsgesetzes über Beiräte und Ortsämter - Beirätekonferenz	S. 1027	skip0200.html
2024	title	128	2024-12-03	/fastmedia/218/2024_12_03_GBl_Nr_0128_signed.pdf	1	Gesetzblatt 2024 Nr. 128	Drittes Ortsgesetz zur Änderung des Ortsgesetzes über die Hebesätze für die Gewerbesteuer und die Grundsteuer	S. 1026	skip0200.html
2024	title	127	2024-11-29	/fastmedia/218/2024_11_29_GBl_Nr_0127_signed.pdf	1	Gesetzblatt 2024 Nr. 127	Verordnung über den Verwaltungskostenbeitrag nach dem Bremischen Hochschulgesetz	S. 1025	skip0300.html
2024	title	126	2024-11-27	/fastmedia/218/2024_11_27_GBl_Nr_0126_signed.pdf	1	Gesetzblatt 2024 Nr. 126	Bekanntmachung über das Inkrafttreten des Fünften Medienänderungsstaatsvertrags	S. 1024	skip0300.html
2024	title	125	2024-11-27	/fastmedia/218/2024_11_27_GBl_Nr_0125_signed.pdf	1	Gesetzblatt 2024 Nr. 125	Sechsundzwanzigste Verordnung zur Änderung der eAkten-Verordnung	S. 1022 - 1023	skip0300.html
2024	title	124	2024-11-22	/fastmedia/218/2024_11_22_GBl_Nr_0124_signed.pdf	1	Gesetzblatt 2024 Nr. 124	Zweite Verordnung zur Änderung der Verordnung zur Ausführung des Waffengesetzes	S. 1021	skip0300.html
2024	title	123	2024-11-21	/fastmedia/218/2024_11_21_GBl_Nr_123_signed.pdf	1	Gesetzblatt 2024 Nr. 123	Änderung der Geschäftsverteilung im Senat	S. 1017 - 1020	skip0300.html
2024	title	122	2024-11-20	/fastmedia/218/2024_11_20_GBl_Nr%20122_signed.pdf	1	Gesetzblatt 2024 Nr. 122	Verordnung zur Durchführung des Gesetzes zur Errichtung eines Ausbildungsunterstützungsfonds im Land Bremen (Bremische Ausbildungsunterstützungsfondsdurchführungsverordnung – BremAusbUFDVO)	S. 1014 - 1016	skip0300.html
2024	title	121	2024-11-20	/fastmedia/218/2024_11_19_GBl_Nr_0121_signed.pdf	1	Gesetzblatt 2024 Nr. 121	Berichtigung der Bekanntmachung der Neufassung der Landesverfassung der Freien Hansestadt Bremen vom 12. August 2019	S. 1013	skip0300.html
2024	title	120	2024-11-20	/fastmedia/218/2024_11_20_GBl_Nr_0120_signed.pdf	1	Gesetzblatt 2024 Nr. 120	Erste Verordnung zur Änderung der Verordnung zur Bestimmung tätigkeitsspezifischer Mindestentgelte im Sinne des Bremischen Tariftreue- und Vergabegesetzes	S. 820 - 1012	skip0300.html
2024	title	119	2024-11-20	/fastmedia/218/2024_11_20_GBl_Nr%200119_signed.pdf	1	Gesetzblatt 2024 Nr. 119	Bremische Verordnung über den elektronischen Rechtsverkehr mit den Grundbuchämtern und die elektronische Führung der Grundakten (BremeGruVO)	S. 815 - 819	skip0300.html
2024	title	118	2024-11-19	/fastmedia/218/2024_11_19_GBl_Nr_0118_signed.pdf	1	Gesetzblatt 2024 Nr. 118	Ortsgesetz zur Änderung der Friedhofsgebührenordnung für die Stadt Bremerhaven	S. 808 - 814	skip0300.html
2024	title	117	2024-11-19	/fastmedia/218/2024_11_19_GBl_Nr_0117_signed.pdf	1	Gesetzblatt 2024 Nr. 117	Erste Verordnung zur Änderung der Verordnung zur Übertragung von Ermächtigungen zur elektronischen Aktenführung bei den Gerichten und Staatsanwaltschaften	S. 806 - 807	skip0300.html
2024	title	116	2024-11-14	/fastmedia/218/2024_11_14_GBl_Nr_0116_signed.pdf	1	Gesetzblatt 2024 Nr. 116	Achte Verordnung zur Änderung der Taxentarifverordnung der Stadtgemeinde Bremen	S. 804 - 805	skip0300.html
2024	title	115	2024-11-05	/fastmedia/218/2024_11_05_GBl_Nr_0115_signed.pdf	1	Gesetzblatt 2024 Nr. 115	Verordnung zur Änderung der Verordnung über die Arbeitszeit der Beamtinnen und Beamten des Polizeivollzugsdienstes	S. 801 - 803	skip0300.html
2024	title	114	2024-10-31	/fastmedia/218/2024_10_31_GBl_NR_0114_signed.pdf	1	Gesetzblatt 2024 Nr. 114	Bekanntmachung einer Entscheidung des Staatsgerichtshofs der Freien Hansestadt Bremen vom 5. Juli 2024 in einem Wahlprüfungsverfahren betreffend die Wahl zur 21. Bremischen Bürgerschaft vom 14. Mai 2023	S. 800	skip0300.html
2024	title	113	2024-10-31	/fastmedia/218/2024_10_31_GBl_Nr_0113_signed.pdf	1	Gesetzblatt 2024 Nr. 113	Bekanntmachung einer Entscheidung des Staatsgerichtshofs der Freien Hansestadt Bremen vom 5. Juli 2024 in einem Wahlprüfungsverfahren betreffend die Wahl zur 21. Bremischen Bürgerschaft vom 14. Mai 2023	S. 799	skip0300.html
2024	title	112	2024-10-31	/fastmedia/218/2024_10_31_GBl_Nr_0112_signed.pdf	1	Gesetzblatt 2024 Nr. 112	Bekanntmachung einer Entscheidung des Staatsgerichtshofs der Freien Hansestadt Bremen vom 5. Juli 2024 in einem Wahlprüfungsverfahren betreffend die Wahl zur 21. Bremischen Bürgerschaft vom 14. Mai 2023	S. 798	skip0300.html
2024	title	111	2024-10-31	/fastmedia/218/2024_10_31_GBl_Nr_0111_signed.pdf	1	Gesetzblatt 2024 Nr. 111	Bekanntmachung einer Entscheidung des Staatsgerichtshofs der Freien Hansestadt Bremen vom 24. September 2024 in einem Wahlprüfungsverfahren betreffend die Wahl zur 21. Bremischen Bürgerschaft vom 14. Mai 2023	S. 797	skip0300.html
2024	title	110	2024-10-31	/fastmedia/218/2024_10_31_GBl_Nr_0110_signed.pdf	1	Gesetzblatt 2024 Nr. 110	Bekanntmachung einer Entscheidung des Staatsgerichtshofs der Freien Hansestadt Bremen vom 21. Mai 2024 in einem Wahlprüfungsverfahren betreffend die Wahl zur 21. Bremischen Bürgerschaft vom 14. Mai 2023	S. 796	skip0300.html
2024	title	109	2024-10-31	/fastmedia/218/2024_10_31_GBl_Nr_0109_signed.pdf	1	Gesetzblatt 2024 Nr. 109	Bekanntmachung einer Entscheidung des Staatsgerichtshofs der Freien Hansestadt Bremen vom 31. Mai 2024 in einem Wahlprüfungsverfahren betreffend die Wahl zur 21. Bremischen Bürgerschaft vom 14. Mai 2023	S. 795	skip0300.html
2024	title	108	2024-10-31	/fastmedia/218/2024_10_31_GBl_Nr_0108_signed.pdf	1	Gesetzblatt 2024 Nr. 108	Bekanntmachung einer Entscheidung des Staatsgerichtshofs der Freien Hansestadt Bremen vom 23. Mai 2024 in einem Wahlprüfungsverfahren	S. 794	skip0300.html
2024	title	107	2024-10-31	/fastmedia/218/2024_10_31_GBl_Nr_0107_signed.pdf	1	Gesetzblatt 2024 Nr. 107	Bekanntmachung einer Entscheidung des Staatsgerichtshofs der Freien Hansestadt Bremen vom 4. Juni 2024 in einem Wahlprüfungsverfahren betreffend die Wahl zur 21. Bremischen Bürgerschaft vom 14. Mai 2023	S. 793	skip0300.html
2024	title	106	2024-10-30	/fastmedia/218/2024_10_30_GBl_Nr_0106_signed.pdf	1	Gesetzblatt 2024 Nr. 106	Erste Verordnung zur Änderung der Bremischen Bauvorlagenverordnung	S. 792	skip0300.html
2024	title	105	2024-10-30	/fastmedia/218/2024_10_30_GBl_Nr_0105_signed.pdf	1	Gesetzblatt 2024 Nr. 105	Verordnung zur Neufassung der Bremischen Beurteilungsverordnung und zur Änderung weiterer dienstrechtlicher Vorschriften	S. 775 - 791	skip0300.html
2024	title	104	2024-10-15	/fastmedia/218/2024_10_15_GBl_Nr_0104_signed.pdf	1	Gesetzblatt 2024 Nr. 104	Gesetz zur Änderung des Gesetzes über die Zulassung einer öffentlichen Spielbank	S. 773 - 774	skip0300.html
2024	title	103	2024-10-12	/fastmedia/218/2024_10_12_GBl_Nr_0103_signed.pdf	1	Gesetzblatt 2024 Nr. 103	Berichtigung des Gesetzblattes Nr. 100	S. 737-772	skip0300.html
2024	title	102	2024-10-12	/fastmedia/218/2024_10_12_GBl_Nr_0102_signed.pdf	1	Gesetzblatt 2024 Nr. 102	Bremisches Gesetz über die Festsetzung der Steuermesszahlen bei der Grundsteuer (Bremisches Grundsteuermesszahlengesetz – BremGrStMG)	S. 736	skip0300.html
2024	title	101	2024-10-12	/fastmedia/218/2024_10_12_GBl_Nr_0101_signed.pdf	1	Gesetzblatt 2024 Nr. 101	Berichtigung des Gesetzblattes Nr. 99	S. 730 - 735	skip0300.html
2024	title	100	2024-10-10	/fastmedia/218/2024_10_10_GBl_Nr_0100_signed.pdf	1	Gesetzblatt 2024 Nr. 100	Gesetz zur Anpassung der Besoldungs- und Beamtenversorgungsbezüge 2023, 2024 und 2025 in der Freien Hansestadt Bremen sowie zur Änderung dienstrechtlicher Vorschriften	S. 720 - S. 729	skip0300.html
2024	title	99	2024-10-10	/fastmedia/218/2024_10_10_GBl_Nr_0099_signed.pdf	1	Gesetzblatt 2024 Nr. 99	Gesetz zur Zustimmung zum Zweiten Staatsvertrag zur Änderung des IT-Staatsvertrags	S. 719	skip0300.html
2024	title	98	2024-09-30	/fastmedia/218/2024_09_30_GBl_Nr_0098_signed.pdf	1	Gesetzblatt 2024 Nr. 98	Fünfundzwanzigste Verordnung zur Änderung der eAkten-Verordnung	S. 717 - 718	skip0300.html
2024	title	97	2024-09-27	/fastmedia/218/2024_09_27_GBl_Nr_0097_signed.pdf	1	Gesetzblatt 2024 Nr. 97	Ortsgesetz zur Änderung des Ortsgesetzes über die Errichtung eines „sonstigen Sondervermögens Hafen“	S. 715 - 716	skip0300.html
2024	title	96	2024-09-27	/fastmedia/218/2024_09_27_GBl_Nr_0096_signed.pdf	1	Gesetzblatt 2024 Nr. 96	Drittes Ortsgesetz zur Änderung des Aufnahmeortsgesetzes	S. 713 - 714	skip0300.html
2024	title	95	2024-09-27	/fastmedia/218/2024_09_27_GBl_Nr_0095_signed.pdf	1	Gesetzblatt 2024 Nr. 95	Erstes Ortsgesetz zur Änderung des Ortsgesetzes über die Ordnung und das Verhalten auf Volksfesten in der Stadt Bremen	S. 711 - 712	skip0300.html
2024	title	94	2024-09-20	/fastmedia/218/2024_09_20_GBl_Nr_0094_signed.pdf	1	Gesetzblatt 2024 Nr. 94	Zweite Verordnung zur Änderung der Verordnung über das Verbot des Führens von Waffen	S. 709 - 710	skip0300.html
2024	title	93	2024-09-20	/fastmedia/218/2024_09_20_GBl_Nr_0093_signed.pdf	1	Gesetzblatt 2024 Nr. 93	Achte Polizeiverordnung zur Änderung der Polizeiverordnung über das Verbot des Führens von gefährlichen Gegenständen	S. 707 - 708	skip0300.html
2024	title	92	2024-09-20	/fastmedia/218/2024_09_20_GBl_Nr_0092_signed.pdf	1	Gesetzblatt 2024 Nr. 92	Verordnung über die Ermittlungspersonen der Staatsanwaltschaft	S. 701 - 706	skip0300.html
2024	title	91	2024-09-20	/fastmedia/218/2024_09_20_GBl_Nr_0091_signed.pdf	1	Gesetzblatt 2024 Nr. 91	Siebte Verordnung zur Änderung der Kostenverordnung der Umweltverwaltung	S. 696 - 700	skip0300.html
2024	title	90	2024-09-19	/fastmedia/218/2024_09_19_GBl_Nr_0090_signed.pdf	1	Gesetzblatt 2024 Nr. 90	Gesetz zur Änderung des Gesetzes über Deputationen	S. 695	skip0300.html
2024	title	89	2024-09-11	/fastmedia/218/2024_09_11_GBl_Nr_0089_signed.pdf	1	Gesetzblatt 2024 Nr. 89	Haushaltssatzung der Stadt Bremerhaven für das Haushaltsjahr 2024	S. 677 - 694	skip0300.html
2024	title	88	2024-09-10	/fastmedia/218/2024_09_10_GBl_Nr_0088_signed.pdf	1	Gesetzblatt 2024 Nr. 88	Verordnung über die Festlegung der Zulassungszahlen zum Vorbereitungsdienst für die Lehrämter an öffentlichen Schulen, zu den Ausgleichsmaßnahmen sowie den lehramtsbezogenen Qualifizierungsmaßnahmen für Lehrkräfte mit einer ausländischen Lehrkräfteberufsqualifikation und zu den Qualifizierungsmaßnahmen zum Erwerb der Lehrbefähigung in einem Fach im Lande Bremen (KapVO)	S. 671 - 676	skip0300.html
2024	title	87	2024-09-04	/fastmedia/218/2024_09_04_GBl_Nr_0087_signed.pdf	1	Gesetzblatt 2024 Nr. 87	Dritte Verordnung zur Änderung der Verordnung zur Übermittlung von Meldedaten	S. 669 - 670	skip0300.html
2024	title	86	2024-08-22	/fastmedia/218/2024_08_21_GBl_Nr_0086_signed.pdf	1	Gesetzblatt 2024 Nr. 86	Verordnung zur Änderung laufbahn- und ausbildungsrechtlicher Vorschriften für die Beamtinnen und Beamten der Fachrichtung Feuerwehr	S. 653 - 668	skip0300.html
2024	title	85	2024-08-19	/fastmedia/218/2024_08_19_GBl_Nr_0085_signed.pdf	1	Gesetzblatt 2024 Nr. 85	Prüfungsordnung des Senators für Finanzen für die Durchführung von Zwischen- und Abschlussprüfungen im anerkannten Ausbildungsberuf Sozialversicherungsfachangestellte und Sozialversicherungsfachangestellter	S. 632 - 652	skip0300.html
2024	title	84	2024-08-19	/fastmedia/218/2024_08_19_GBl_Nr_0084_signed.pdf	1	Gesetzblatt 2024 Nr. 84	Prüfungsordnung des Senators für Finanzen für die Durchführung von Zwischen- und Abschlussprüfungen in der Hauswirtschaft	S. 614 - 631	skip0300.html
2024	title	83	2024-08-19	/fastmedia/218/2024_08_19_GBl_Nr_0083_signed.pdf	1	Gesetzblatt 2024 Nr. 83	Verordnung über die Regelung nach § 9 des Berufsbildungsgesetzes zur Teilqualifizierung Hauswirtschaft	S. 601 - 613	skip0300.html
2024	title	82	2024-08-09	/fastmedia/218/2024_08_09_GBl_Nr_0082_signed.pdf	1	Gesetzblatt 2024 Nr. 82	Vierte Verordnung zur Änderung der Verordnung über die Fachschule für Sozialpädagogik	S. 600	skip0300.html
2024	title	81	2024-08-06	/fastmedia/218/2024_08_06_GBl_Nr_0081_signed.pdf	1	Gesetzblatt 2024 Nr. 81	Zweite Verordnung zur Änderung der Verordnung über die Zuständigkeit für die Verfolgung und Ahndung von Ordnungswidrigkeiten nach den §§ 23, 24 und 24 a des Straßenverkehrsgesetzes	S. 599	skip0300.html
2024	title	80	2024-08-06	/fastmedia/218/2024_08_06_GBl_Nr_0080_signed.pdf	1	Gesetzblatt 2024 Nr. 80	Verordnung zur Senkung der Kappungsgrenze gemäß § 558 Absatz 3 des Bürgerlichen Gesetzbuchs (Kappungsgrenzen-Verordnung)	S. 598	skip0300.html
2024	title	79	2024-07-25	/fastmedia/218/2024_07_25_GBl_Nr_0079_signed.pdf	1	Gesetzblatt 2024 Nr. 79	Berichtigung des Gesetzblattes Nr. 78	S. 597	skip0300.html
2024	title	78	2024-07-24	/fastmedia/218/2024_07_24_GBl_Nr_0078_signed.pdf	1	Gesetzblatt 2024 Nr. 78	Bekanntmachung der Neufassung des Bremischen Gesetzes zur Beschleunigung des Ausbaus von Anlagen zur Stromerzeugung	S. 589 - 596	skip0300.html
2024	title	77	2024-07-12	/fastmedia/218/2024_07_12_GBl_Nr_0077_signed.pdf	1	Gesetzblatt 2024 Nr. 77	Berichtigung des Gesetzblattes Nr. 55	S. 569 - 588	skip0300.html
2024	title	76	2024-07-05	/fastmedia/218/2024_07_05_GBl_Nr_0076_signed.pdf	1	Gesetzblatt 2024 Nr. 76	Berichtigung des Gesetzblattes Nr. 70	S. 561 - 568	skip0300.html
2024	title	75	2024-07-05	/fastmedia/218/2024_07_05_GBl_Nr_0075_signed.pdf	1	Gesetzblatt 2024 Nr. 75	Ortsgesetz zur Neuregelung der Vorschriften zur Musikschule Bremen der Stadtgemeinde Bremen	S. 553 - 560	skip0300.html
2024	title	74	2024-07-05	/fastmedia/218/2024_07_05_GBl_Nr_0074_signed.pdf	1	Gesetzblatt 2024 Nr. 74	Verordnung über den Sachverständigenrat für Fragen des Klimaschutzes und der Energiepolitik (SVRKlimaV)	S. 550 - 552	skip0300.html
2024	title	73	2024-07-05	/fastmedia/218/2024_07_05_GBl_Nr_0073_signed.pdf	1	Gesetzblatt 2024 Nr. 73	Gesetz zur Änderung des Bremischen Hafensicherheitsgesetzes	S. 541 - 549	skip0300.html
2024	title	72	2024-07-05	/fastmedia/218/2024_07_05_GBl_Nr_0072_signed.pdf	1	Gesetzblatt 2024 Nr. 72	Fünftes Gesetz zur Änderung des Bremischen Tageseinrichtungs- und Kindertagespflegegesetzes	S. 540	skip0300.html
2024	title	71	2024-07-05	/fastmedia/218/2024_07_05_GBl_Nr_0071_signed.pdf	1	Gesetzblatt 2024 Nr. 71	Bremisches Gesetz über die Zuständigkeit der Verwaltungsgerichtsbarkeit für Durchsuchungsanordnungen nach dem Aufenthaltsgesetz	S. 539	skip0300.html
2024	title	70	2024-07-05	/fastmedia/218/2024_07_05_GBl_Nr_0070_signed.pdf	1	Gesetzblatt 2024 Nr. 70	Gesetz zu dem Fünften Medienänderungsstaatsvertrag	S. 538	skip0300.html
2024	title	69	2024-07-03	/fastmedia/218/2024_07_03_GBl_Nr_0069_signed.pdf	1	Gesetzblatt 2024 Nr. 69	Anpassung der Fraktionsbeiträge der Stadtverordnetenversammlung	S. 537	skip0300.html
2024	title	68	2024-07-03	/fastmedia/218/2024_07_03_GBl_Nr_0068_signed.pdf	1	Gesetzblatt 2024 Nr. 68	Anpassung der Aufwandsentschädigung der Mitglieder der Stadtverordnetenversammlung	S. 536	skip0300.html
2024	title	67	2024-07-02	/fastmedia/218/2024_07_02_GBl_Nr_0067_signed.pdf	1	Gesetzblatt 2024 Nr. 67	Berichtigung des Gesetzblattes Nr. 66	S. 535	skip0300.html
2024	title	66	2024-06-28	/fastmedia/218/2024_06_28_GBl_Nr_0066_signed.pdf	1	Gesetzblatt 2024 Nr. 66	Gesetz zur Änderung des Bremischen Polizeigesetzes	S. 533 - 534	skip0300.html
2024	title	65	2024-06-28	/fastmedia/218/2024_06_28_GBl_Nr_0065_signed.pdf	1	Gesetzblatt 2024 Nr. 65	Verordnung über den Vorbereitungsdienst für die Lehrämter an öffentlichen Schulen	S. 528 - 532	skip0300.html
2024	title	64	2024-06-28	/fastmedia/218/2024_06_28_GBl_Nr_0064_signed.pdf	1	Gesetzblatt 2024 Nr. 64	Auswahl-, Vergabe- und Kapazitätsverordnung zum Vorbereitungsdienst für Lehrämter an öffentlichen Schulen (Auswahl- und Kapazitätsverordnung Lehramt – AVKV)	S. 522 - 527	skip0300.html
2024	title	63	2024-06-28	/fastmedia/218/2024_06_28_GBl_Nr_0063_signed.pdf	1	Gesetzblatt 2024 Nr. 63	Verordnung über die Ausbildung der Lehramtsreferendarinnen und -referendare im Vorbereitungsdienst und über die Zweite Staatsprüfung für die Lehrämter sowie über die Qualifizierung und Prüfung zur Lehrbefähigung in einem Fach an öffentlichen Schulen (Ausbildungs-, Prüfungs- und Qualifizierungsverordnung für Lehrämter und Lehrbefähigungen in einem Fach – APQV-L)	S. 493 - 521	skip0300.html
2024	title	62	2024-06-26	/fastmedia/218/2024_06_26_GBl_Nr_0062_signed.pdf	1	Gesetzblatt 2024 Nr. 62	Gesetz zur Änderung des Bremischen Gesetzes zur Beschleunigung des Ausbaus von Anlagen zur Stromerzeugung aus solarer Strahlungsenergie	S. 486 - 492	skip0300.html
2024	title	61	2024-06-26	/fastmedia/218/2024_06_26_GBl_Nr_0061_signed.pdf	1	Gesetzblatt 2024 Nr. 61	Erstes Gesetz zur Änderung des Gesetzes zur Ausführung des Neunten Buches Sozialgesetzbuch	S. 485	skip0300.html
2024	title	60	2024-06-25	/fastmedia/218/2024_06_25_GBl_Nr_0060_signed.pdf	1	Gesetzblatt 2024 Nr. 60	Berichtigung des Gesetzblattes Nr. 57	S. 380 - 484	skip0300.html
2024	title	59	2024-06-24	/fastmedia/218/2024_06_24_GBl_Nr_0059_signed.pdf	1	Gesetzblatt 2024 Nr. 59	Gesetz über die Errichtung eines sonstigen Sondervermögens der Freien Hansestadt Bremen zur Bewältigung der klimaneutralen Transformation der Wirtschaft	S. 376 - 379	skip0300.html
2024	title	58	2024-06-24	/fastmedia/218/2024_06_24_GBl_Nr_0058_signed.pdf	1	Gesetzblatt 2024 Nr. 58	Gesetz zur Änderung der Landesverfassung der Freien Hansestadt Bremen (Artikel 131d)	S. 374 - 375	skip0300.html
2024	title	57	2024-06-24	/fastmedia/218/2024_06_24_GBl_Nr_0057_signed.pdf	1	Gesetzblatt 2024 Nr. 57	Gesetz zur Neufassung der Bremischen Landesbauordnung und Änderung des Bremischen Ingenieurgesetzes	S. 270 - 373	skip0300.html
2024	title	56	2024-06-21	/fastmedia/218/2024_06_21_GBl_Nr_0056_signed.pdf	1	Gesetzblatt 2024 Nr. 56	Gesetz zur Änderung des Bremischen Beamtengesetzes	S. 268 - 269	skip0300.html
2024	title	55	2024-06-21	/fastmedia/218/2024_06_21_GBl_Nr_0055_signed.pdf	1	Gesetzblatt 2024 Nr. 55	Haushaltsgesetz der Stadtgemeinde Bremen für das Haushaltsjahr 2024		skip0300.html
2024	title	54	2024-06-21	/fastmedia/218/2024_06_21_GBl_Nr_0054_signed.pdf	1	Gesetzblatt 2024 Nr. 54	Haushaltsgesetz der Freien Hansestadt Bremen für das Haushaltsjahr 2024	S. 227 - 248	skip0300.html
2024	title	53	2024-06-21	/fastmedia/218/2024_06_21_GBl_Nr_0053_signed.pdf	1	Gesetzblatt 2024 Nr. 53	Berichtigung des Ortsgesetzes zur Änderung des Ortsgesetzes über die öffentliche Ordnung	S. 226	skip0300.html
2024	title	52	2024-06-21	/fastmedia/218/2024_06_21_GBl_Nr_0052_signed.pdf	1	Gesetzblatt 2024 Nr. 52	Ortsgesetz zur Änderung des Ortsgesetzes über die öffentliche Ordnung	S. 223 - 225	skip0300.html
2024	title	51	2024-06-20	/fastmedia/218/2024_06_20_GBl_Nr_0051_signed.pdf	1	Gesetzblatt 2024 Nr. 51	Fünftes Gesetz zur Änderung des Gesetzes über Rechtssetzungsbefugnisse der Gemeinden	S. 222	skip0300.html
2024	title	50	2024-06-11	/fastmedia/218/2024_06_11_GBl_Nr_0050_signed.pdf	1	Gesetzblatt 2024 Nr. 50	Viertes Gesetz zur Änderung des Bremischen Tageseinrichtungs- und Kindertagespflegegesetzes	S. 220 - 221	skip0300.html
2024	title	49	2024-06-11	/fastmedia/218/2024_06_11_GBl_Nr_0049_signed.pdf	1	Gesetzblatt 2024 Nr. 49	Ortsgesetz zur Aufhebung des Begrünungsortsgesetzes Bremen	S. 219	skip0300.html
2024	title	48	2024-06-11	/fastmedia/218/2024_06_11_GBl_Nr_0048_signed.pdf	1	Gesetzblatt 2024 Nr. 48	Fünftes Ortsgesetz zur Änderung des Ortsgesetzes über die Beiträge für die Kindergärten und Horte der Stadtgemeinde Bremen	S. 218	skip0300.html
2024	title	47	2024-06-07	/fastmedia/218/2024_06_07_GBl_Nr_0047_signed.pdf	1	Gesetzblatt 2024 Nr. 47	Verordnung über die Wahl und Zusammensetzung der bremischen IT-Kontrollkommission	S. 213 - 217	skip0300.html
2024	title	46	2024-06-05	/fastmedia/218/2024_06_05_GBl_Nr_0046_signed.pdf	1	Gesetzblatt 2024 Nr. 46	Anpassung der Aufwandsentschädigung für die nicht der Bürgerschaft (Landtag) angehörenden Mitglieder der Stadtbürgerschaft	S. 212	skip0300.html
2024	title	45	2024-06-05	/fastmedia/218/2024_06_05_GBl_Nr_0045_signed.pdf	1	Gesetzblatt 2024 Nr. 45	Anpassung der Entschädigung für die Mitglieder der Bremischen Bürgerschaft	S. 211	skip0300.html
2024	title	44	2024-06-03	/fastmedia/218/2024_06_03_GBl_Nr_0044_signed.pdf	1	Gesetzblatt 2024 Nr. 44	Berichtigung des Gesetzblattes Nr. 41	S. 183 - 210	skip0300.html
2024	title	43	2024-05-31	/fastmedia/218/2024_06_01_GBl_Nr_0043_signed.pdf	1	Gesetzblatt 2024 Nr. 43	Siebte Polizeiverordnung zur Änderung der Polizeiverordnung über das Verbot des Führens von gefährlichen Gegenständen	S. 180 - 182	skip0300.html
2024	title	42	2024-05-30	/fastmedia/218/2024_05_30_GBl_Nr_0042_signed.pdf	1	Gesetzblatt 2024 Nr. 42	Gesetz zur Umsetzung des Windenergieflächenbedarfsgesetzes in der Freien Hansestadt Bremen (BremWindBGUG)	S. 179	skip0300.html
2024	title	41	2024-05-30	/fastmedia/218/2024_05_30_GBl_Nr_0041_signed.pdf	1	Gesetzblatt 2024 Nr. 41	Dritte Verordnung zur Änderung der Kostenverordnung der Wissenschaftsverwaltung	S. 157 - 178	skip0300.html
2024	title	40	2024-05-28	/fastmedia/218/2024_05_28_GBl_Nr_0040_signed.pdf	1	Gesetzblatt 2024 Nr. 40	Ortsgesetz zur Änderung der Beitragsordnung für die Kindertageseinrichtungen und die Kindertagespflege in der Stadtgemeinde Bremerhaven (Beitragsordnung)	S. 156	skip0300.html
2024	title	39	2024-05-27	/fastmedia/218/2024_05_27_GBl_Nr_0039_signed.pdf	1	Gesetzblatt 2024 Nr. 39	Erste Verordnung zur Änderung der Verordnung über das Verbot des Führens von Waffen	S. 153 - 155	skip0300.html
2024	title	38	2024-05-27	/fastmedia/218/2024_05_27_GBl_Nr_0038_signed.pdf	1	Gesetzblatt 2024 Nr. 38	Bremische Verordnung über die Zuständigkeit der Behörden nach dem Konsumcannabisgesetz	S. 151 - 152	skip0300.html
2024	title	37	2024-05-15	/fastmedia/218/2024_05_15_GBl_Nr_0037_signed.pdf	1	Gesetzblatt 2024 Nr. 37	Gesetz zur Änderung von Vorschriften über die Leitung der Landesantidiskriminierungsstelle	S. 149 - 150	skip0300.html
2024	title	36	2024-05-08	/fastmedia/218/2024_05_08_GBl_Nr_0036_signed.pdf	1	Gesetzblatt 2024 Nr. 36	Ortsgesetz über die Aufhebung der Elternmitwirkungsordnung	S. 148	skip0300.html
2024	title	35	2024-04-26	/fastmedia/218/2024_04_26_GBl_Nr_0035_signed.pdf	1	Gesetzblatt 2024 Nr. 35	Neunzehnte Verordnung zur Änderung der Finanzämter-Zuständigkeitsverordnung	S. 147	skip0300.html
2024	title	34	2024-04-17	/fastmedia/218/2024_04_17_GBl_Nr_0034_signed.pdf	1	Gesetzblatt 2024 Nr. 34	Verordnung zur Änderung der Kostenverordnung der Häfenverwaltung	S. 145 - 146	skip0300.html
2024	title	33	2024-04-17	/fastmedia/218/2024_04_17_GBl_Nr_0033_signed.pdf	1	Gesetzblatt 2024 Nr. 33	Fünfte Verordnung zur Änderung der Verordnung über die Gewährung von Unterhaltsbeihilfen an Rechtsreferendare	S. 144	skip0300.html
2024	title	32	2024-04-16	/fastmedia/218/2024_04_16_GBl_Nr_0032_signed.pdf	1	Gesetzblatt 2024 Nr. 32	Zweite Verordnung zur Änderung der Verordnung über die Einjährige berufsvorbereitende Berufsfachschule	S. 139 - 143	skip0300.html
2024	title	31	2024-04-15	/fastmedia/218/GBl_2024_04_15_Nr_0031_signed.pdf	1	Gesetzblatt 2024 Nr. 31	Berichtigung des Ersten Gesetzes zur Änderung des Bremischen Ausführungsgesetzes zum Kreislaufwirtschafts- und Abfallgesetz	S. 138	skip0300.html
2024	title	30	2024-04-10	/fastmedia/218/2024_04_10_GBl_Nr_0030_signed.pdf	1	Gesetzblatt 2024 Nr. 30	Vierundzwanzigste Verordnung zur Änderung der eAkten-Verordnung	S. 136 - 137	skip0300.html
2024	title	29	2024-04-08	/fastmedia/218/2024_04_08_GBl_Nr_0029_signed.pdf	1	Gesetzblatt 2024 Nr. 29	Gesetz zur Änderung des Bremischen Gesetzes über die Hochschule für Öffentliche Verwaltung	S. 133 - 135	skip0300.html
2024	title	28	2024-04-08	/fastmedia/218/2024_04_08_GBl_Nr_0028_signed.pdf	1	Gesetzblatt 2024 Nr. 28	Drittes Gesetz zur Änderung des Gesetzes zur Ausführung des Zwölften Buches Sozialgesetzbuch	S. 132	skip0300.html
2024	title	27	2024-04-05	/fastmedia/218/2024_04_05_GBl_Nr_0027_signed.pdf	1	Gesetzblatt 2024 Nr. 27	Bremisches Verwaltungsverfahrensgesetz (BremVwVfG)	S. 127 - 131	skip0400.html
2024	title	26	2024-04-05	/fastmedia/218/2024_04_05_GBl_Nr_0026_signed.pdf	1	Gesetzblatt 2024 Nr. 26	Erstes Gesetz zur Änderung des Bremischen Ausführungsgesetzes zum Kreislaufwirtschafts- und Abfallgesetz	S. 126	skip0400.html
2024	title	25	2024-04-05	/fastmedia/218/2024_04_05_GBl_Nr_0025_signed.pdf	1	Gesetzblatt 2024 Nr. 25	Zweites Gesetz zur Umsetzung der Richtlinie (EU) 2018/958 über eine Verhältnismäßigkeitsprüfung vor Erlass neuer Berufsreglementierungen	S. 117 - 125	skip0400.html
2024	title	24	2024-04-05	/fastmedia/218/2024_04_05_GBl_Nr_0024_signed.pdf	1	Gesetzblatt 2024 Nr. 24	Gesetz zur Änderung des Radio-Bremen-Gesetzes	S. 106 - 116	skip0400.html
2024	title	23	2024-03-28	/fastmedia/218/2024_03_28_GBl_Nr_0023_signed.pdf	1	Gesetzblatt 2024 Nr. 23	Berichtigung der Verordnung über die Fachschule für Technik	S. 104 - 105	skip0400.html
2024	title	22	2024-03-28	/fastmedia/218/2024_03_28_GBl_Nr_0022_signed.pdf	1	Gesetzblatt 2024 Nr. 22	Viertes Ortsgesetz zur Änderung des Entwässerungsgebührenortsgesetzes	S. 100 - 103	skip0400.html
2024	title	21	2024-03-28	/fastmedia/218/2024_03_28_GBl_Nr_0021_signed.pdf	1	Gesetzblatt 2024 Nr. 21	Gesetz zur Änderung des Bremischen Justizkostengesetzes	S. 98-99	skip0400.html
2024	title	20	2024-03-21	/fastmedia/218/2024_03_21_GBl_Nr_0020_signed.pdf	1	Gesetzblatt 2024 Nr. 20	Dreiundzwanzigste Verordnung zur Änderung der eAkten-Verordnung	S. 97	skip0400.html
2024	title	19	2024-03-21	/fastmedia/218/2024_03_21_GBl_Nr_0019_signed.pdf	1	Gesetzblatt 2024 Nr. 19	Berichtigung der Verordnung zur Änderung der Verordnung über die Zuständigkeit für die Verfolgung und Ahndung von Ordnungswidrigkeiten	S. 96	skip0400.html
2024	title	18	2024-03-14	/fastmedia/218/2024_03_14_GBl_Nr_0018_signed.pdf	1	Gesetzblatt 2024 Nr. 18	Gesetz über Leistungen an Abgeordnete mit Behinderungen	S. 94 - 95	skip0400.html
2024	title	17	2024-03-13	/fastmedia/218/2024_03_13_GBl_Nr_0017_signed.pdf	1	Gesetzblatt 2024 Nr. 17	Verordnung zur Änderung der Allgemeinen Kostenverordnung und der Kostenverordnung für die innere Verwaltung	S. 53 - 93	skip0400.html
2024	title	16	2024-03-13	/fastmedia/218/2024_03_13_GBl_Nr_0016_signed.pdf	1	Gesetzblatt 2024 Nr. 16	Bremisches Ausführungsgesetz zum Hinweisgeberschutzgesetz und zur ergänzenden Umsetzung der Richtlinie (EU) 2019/1937 des Europäischen Parlaments und des Rates vom 23. Oktober 2019 zum Schutz von Personen, die Verstöße gegen das Unionsrecht melden (BremHinSchGAG)	S. 51 - 52	skip0400.html
2024	title	15	2024-03-13	/fastmedia/218/2024_03_13_GBl_Nr_0015_signed.pdf	1	Gesetzblatt 2024 Nr. 15	Gesetz zur Gewährung einer einmaligen und einer monatlichen Sonderzahlung in den Jahren 2023 und 2024 zur Abmilderung der Folgen der gestiegenen Verbraucherpreise (Bremisches Inflationsausgleichssonderzahlungsgesetz – BremISZG)	S. 47 - 50	skip0400.html
2024	title	14	2024-03-13	/fastmedia/218/2024_03_13_GBl_Nr_0014_signed.pdf	1	Gesetzblatt 2024 Nr. 14	Gesetz zur Änderung des Bremischen Gesetzes über die Erhebung einer Tourismusabgabe („Citytax“) – Ausweitung der Tourismusabgabe auf Geschäftsreisende –	S. 44 - 46	skip0400.html
2024	title	13	2024-03-07	/fastmedia/218/2024_03_07_GBl_Nr_0013_signed.pdf	1	Gesetzblatt 2024 Nr. 13	Berichtigung der Verordnung über die Festlegung der Zulassungszahlen zum Vorbereitungsdienst für die Lehrämter an öffentlichen Schulen und zu den Ausgleichsmaßnahmen und den lehramtsbezogenen Qualifizierungsmaßnahmen für Lehrkräfte mit einer ausländischen Lehrkräfteberufsqualifikation im Lande Bremen	S. 43	skip0400.html
2024	title	12	2024-02-27	/fastmedia/218/2024_02_27_GBl_Nr_0012_signed.pdf	1	Gesetzblatt 2024 Nr. 12	Verordnung zur Änderung der Kostenverordnung der Wirtschaftsverwaltung	S. 39 - 42	skip0400.html
2024	title	11	2024-02-27	/fastmedia/218/2024_02_27_GBl_Nr_0011_signed.pdf	1	Gesetzblatt 2024 Nr. 11	Verordnung über die Festlegung der Zulassungszahlen zum Vorbereitungsdienst für die Lehrämter an öffentlichen Schulen und zu den Ausgleichsmaßnahmen und den lehramtsbezogenen Qualifizierungsmaßnahmen für Lehrkräfte mit einer ausländischen Lehrkräfteberufsqualifikation im Lande Bremen	S. 33 - 38	skip0400.html
2024	title	10	2024-02-27	/fastmedia/218/2024_02_27_GBl_Nr_0010_signed.pdf	1	Gesetzblatt 2024 Nr. 10	Dreizehntes Ortsgesetz zur Änderung der Kostenordnung für die Feuerwehr der Stadt Bremerhaven (Feuerwehrkostenordnung)	S. 31 - 32	skip0400.html
2024	title	9	2024-02-27	/fastmedia/218/2024_02_27_GBl_Nr_0009_signed.pdf	1	Gesetzblatt 2024 Nr. 9	Verordnung über abweichende Öffnungszeiten von Verkaufsstellen an Sonntagen in der Stadtgemeinde Bremen für das Jahr 2024	S. 29 - 30	skip0400.html
2024	title	8	2024-02-23	/fastmedia/218/2024_02_23_GBl_Nr_0008_signed.pdf	1	Gesetzblatt 2024 Nr. 8	Verordnung über den Ladenschluss im Gebiet zwischen Alter Hafen, Museumshafen und Weser in der Stadt Bremerhaven vom 1. Juni 2024 bis 31. Dezember 2024	S. 28	skip0400.html
2024	title	7	2024-02-06	/fastmedia/218/2024_02_06_GBl_Nr_0007_signed.pdf	1	Gesetzblatt 2024 Nr. 7	Zweiundzwanzigste Verordnung zur Änderung der eAkten-Verordnung	S. 27	skip0400.html
2024	title	6	2024-02-01	/fastmedia/218/2024_02_01_GBl_Nr_0006_signed.pdf	1	Gesetzblatt 2024 Nr. 6	Bremische Verordnung über die Verleihung des Promotionsrechts an die Hochschulen des Landes Bremen (BremPromV)	S. 19 - 26	skip0400.html
2024	date	5	2024-01-24	/fastmedia/218/2024_01_24_GBl_Nr_0005_signed.pdf	1	Gesetzblatt Nr. 5	Verordnung zur Aufhebung der Bremischen Verordnung über die Durchführung des Sozialen Entschädigungsrechts	S. 18	skip0400.html
2024	title	4	2024-01-18	/fastmedia/218/2024_01_18_GBl_Nr_0004_signed.pdf	1	Gesetzblatt 2024 Nr. 4	Ortsgesetz über die Behandlung von Petitionen auf kommunaler Ebene	S. 8 - 17	skip0400.html
2024	title	3	2024-01-12	/fastmedia/218/2024_01_12_GBl_Nr_0003_signed.pdf	1	Gesetzblatt 2024 Nr. 3	Bekanntmachung über das Inkrafttreten des Vierten Medienänderungsstaatsvertrags	S. 7	skip0400.html
2024	title	2	2024-01-11	/fastmedia/218/2024_01_11_GBl_Nr_0002_signed.pdf	1	Gesetzblatt 2024 Nr. 2	Zweite Verordnung zur Änderung der Verordnung zur Erhebung von Hochwasserschutzbeiträgen in Bremerhaven	S. 3 - 6	skip0400.html
2024	title	1	2024-01-10	/fastmedia/218/2024_01_10_GBl_Nr_0001_signed.pdf	1	Gesetzblatt 2024 Nr. 1	Zweite Verordnung zur Änderung der Verordnung über Zuständigkeiten von Amtsgerichten	S. 1 - 2	skip0400.html
2023	title	130	2023-12-29	/fastmedia/218/2023_12_29_GBl_Nr_0130_signed.pdf	1	Gesetzblatt 2023 Nr. 130	Berichtigung des Gesetzes zur Änderung dienstrechtlicher Vorschriften	S. 644	skip0400.html
2023	title	129	2023-12-29	/fastmedia/218/2023_12_29_GBl_Nr_0129_signed.pdf	1	Gesetzblatt 2023 Nr. 129	Zweites Gesetz zur Änderung des Haushaltsgesetzes der Freien Hansestadt Bremen für das Haushaltsjahr 2023 (Zweites Nachtragshaushaltsgesetz 2023 Land Bremen)	S. 636 - 643	skip0400.html
2023	title	128	2023-12-29	/fastmedia/218/2023_12_29_GBl_Nr_0128_signed.pdf	1	Gesetzblatt 2023 Nr. 128	Zweites Ortsgesetz zur Änderung des Haushaltsgesetzes der Stadtgemeinde Bremen für das Haushaltsjahr 2023 (Zweites Nachtragshaushaltsgesetz 2023 Stadtgemeinde Bremen)	S. 628 - 635	skip0400.html
2023	title	127	2023-12-28	/fastmedia/218/2023_12_28_GBl_Nr_0127_signed.pdf	1	Gesetzblatt 2023 Nr. 127	Bremisches Raumordnungsgesetz (BremROG)	S. 613 - 627	skip0400.html
2023	title	126	2023-12-28	/fastmedia/218/2023_12_28_GBl_Nr_0126_signed.pdf	1	Gesetzblatt 2023 Nr. 126	Gesetz zur Änderung dienstrechtlicher Vorschriften	S. 607 - 612	skip0400.html
2023	title	125	2023-12-28	/fastmedia/218/2023_12_28_GBl_Nr_0125_signed.pdf	1	Gesetzblatt 2023 Nr. 125	Gesetz zur Änderung des Opferanlaufstellengesetzes	S. 605 - 606	skip0400.html
2023	title	124	2023-12-27	/fastmedia/218/2023_12_27_GBl_Nr_0124_signed.pdf	1	Gesetzblatt 2023 Nr. 124	Drittes Gesetz zur Änderung des Gesetzes über das Verbot des Mitführens und der Abgabe von Glasflaschen oder Trinkgläsern in bestimmten Gebieten	S. 604	skip0400.html
2023	title	123	2023-12-27	/fastmedia/218/2023_12_27_GBl_Nr_0123_signed.pdf	1	Gesetzblatt 2023 Nr. 123	Erstes Gesetz zur Änderung des Gesetzes über die Einführung einer FamilienCard und die Verwaltungszuständigkeit	S. 603	skip0400.html
2023	title	122	2023-12-27	/fastmedia/218/2023_12_27_GBl_Nr_0122_signed.pdf	1	Gesetzblatt 2023 Nr. 122	Drittes Ortsgesetz zur Änderung der Feuerwehrkostenordnung	S. 602	skip0400.html
2023	title	121	2023-12-27	/fastmedia/218/2023_12_27_GBl_Nr_0121_signed.pdf	1	Gesetzblatt 2023 Nr. 121	Ortsgesetz zur Änderung der Gebührenordnung für die Abfallentsorgung in der Stadtgemeinde Bremen	S. 598 - 601	skip0400.html
2023	title	120	2023-12-21	/fastmedia/218/2023_12_21_GBl_Nr_0120_signed.pdf	1	Gesetzblatt 2023 Nr. 120	Verordnung über die Sonntagsöffnung von Verkaufsstellen in der Stadt Bremerhaven	S. 596 - 597	skip0400.html
2023	title	119	2023-12-21	/fastmedia/218/2023_12_21_GBl_Nr_0119_signed.pdf	1	Gesetzblatt 2023 Nr. 119	Drittes Ortsgesetz zur Änderung der Haushaltssatzung der Stadt Bremerhaven für das Haushaltsjahr 2023	S. 587 - 595	skip0400.html
2023	title	118	2023-12-20	/fastmedia/218/2023_12_20_GBl_Nr_0118_signed.pdf	1	Gesetzblatt 2023 Nr. 118	Verordnung zur Änderung der Wahlordnung zum Bremischen Personalvertretungsgesetz	S. 586	skip0400.html
2023	title	117	2023-12-20	/fastmedia/218/2023_12_20_GBl_Nr_0117_signed.pdf	1	Gesetzblatt 2023 Nr. 117	Dritte Verordnung zur Änderung der Verordnung über Parkgebühren	S. 584 - 585	skip0400.html
2023	title	116	2023-12-20	/fastmedia/218/2023_12_20_GBl_Nr_0116_signed.pdf	1	Gesetzblatt 2023 Nr. 116	Ortsgesetz zur Änderung der Gebührenordnung für die Benutzung der öffentlichen Abfallentsorgung in der Stadt Bremerhaven und zur Änderung der Gebührenordnung zum Entwässerungsortsgesetz der Stadt Bremerhaven	S. 580 - 583	skip0400.html
2023	title	115	2023-12-19	/fastmedia/218/2023_12_19_GBl_Nr_0115_signed.pdf	1	Gesetzblatt 2023 Nr. 115	Verordnung zur Änderung der Bremischen Hafengebührenordnung	S. 572 - 579	skip0400.html
2023	title	114	2023-12-14	/fastmedia/218/2023_12_14_GBl_Nr_0114_signed.pdf	1	Gesetzblatt 2023 Nr. 114	Ortsgesetz zur Änderung der Benutzungs- und Gebührenordnung der Stadtbibliothek Bremerhaven	S. 571	skip0400.html
2023	title	113	2023-12-14	/fastmedia/218/2023_12_14_GBl_Nr_0113_signed.pdf	1	Gesetzblatt 2023 Nr. 113	Anordnung zur Änderung der Anordnung des Senats zur Übertragung von dienstrechtlichen Befugnissen	S. 570	skip0400.html
2023	title	112	2023-12-13	/fastmedia/218/2023_12_13_GBl_Nr_0112_signed.pdf	1	Gesetzblatt 2023 Nr. 112	Zweite Verordnung zur Änderung der Verordnung über die Anerkennung von Bildungsveranstaltungen nach dem Bremischen Bildungszeitgesetz	S. 568 - 569	skip0400.html
2023	title	111	2023-12-05	/fastmedia/218/2023_12_05_GBl_Nr_0111_signed.pdf	1	Gesetzblatt 2023 Nr. 111	Achtzehnte Verordnung zur Änderung der Verordnung über die Aufteilung und Auszahlung des Gemeindeanteils an der Einkommensteuer und die Abführung der Gewerbesteuerumlage	S. 567	skip0400.html
2023	title	110	2023-12-04	/fastmedia/218/2023_12_04_GBl_Nr_0110_signed.pdf	1	Gesetzblatt 2023 Nr. 110	Gesetz zur Änderung des Bremischen Polizeigesetzes	S. 565 - 566	skip0400.html
2023	title	109	2023-12-04	/fastmedia/218/2023_12_04_GBl_Nr_0109_signed.pdf	1	Gesetzblatt 2023 Nr. 109	Gesetz zu dem Vierten Medienänderungsstaatsvertrag	S. 557 - 564	skip0400.html
2023	title	108	2023-11-28	/fastmedia/218/2023_11_28_GBl_Nr_0108_signed.pdf	1	Gesetzblatt 2023 Nr. 108	Siebte Verordnung zur Änderung der Verordnung über die Aufteilung und Auszahlung des Gemeindeanteils an der Umsatzsteuer	S. 556	skip0400.html
2023	title	107	2023-11-27	/fastmedia/218/2023_11_27_GBl_Nr_0107_signed.pdf	1	Gesetzblatt 2023 Nr. 107	Verordnung zur Ausführung des Bremischen Spielhallengesetzes	S. 540 - 555	skip0400.html
2023	title	106	2023-11-23	/fastmedia/218/2023_11_23_GBl_Nr_0106_signed.pdf	1	Gesetzblatt 2023 Nr. 106	Verordnung über die Einzelheiten des Beurteilungswesens für Richterinnen und Richter sowie Staatsanwältinnen und Staatsanwälte	S. 527 - 539	skip0400.html
2023	title	105	2023-11-21	/fastmedia/218/2023_11_21_GBl_Nr_0105_signed.pdf	1	Gesetzblatt 2023 Nr. 105	Einundzwanzigste Verordnung zur Änderung der eAkten-Verordnung	S. 526	skip0400.html
2023	title	104	2023-11-16	/fastmedia/218/2023_11_16_GBl_Nr_0104_signed.pdf	1	Gesetzblatt 2023 Nr. 104	Verordnung über den Verwaltungsrat nach dem Gesetz zur Errichtung eines Ausbildungsunterstützungsfonds im Land Bremen (Ausbildungsunterstützungsfondsverwaltungsratverordnung – AusbUFVV)	S. 522 - 525	skip0400.html
2023	title	103	2023-11-15	/fastmedia/218/2023_11_15_GBl_Nr_0103_signed.pdf	1	Gesetzblatt 2023 Nr. 103	Zweite Verordnung zur Änderung der Wahlordnung zur Wahl der Frauenbeauftragten	S. 517 - 521	skip0400.html
2023	title	102	2023-11-15	/fastmedia/218/2023_11_15_GBl_Nr_0102_signed.pdf	1	Gesetzblatt 2023 Nr. 102	Verordnung zur Änderung der Wahlordnung zum Bremischen Personalvertretungsgesetz	S. 516	skip0400.html
2023	title	101	2023-11-09	/fastmedia/218/2023_11_09_GBl_Nr_0101_signed.pdf	1	Gesetzblatt 2023 Nr. 101	Achte Verordnung zur Änderung der Allgemeinen Kostenverordnung	S. 514 - 515	skip0400.html
2023	title	100	2023-09-28	/fastmedia/218/2023_09_28_GBl_Nr_0100_signed.pdf	1	Gesetzblatt 2023 Nr. 100	Bekanntmachung einer Entscheidung des Staatsgerichtshofs der Freien Hansestadt Bremen vom 7. August 2023 in dem Verfahren über die Zulassung der Wahllisten für Bremen und Bremerhaven des Landesverbands Bremen der Partei „Alternative für Deutschland“ zur Bürgerschaftswahl 2023	S. 513	skip0400.html
2023	title	99	2023-09-28	/fastmedia/218/2023_09_28_GBl_Nr_0099_signed.pdf	1	Gesetzblatt 2023 Nr. 99	Berichtigung des Gesetzblattes Nr. 98	S. 512	skip0400.html
2023	title	98	2023-09-27	/fastmedia/218/2023_09_27_GBl_Nr_0098_signed.pdf	1	Gesetzblatt 2023 Nr. 98	Ortsgesetz zur Änderung des Entschädigungsortsgesetzes	S. 509 - 511	skip0400.html
2023	title	97	2023-09-25	/fastmedia/218/2023_09_25_GBl_Nr_0097_signed.pdf	1	Gesetzblatt 2023 Nr. 97	Dritte Verordnung zur Änderung der Bremischen Beihilfeverordnung	S. 508	skip0400.html
2023	title	96	2023-09-25	/fastmedia/218/2023_09_25_GBl_Nr_0096_signed.pdf	1	Gesetzblatt 2023 Nr. 96	Drittes Gesetz zur Änderung des Ersten Gesetzes zur Ausführung des Achten Buches Sozialgesetzbuch – Gesetz zur Ausführung des Kinder- und Jugendhilfegesetzes im Lande Bremen	S. 507	skip0400.html
2023	title	95	2023-09-25	/fastmedia/218/2023_09_25_GBl_Nr_0095_signed.pdf	1	Gesetzblatt 2023 Nr. 95	Gesetz über das Verbot des Konsums von Betäubungsmitteln und Alkohol am Hauptbahnhof Bremen	S. 504 - 506	skip0400.html
2023	title	94	2023-09-25	/fastmedia/218/2023_09_25_GBl_Nr_0094_signed.pdf	1	Gesetzblatt 2023 Nr. 94	Verordnung zur Änderung der Verordnung über die Zuständigkeit für die Verfolgung und Ahndung von Ordnungswidrigkeiten	S. 502 - 503	skip0400.html
2023	title	93	2023-09-21	/fastmedia/218/2023_09_21_GBl_Nr_0093_signed.pdf	1	Gesetzblatt 2023 Nr. 93	Erste Verordnung zur Änderung der Verordnung über die Sonntagsöffnung von Verkaufsstellen in der Stadt Bremerhaven	S. 501	skip0400.html
2023	title	92	2023-09-15	/fastmedia/218/2023_09_15_GBl_Nr_0092_signed.pdf	1	Gesetzblatt 2023 Nr. 92	Verordnung über die Festlegung der Zulassungszahlen zum Vorbereitungsdienst für die Lehrämter an öffentlichen Schulen und zu den Ausgleichsmaßnahmen und den lehramtsbezogenen Qualifizierungsmaßnahmen für Lehrkräfte mit einer ausländischen Lehrkräfteberufsqualifikation im Lande Bremen	S. 495 - 500	skip0400.html
2023	title	91	2023-08-29	/fastmedia/218/2023_08_29_GBl_Nr_0091_signed.pdf	1	Gesetzblatt 2023 Nr. 91	Anpassung der Aufwandsentschädigung der Mitglieder der Stadtverordnetenversammlung	S. 494	skip0400.html
2023	title	90	2023-08-29	/fastmedia/218/2023_08_29_GBl_Nr_0090_signed.pdf	1	Gesetzblatt 2023 Nr. 90	Liste der Öffentlich bestellten Vermessungsingenieure	S. 493	skip0400.html
2023	title	89	2023-08-01	/fastmedia/218/2023_08_01_GBl_Nr_0089_signed.pdf	1	Gesetzblatt 2023 Nr. 89	Erste Verordnung zur Änderung der Prüfungsgegenstände-Verordnung	S. 491 - 492	skip0400.html
2023	title	88	2023-07-21	/fastmedia/218/2023_07_21_GBl_Nr_0088_signed.pdf	1	Gesetzblatt 2023 Nr. 88	Ortsgesetz über die Zahl der Mitglieder des Magistrats in der Stadt Bremerhaven	S. 490	skip0400.html
2023	title	87	2023-07-18	/fastmedia/218/2023_07_18_GBl_Nr_0087_signed.pdf	1	Gesetzblatt 2023 Nr. 87	Anpassung der Aufwandsentschädigung für die nicht der Bürgerschaft (Landtag) angehörenden Mitglieder der Stadtbürgerschaft	S. 489	skip0400.html
2023	title	86	2023-07-18	/fastmedia/218/2023_07_18_GBl_Nr_0086_signed.pdf	1	Gesetzblatt 2023 Nr. 86	Anpassung der Entschädigung für die Mitglieder der Bremischen Bürgerschaft	S. 488	skip0400.html
2023	title	85	2023-07-13	/fastmedia/218/2023_07_13_GBl_Nr_0085_signed.pdf	1	Gesetzblatt 2023 Nr. 85	Bekanntmachung über das Inkrafttreten des Dritten Medienänderungsstaatsvertrags	S. 487	skip0400.html
2023	title	84	2023-06-28	/fastmedia/218/2023_06_28_GBl_Nr_0084_signed.pdf	1	Gesetzblatt 2023 Nr. 84	Zwanzigste Verordnung zur Änderung der eAkten-Verordnung	S. 485 - 486	skip0400.html
2023	title	83	2023-06-16	/fastmedia/218/2023_06_16_GBl_Nr_0083_signed.pdf	1	Gesetzblatt 2023 Nr. 83	Verordnung zur Änderung der Verordnung über die Abiturprüfung im Lande Bremen	S. 481 - 484	skip0400.html
2023	title	82	2023-06-14	/fastmedia/218/2023_06_14_GBl_Nr_0082_signed.pdf	1	Gesetzblatt 2023 Nr. 82	Verordnung über den Ladenschluss im Gebiet zwischen Alter Hafen, Museumshafen und Weser in der Stadt Bremerhaven vom 25. Juni 2023 bis 31. Dezember 2023	S. 480	skip0400.html
2023	title	81	2023-06-14	/fastmedia/218/2023_06_14_GBl_Nr_0081_signed.pdf	1	Gesetzblatt 2023 Nr. 81	Polizeiverordnung zur Änderung der Polizeiverordnung über das Verbot des Führens von gefährlichen Gegenständen	S. 479	skip0400.html
2023	title	80	2023-06-13	/fastmedia/218/2023_06_13_GBl_Nr_0080_signed.pdf	1	Gesetzblatt 2023 Nr. 80	Bekanntmachung einer Entscheidung des Staatsgerichtshofs der Freien Hansestadt Bremen vom 27. April 2023 über den Antrag auf Erlass einer einstweiligen Anordnung auf vorläufige Zulassung von für den Landesverband Bremen der AfD abgegebenen Wahlvorschlägen für Bremen und Bremerhaven zur Wahl zur Bremischen Bürgerschaft 2023	S. 478	skip0400.html
2023	title	79	2023-06-13	/fastmedia/218/2023_06_13_GBl_Nr_0079_signed.pdf	1	Gesetzblatt 2023 Nr. 79	Bekanntmachung einer Entscheidung des Staatsgerichtshofs der Freien Hansestadt Bremen vom 27. April 2023 über den Antrag auf Erlass einer einstweiligen Anordnung auf vorläufige Zulassung eines Wahlvorschlags für den Landesverband Bremen der AfD zur Wahl des Beirates im Stadtteil Hemelingen am 14. Mai 2023	S. 477	skip0400.html
2023	title	78	2023-06-13	/fastmedia/218/2023_06_13_GBl_Nr_0078_signed.pdf	1	Gesetzblatt 2023 Nr. 78	Bekanntmachung einer Entscheidung des Staatsgerichtshofs der Freien Hansestadt Bremen vom 27. April 2023 über den Antrag auf Erlass einer einstweiligen Anordnung auf vorläufige Zulassung eines Wahlvorschlags für den Landesverband Bremen der AfD zur Wahl zur Bremischen Bürgerschaft 2023	S. 476	skip0400.html
2023	title	77	2023-06-13	/fastmedia/218/2023_06_13_GBl_Nr_0077_signed.pdf	1	Gesetzblatt 2023 Nr. 77	Bekanntmachung einer Entscheidung des Staatsgerichtshofs der Freien Hansestadt Bremen vom 4. April 2023 über die Frage der verfassungsrechtlichen Zulässigkeit des von der Bürgerschaft (Landtag) in der 40. Sitzung am 14. Oktober 2022 in erster Lesung beschlossenen Gesetzentwurfes zur Änderung des Bremischen Wahlgesetzes	S. 475	skip0400.html
2023	title	76	2023-05-24	/fastmedia/218/2023_05_24_GBl_Nr_0076_signed.pdf	1	Gesetzblatt 2023 Nr. 76	Zweite Verordnung zur Änderung der Bremischen Beihilfeverordnung	S. 473 - 474	skip0400.html
2023	title	75	2023-05-24	/fastmedia/218/2023_05_24_GBl_Nr_0075_signed.pdf	1	Gesetzblatt 2023 Nr. 75	Verordnung zur Neufassung der Bremischen Urlaubsverordnung	S. 458 - 472	skip0400.html
2023	title	74	2023-05-24	/fastmedia/218/2023_05_24_GBl_Nr_0074_signed.pdf	1	Gesetzblatt 2023 Nr. 74	Sechste Verordnung zur Änderung der Studienplatzvergabeverordnung	S. 456 - 457	skip0400.html
2023	title	73	2023-05-23	/fastmedia/218/2023_05_23_GBl_Nr_0073_signed.pdf	1	Gesetzblatt 2023 Nr. 73	Verordnung über die Höhe der Eckwerte des Gesetzes zur Errichtung eines Ausbildungsunterstützungsfonds im Land Bremen (Ausbildungsunterstützungsfondseckwerteverordnung – AusbUFEwVO)	S. 455	skip0400.html
2023	title	72	2023-05-23	/fastmedia/218/2023_05_23_GBl_Nr_0072_signed.pdf	1	Gesetzblatt 2023 Nr. 72	Drittes Gesetz zur Änderung des Landesgleichstellungsgesetzes	S. 450 - 454	skip0400.html
2023	title	71	2023-05-23	/fastmedia/218/2023_05_23_GBl_Nr_0071_signed.pdf	1	Gesetzblatt 2023 Nr. 71	Bremisches Gesetz zur Beschleunigung des Ausbaus von Anlagen zur Stromerzeugung aus solarer Strahlungsenergie (BremSolarG)	S. 443 - 449	skip0400.html
2023	title	70	2023-05-23	/fastmedia/218/2023_05_23_GBl_Nr_0070_signed.pdf	1	Gesetzblatt 2023 Nr. 70	Gesetz zur Sicherstellung bedarfsgerechter Angebote zur Vornahme von Schwangerschaftsabbrüchen	S. 440 - 442	skip0400.html
2023	title	69	2023-05-22	/fastmedia/218/2023_05_22_GBl_Nr_0069_signed.pdf	1	Gesetzblatt 2023 Nr. 69	Gesetz zur Änderung des Bremischen Wohnungsaufsichtsgesetzes	S. 436 - 439	skip0400.html
2023	title	68	2023-05-22	/fastmedia/218/2023_05_22_GBl_Nr_0068_signed.pdf	1	Gesetzblatt 2023 Nr. 68	Viertes Gesetz zur Änderung des Bremischen Gebühren- und Beitragsgesetzes	S. 434 - 435	skip0400.html
2023	title	67	2023-05-22	/fastmedia/218/2023_05_22_GBl_Nr_0067_signed.pdf	1	Gesetzblatt 2023 Nr. 67	Erstes Ortsgesetz zur Änderung des Ortsgesetzes über die Erhebung von Erschließungsbeiträgen	S. 433	skip0400.html
2023	title	66	2023-05-22	/fastmedia/218/2023_05_22_GBl_Nr_0066_signed.pdf	1	Gesetzblatt 2023 Nr. 66	Ortsgesetz zur Gebühren- und Benutzungsordnung der Bremer Volkshochschule, Eigenbetrieb der Stadtgemeinde Bremen	S. 427 - 432	skip0400.html
2023	title	65	2023-05-19	/fastmedia/218/2023_05_19_GBl_Nr_0065_signed.pdf	1	Gesetzblatt 2023 Nr. 65	Gesetz zur Änderung dienstrechtlicher Vorschriften	S. 415 - 426	skip0400.html
2023	title	64	2023-05-19	/fastmedia/218/2023_05_19_GBl_Nr_0064_signed.pdf	1	Gesetzblatt 2023 Nr. 64	Gesetz zur Änderung des Bremischen Abgeordnetengesetzes	S. 411 - 414	skip0400.html
2023	title	63	2023-05-19	/fastmedia/218/2023_05_19_GBl_Nr_0063_signed.pdf	1	Gesetzblatt 2023 Nr. 63	Gesetz zur Änderung des Bremischen Ladenschlussgesetzes	S. 410	skip0400.html
2023	title	62	2023-05-19	/fastmedia/218/2023_05_19_GBl_Nr_0062_signed.pdf	1	Gesetzblatt 2023 Nr. 62	Kostenverordnung für Amtshandlungen der Betreuungsbehörden	S. 407 - 409	skip0400.html
2023	title	61	2023-05-15	/fastmedia/218/2023_05_15_GBl_Nr_0061_signed.pdf	1	Gesetzblatt 2023 Nr. 61	Verordnung über die Fachschule für Technik	S. 390 - 406	skip0400.html
2023	title	60	2023-05-12	/fastmedia/218/2023_05_12_GBl_Nr_0060_signed.pdf	1	Gesetzblatt 2023 Nr. 60	Dritte Verordnung zur Änderung der Verordnung zur Anerkennung und Förderung von Angeboten zur Unterstützung im Alltag nach § 45a, der Weiterentwicklung der Versorgungsstrukturen und des Ehrenamtes nach § 45c sowie der Selbsthilfe nach § 45d des Elften Buches Sozialgesetzbuch für das Land Bremen	S. 388 - 389	skip0400.html
2023	title	59	2023-05-12	/fastmedia/218/2023_05_12_GBl_Nr_0059_signed.pdf	1	Gesetzblatt 2023 Nr. 59	Verordnung zur Änderung der Bremischen Erschwerniszulagenverordnung	S. 386 - 387	skip0400.html
2023	title	58	2023-05-12	/fastmedia/218/2023_05_12_GBl_Nr_0058_signed.pdf	1	Gesetzblatt 2023 Nr. 58	Ortsgesetz zur Durchführung von Brandverhütungsschauen in der Stadtgemeinde Bremerhaven (OG BVS BHV)	S. 376 - 385	skip0400.html
2023	title	57	2023-05-09	/fastmedia/218/2023_05_09_GBl_Nr_0057_signed.pdf	1	Gesetzblatt 2023 Nr. 57	Zweite Verordnung zur Änderung der Personalverordnung zum Bremischen Wohn- und Betreuungsgesetz	S. 375	skip0500.html
2023	title	56	2023-05-09	/fastmedia/218/2023_05_09_GBl_Nr_0056_signed.pdf	1	Gesetzblatt 2023 Nr. 56	Bauverordnung zum Bremischen Wohn- und Betreuungsgesetz der Freien Hansestadt Bremen (BremWoBeGBauVO)	S. 360 - 374	skip0500.html
2023	title	55	2023-04-27	/fastmedia/218/2023_04_27_GBl_Nr_0055_signed.pdf	1	Gesetzblatt 2023 Nr. 55	Zweite Verordnung zur Änderung der Ausbildungs- und Prüfungsverordnung für Lehrämter	S. 359	skip0500.html
2023	title	54	2023-04-26	/fastmedia/218/2023_04_26_GBl_Nr_0054_signed.pdf	1	Gesetzblatt 2023 Nr. 54	Zweites Ortsgesetz zur Änderung der Haushaltssatzung der Stadt Bremerhaven für das Haushaltsjahr 2023	S. 355 - 358	skip0500.html
2023	title	53	2023-04-25	/fastmedia/218/2023_04_25_GBl_Nr_0053_signed.pdf	1	Gesetzblatt 2023 Nr. 53	Verordnung über die Prüfungsgegenstände der staatlichen Pflichtfachprüfung (Prüfungsgegenstände-Verordnung)	S. 345 - 354	skip0500.html
2023	title	52	2023-04-20	/fastmedia/218/2023_04_20_GBl_Nr_0052_signed.pdf	1	Gesetzblatt 2023 Nr. 52	Berichtigung des Gesetzblattes Nr. 51	S. 344	skip0500.html
2023	title	51	2023-04-19	/fastmedia/218/2023_04_19_GBl_Nr_0051_signed.pdf	1	Gesetzblatt 2023 Nr. 51	Verordnung zur Änderung der Bremischen Hafengebührenordnung	S. 343	skip0500.html
2023	title	50	2023-04-19	/fastmedia/218/2023_04_19_GBl_Nr_0050_signed.pdf	1	Gesetzblatt 2023 Nr. 50	Verordnung zur Umsetzung der Erweiterung der Geltung der Tariftreue bei öffentlichen Aufträgen im Land Bremen	S. 334 - 342	skip0500.html
2023	title	49	2023-04-19	/fastmedia/218/2023_04_19_GBl_Nr_0049_signed.pdf	1	Gesetzblatt 2023 Nr. 49	Zweites Ortsgesetz zur Änderung des Ortsgesetzes über die Bremer Volkshochschule, Eigenbetrieb der Stadtgemeinde Bremen	S. 332 - 333	skip0500.html
2023	title	48	2023-04-18	/fastmedia/218/2023_04_18_GBl_Nr_0048_signed.pdf	1	Gesetzblatt 2023 Nr. 48	Gesetz zur Neufassung des Bremischen Stiftungsgesetzes und zur Änderung des Gesetzes über Vertretungsbescheinigungen	S. 325 - 331	skip0500.html
2023	title	47	2023-04-18	/fastmedia/218/2023_04_18_GBl_Nr_0047_signed.pdf	1	Gesetzblatt 2023 Nr. 47	Sechstes Gesetz zur Änderung des Bremischen Ausbildungsgesetzes für Lehrämter	S. 323 - 324	skip0500.html
2023	title	46	2023-04-18	/fastmedia/218/2023_04_18_GBl_Nr_0046_signed.pdf	1	Gesetzblatt 2023 Nr. 46	Zweites Gesetz zur Änderung des Bremischen Klimaschutz- und Energiegesetzes	S. 313 - 322	skip0500.html
2023	title	45	2023-04-18	/fastmedia/218/2023_04_18_GBl_Nr_0045_signed.pdf	1	Gesetzblatt 2023 Nr. 45	Gesetz zur Änderung des Bremischen Schiffsabfall-Entsorgungsgesetzes (BremSAEG)	S. 312	skip0500.html
2023	title	44	2023-04-17	/fastmedia/218/2023_04_17_GBl_Nr_0044_signed.pdf	1	Gesetzblatt 2023 Nr. 44	Gesetz zur Regelung des Bibliothekswesens im Land Bremen	S. 305 - 311	skip0500.html
2023	title	43	2023-04-17	/fastmedia/218/2023_04_17_GBl_Nr_0043_signed.pdf	1	Gesetzblatt 2023 Nr. 43	Zweites Gesetz zur Änderung des Krebsregistergesetzes	S. 294 - 304	skip0500.html
2023	title	42	2023-04-17	/fastmedia/218/2023_04_17_GBl_Nr_0042_signed.pdf	1	Gesetzblatt 2023 Nr. 42	Gesetz zum Abkommen über die Errichtung und Finanzierung der Akademie für Öffentliches Gesundheitswesen in Düsseldorf	S. 286 - 293	skip0500.html
2023	title	41	2023-04-17	/fastmedia/218/2023_04_17_GBl_Nr_0041_signed.pdf	1	Gesetzblatt 2023 Nr. 41	Ortsgesetz über die Begrünung von Freiflächen und Flachdachflächen in der Stadtgemeinde Bremen (Begrünungsortsgesetz Bremen)	S. 282 - 285	skip0500.html
2023	title	40	2023-04-14	/fastmedia/218/2023_04_14_GBl_Nr_0040_signed.pdf	1	Gesetzblatt 2023 Nr. 40	Gesetz zur Änderung des Bremischen Ladenschlussgesetzes	S. 281	skip0500.html
2023	title	39	2023-04-14	/fastmedia/218/2023_04_14_GBl_Nr_0039_signed.pdf	1	Gesetzblatt 2023 Nr. 39	Gesetz zur Errichtung eines Ausbildungsunterstützungsfonds im Land Bremen (Ausbildungsunterstützungsfondsgesetz – AusbUFG)	S. 272 - 280	skip0500.html
2023	title	38	2023-04-14	/fastmedia/218/2023_04_14_GBl_Nr_0038_signed.pdf	1	Gesetzblatt 2023 Nr. 38	Gesetz zur Änderung des Haushaltsgesetzes der Freien Hansestadt Bremen für das Haushaltsjahr 2023	S. 264 - 271	skip0500.html
2023	title	37	2023-04-14	/fastmedia/218/2023_04_14_GBl_Nr_0037_signed.pdf	1	Gesetzblatt 2023 Nr. 37	Ortsgesetz zur Änderung des Haushaltsgesetzes der Stadtgemeinde Bremen für das Haushaltsjahr 2023	S. 258 - 263	skip0500.html
2023	title	36	2023-04-04	/fastmedia/218/2023_04_04_GBl_Nr_0036_signed.pdf	1	Gesetzblatt 2023 Nr. 36	Verordnung zur Änderung der Verordnung über die Berufsfachschule für sozialpädagogische Assistenz	S. 257	skip0500.html
2023	title	35	2023-03-31	/fastmedia/218/2023_03_31_GBl_Nr_0035_signed.pdf	1	Gesetzblatt 2023 Nr. 35	Neunzehnte Verordnung zur Änderung der eAkten-Verordnung	S. 255 - 256	skip0500.html
2023	title	34	2023-03-30	/fastmedia/218/2023_03_30_GBl_Nr_0034_signed.pdf	1	Gesetzblatt 2023 Nr. 34	Verordnung zur Änderung der Krankenhausinvestitionsförderungsverordnung	S. 254	skip0500.html
2023	title	33	2023-03-30	/fastmedia/218/2023_03_30_GBl_Nr_0033_signed.pdf	1	Gesetzblatt 2023 Nr. 33	Verordnung über die Festsetzung eines Wasserschutzgebietes für die Trinkwasserbrunnen des Wasserwerkes Blumenthal der wesernetz Bremen GmbH in Bremen-Vegesack im Land Bremen	S. 225 - 253	skip0500.html
2023	title	32	2023-03-30	/fastmedia/218/2023_03_30_GBl_Nr_0032_signed.pdf	1	Gesetzblatt 2023 Nr. 32	Zweite Verordnung zur Änderung der Verordnung zur Übermittlung von Meldedaten	S. 217 - 224	skip0500.html
2023	title	31	2023-03-30	/fastmedia/218/2023_03_30_GBl_Nr_0031_signed.pdf	1	Gesetzblatt 2023 Nr. 31	Vierte Verordnung zur Änderung der Verordnung über die Gewährung von Unterhaltsbeihilfen an Rechtsreferendare	S. 215 - 216	skip0500.html
2023	title	30	2023-03-23	/fastmedia/218/2023_03_23_GBl_Nr_0030_signed.pdf	1	Gesetzblatt 2023 Nr. 30	Ortsgesetz zur Änderung der Haushaltssatzung der Stadt Bremerhaven für das Haushaltsjahr 2023	S. 209 - 214	skip0500.html
2023	title	29	2023-03-22	/fastmedia/218/2023_03_22_GBl_Nr_0029_signed.pdf	1	Gesetzblatt 2023 Nr. 29	Dritte Verordnung zur Änderung der Verordnung über die Fachschule für Sozialpädagogik	S. 208	skip0500.html
2023	title	28	2023-03-21	/fastmedia/218/2023_03_21_GBl_Nr_0028_signed.pdf	1	Gesetzblatt 2023 Nr. 28	Dritte Verordnung zur Änderung der Wahlordnung für die Wahl zu den Delegiertenversammlungen der Ärzte- und Zahnärztekammer Bremen	S. 207	skip0500.html
2023	title	27	2023-03-20	/fastmedia/218/2023_03_20_GBl_Nr_0027_signed.pdf	1	Gesetzblatt 2023 Nr. 27	Verordnung zur Änderung der Verordnung über die Zuständigkeit der Verwaltungsbehörden nach dem Aufnahmegesetz	S. 206	skip0500.html
2023	title	26	2023-03-20	/fastmedia/218/2023_03_20_GBl_Nr_0026_signed.pdf	1	Gesetzblatt 2023 Nr. 26	Gesetz zur Änderung der Landesverfassung der Freien Hansestadt Bremen	S. 204 - 205	skip0500.html
2023	date	25	2023-03-17	/fastmedia/218/2023_03_17_GBl_Nr_0025_signed.pdf	1	Gesetzblatt Nr. 25	Gesetz zur Neufassung des Bremischen Richtergesetzes	S. 166 - 203	skip0500.html
2023	title	24	2023-03-17	/fastmedia/218/2023_03_17_GBl_Nr_0024_signed.pdf	1	Gesetzblatt 2023 Nr. 24	Drittes Gesetz zur Änderung des Aufnahmegesetzes	S. 163 - 165	skip0500.html
2023	title	23	2023-03-16	/fastmedia/218/2023_03_16_GBl_Nr_0023_signed.pdf	1	Gesetzblatt 2023 Nr. 23	Gesetz zur Neufassung des Bremischen Gesetzes über die Juristenausbildung und die erste juristische Prüfung (JAPG)	S. 132 - 162	skip0500.html
2023	title	22	2023-03-16	/fastmedia/218/2023_03_16_GBl_Nr_0022_signed.pdf	1	Gesetzblatt 2023 Nr. 22	Gesetz zu dem Dritten Medienänderungsstaatsvertrag	S. 119 - 131	skip0500.html
2023	title	21	2023-03-16	/fastmedia/218/2023_03_16_GBl_Nr_0021_signed.pdf	1	Gesetzblatt 2023 Nr. 21	Erstes Gesetz zur Änderung des Landesgremiumgesetzes	S. 118	skip0500.html
2023	title	20	2023-03-16	/fastmedia/218/2023_03_16_GBl_Nr_0020_signed.pdf	1	Gesetzblatt 2023 Nr. 20	Gesetz zur Änderung des Bremischen Schuldatenschutzgesetzes und eines Gesetzes zur Regelung der rechtskreisübergreifenden Zusammenarbeit am Übergang von der Schule in den Beruf	S. 114 - 117	skip0500.html
2023	title	19	2023-03-06	/fastmedia/218/2023_03_06_GBl_Nr_0019_signed.pdf	1	Gesetzblatt 2023 Nr. 19	Berichtigung des Gesetzblattes Nr. 17	S. 113	skip0500.html
2023	title	18	2023-03-03	/fastmedia/218/2023_03_03_GBl_Nr_0018_signed.pdf	1	Gesetzblatt 2023 Nr. 18	Bremische Verordnung zur Durchführung des Studierenden-Energiepreispauschalengesetzes (BremEPPSG-Durchführungsverordnung – BremEPPSG-VO)	S. 106 - 112	skip0500.html
2023	title	17	2023-03-03	/fastmedia/218/2023_03_03_GBl_Nr_0017_signed.pdf	1	Gesetzblatt 2023 Nr. 17	Verordnung zur Änderung der Bremischen Verordnung über die Ausbildung und Prüfung für die Laufbahngruppe 2, erstes Einstiegsamt in der Fachrichtung Polizei	S. 103 - 105	skip0500.html
2023	title	16	2023-03-03	/fastmedia/218/2023_03_03_GBl_Nr_0016_signed.pdf	1	Gesetzblatt 2023 Nr. 16	Verordnung zur Ausnahme bestimmter Personengruppen von der Testpflicht in Einrichtungen der medizinischen oder pflegerischen Versorgung	S. 101 - 102	skip0500.html
2023	title	15	2023-03-02	/fastmedia/218/2023_03_02_GBl_Nr_0015_signed.pdf	1	Gesetzblatt 2023 Nr. 15	Sechstes Hochschulreformgesetz	S. 68 - 100	skip0500.html
2023	title	14	2023-02-23	/fastmedia/218/2023_02_23_GBl_Nr_0014_signed.pdf	1	Gesetzblatt 2023 Nr. 14	Verordnung über die Festlegung der Zulassungszahlen zum Vorbereitungsdienst für die Lehrämter an öffentlichen Schulen	S. 62 - 67	skip0500.html
2023	title	13	2023-02-14	/fastmedia/218/2023_02_14_GBl_Nr_0013_signed.pdf	1	Gesetzblatt 2023 Nr. 13	Verordnung über abweichende Öffnungszeiten von Verkaufsstellen an Sonntagen in der Stadtgemeinde Bremen für das Jahr 2023	S. 60 - 61	skip0500.html
2023	title	12	2023-02-10	/fastmedia/218/2023_02_10_GBl_Nr_0012_signed.pdf	1	Gesetzblatt 2023 Nr. 12	Erste Verordnung zur Änderung der Verordnung über die Zweijährige Höhere Handelsschule	S. 56 - 59	skip0500.html
2023	title	11	2023-02-09	/fastmedia/218/2023_02_09_GBl_Nr_0011_signed.pdf	1	Gesetzblatt 2023 Nr. 11	Achtes Gesetz zur Änderung des Tariftreue- und Vergabegesetzes	S. 55	skip0500.html
2023	title	10	2023-02-09	/fastmedia/218/2023_02_09_GBl_Nr_0010_signed.pdf	1	Gesetzblatt 2023 Nr. 10	Drittes Gesetz zur Änderung des Gesetzes über den Staatsgerichtshof	S. 54	skip0500.html
2023	title	9	2023-02-03	/fastmedia/218/2023_02_03_GBl_Nr_0009_signed.pdf	1	Gesetzblatt 2023 Nr. 9	Verordnung zur Durchführung des Betreuungsrechtsausführungsgesetzes (Bremische Betreuungsrechtsdurchführungsverordnung, BremBtrDVO)	S. 50 - 53	skip0500.html
2023	title	8	2023-01-31	/fastmedia/218/2023_01_31_GBl_Nr_0008_signed.pdf	1	Gesetzblatt 2023 Nr. 8	Zweite Verordnung zur Änderung und Aufhebung der Dritten Corona-Basisschutzmaßnahmenverordnung	S. 48 - 49	skip0500.html
2023	title	7	2023-01-27	/fastmedia/218/2023_01_27_GBl_Nr_0007_signed.pdf	1	Gesetzblatt 2023 Nr. 7	Erste Verordnung zur Änderung der Auswahl-, Vergabe- und Kapazitätsverordnung zum Vorbereitungsdienst für Lehrämter an öffentlichen Schulen	S. 47	skip0500.html
2023	title	6	2023-01-18	/fastmedia/218/2023_01_18_GBl_Nr_0006_signed.pdf	1	Gesetzblatt 2023 Nr. 6	Ordnung zur staatlichen Anerkennung von Erzieherinnen und Erziehern im Lande Bremen (Erzieherinnen- und Erzieheranerkennungsverordnung)	S. 32 - 46	skip0500.html
2023	title	5	2023-01-18	/fastmedia/218/2023_01_18_GBl_Nr_0005_signed.pdf	1	Gesetzblatt 2023 Nr. 5	Ordnung zur staatlichen Anerkennung von Heilerziehungspflegerinnen und Heilerziehungspflegern im Lande Bremen (Heilerziehungspflegeanerkennungsverordnung)	S. 18 - 31	skip0500.html
2023	title	4	2023-01-18	/fastmedia/218/2023_01_18_GBl_Nr_0004_signed.pdf	1	Gesetzblatt 2023 Nr. 4	Dritte Verordnung zur Änderung Anerkennungsordnung	S. 17	skip0500.html
2023	title	3	2023-01-13	/fastmedia/218/2023_01_13_GBl_Nr_0003_signed.pdf	1	Gesetzblatt 2023 Nr. 3	Satzung für den Migrationsrat	S. 5 - 16	skip0500.html
2023	title	2	2023-01-06	/fastmedia/218/2023_01_06_GBl_Nr_0002_signed.pdf	1	Gesetzblatt 2023 Nr. 2	Sechste Verordnung zur Änderung der Verordnung zur Durchführung des Gesetzes über die Weiterbildung im Lande Bremen	S. 3 - 4	skip0500.html
2023	title	1	2023-01-06	/fastmedia/218/2023_01_06_GBl_Nr_0001_signed.pdf	1	Gesetzblatt 2023 Nr. 1	Verordnung über die Sonntagsöffnung von Verkaufsstellen in der Stadt Bremerhaven	S. 1 - 2	skip0500.html
2022	title	167	2022-12-29	/fastmedia/218/2022_12_29_GBl_Nr_0167_signed.pdf	1	Gesetzblatt 2022 Nr. 167	Polizeiverordnung zur Änderung der Polizeiverordnung über das Verbot des Führen von gefährlichen Gegenständen	S. 1103	skip0500.html
2022	title	166	2022-12-23	/fastmedia/218/2022_12_23_GBl_Nr_0166_signed.pdf	1	Gesetzblatt 2022 Nr. 166	Verordnung über die Ausbildung und Prüfung in der Pflegefachhilfe	S. 1076 - 1102	skip0500.html
2022	title	165	2022-12-23	/fastmedia/218/2022_12_23_GBl_Nr_0165_signed.pdf	1	Gesetzblatt 2022 Nr. 165	Verordnung eines verbindlichen Lehrplans für die Ausbildung zur Pflegefachfrau oder zum Pflegefachmann nach dem Pflegeberufegesetz	S. 1034 - 1075	skip0500.html
2022	title	164	2022-12-23	/fastmedia/218/2022_12_23_GBl_Nr_0164_signed.pdf	1	Gesetzblatt 2022 Nr. 164	Verordnung zur Änderung der Personalverordnung zum Bremischen Wohn- und Betreuungsgesetz	S. 1033	skip0500.html
2022	title	163	2022-12-22	/fastmedia/218/2022_12_22_GBl_Nr_0163_signed.pdf	1	Gesetzblatt 2022 Nr. 163	Verordnung über Art, Wirkungsweise, Zweckbestimmung der polizeilichen Waffen und Munition (Polizeiwaffenverordnung)	S. 1029 - 1032	skip0500.html
2022	title	162	2022-12-21	/fastmedia/218/2022_12_21_GBl_Nr_0162_signed.pdf	1	Gesetzblatt 2022 Nr. 162	Zweite Verordnung zur Änderung der Bremischen Landesdüngeverordnung	S. 1026 - 1028	skip0500.html
2022	title	161	2022-12-21	/fastmedia/218/2022_12_21_GBl_Nr_0161_signed.pdf	1	Gesetzblatt 2022 Nr. 161	Zweite Verordnung zur Änderung der Verordnung über Parkgebühren	S. 1025	skip0500.html
2022	title	160	2022-12-21	/fastmedia/218/2022_12_21_GBl_Nr_0160_signed.pdf	1	Gesetzblatt 2022 Nr. 160	Dreizehnte Verordnung zur Änderung der Kostenverordnung für die innere Verwaltung	S. 1023 - 1024	skip0500.html
2022	title	159	2022-12-21	/fastmedia/218/2022_12_21_GBl_Nr_0159_signed.pdf	1	Gesetzblatt 2022 Nr. 159	Zweites Ortsgesetz zur Änderung des Aufnahmeortsgesetzes	S. 1018 - 1022	skip0500.html
2022	title	158	2022-12-20	/fastmedia/218/2022_12_20_GBl_Nr_0158_signed.pdf	1	Gesetzblatt 2022 Nr. 158	Erstes Gesetz zur Änderung des Gesetzes über die Erhebung einer Wasserentnahmegebühr	S. 1014 - 1017	skip0500.html
2022	title	157	2022-12-20	/fastmedia/218/2022_12_20_GBl_Nr_0157_signed.pdf	1	Gesetzblatt 2022 Nr. 157	Gesetz über den Einsatz der Informations- und Kommunikationstechnik bei Gerichten und Staatsanwaltschaften in der Justiz der Freien Hansestadt Bremen (IT-Justizgesetz – ITJG)	S. 1007 - 1013	skip0500.html
2022	title	156	2022-12-20	/fastmedia/218/2022_12_20_GBl_Nr_0156_signed.pdf	1	Gesetzblatt 2022 Nr. 156	Bremisches Wohn- und Betreuungsgesetz	S. 972 - 1006	skip0500.html
2022	title	155	2022-12-20	/fastmedia/218/2022_12_20_GBl_Nr_0155_signed.pdf	1	Gesetzblatt 2022 Nr. 155	Loseblattsammlungsänderungsgesetz	S. 971	skip0500.html
2022	title	154	2022-12-19	/fastmedia/218/2022_12_19_GBl_Nr_0154_signed.pdf	1	Gesetzblatt 2022 Nr. 154	Gesetz zur Änderung des Bremischen Beamtengesetzes	S. 967 - 970	skip0500.html
2022	title	153	2022-12-19	/fastmedia/218/2022_12_19_GBl_Nr_0153_signed.pdf	1	Gesetzblatt 2022 Nr. 153	Erstes Gesetz zur Änderung des Bremischen Gesetzes zur Ausführung des Bundesmeldegesetzes	S. 965 - 966	skip0500.html
2022	title	152	2022-12-19	/fastmedia/218/2022_12_19_GBl_Nr_0152_signed.pdf	1	Gesetzblatt 2022 Nr. 152	Gesetz zur Änderung des Gesetzes zur Ausführung des Gerichtsverfassungsgesetzes und des Bremischen Justizkostengesetzes	S. 958 - 964	skip0500.html
2022	title	151	2022-12-19	/fastmedia/218/2022_12_19_GBl_Nr_0151_signed.pdf	1	Gesetzblatt 2022 Nr. 151	Gesetz zur Änderung gesundheitsrechtlicher Vorschriften	S. 955 - 957	skip0500.html
2022	title	150	2022-12-16	/fastmedia/218/2022_12_16_GBl_Nr_0150_signed.pdf	1	Gesetzblatt 2022 Nr. 150	Bremisches Gesetz über Hilfen und Schutzmaßnahmen bei psychischen Krankheiten (BremPsychKG)	S. 901 - 954	skip0500.html
2022	title	149	2022-12-16	/fastmedia/218/2022_12_16_GBl_Nr_0149_signed.pdf	1	Gesetzblatt 2022 Nr. 149	Gesetz zur Umsetzung des Gesetzes zur Reform des Vormundschafts- und Betreuungsrechts vom 4. Mai 2021	S. 896 - 900	skip0500.html
2022	title	148	2022-12-16	/fastmedia/218/2022_12_16_GBl_Nr_0148_signed.pdf	1	Gesetzblatt 2022 Nr. 148	Zweites Ortsgesetz zur Änderung der Feuerwehrkostenordnung	S. 894 - 895	skip0500.html
2022	title	147	2022-12-16	/fastmedia/218/2022_12_16_GBl_Nr_0147_signed.pdf	1	Gesetzblatt 2022 Nr. 147	Zweites Ortsgesetz zur Änderung des Haushaltsgesetzes der Stadtgemeinde Bremen für das Haushaltsjahr 2022	S. 891 - 893	skip0500.html
2022	title	146	2022-12-15	/fastmedia/218/2022_12_15_GBl_Nr_0146_signed.pdf	1	Gesetzblatt 2022 Nr. 146	Ortsgesetz zur Einrichtung des Innovationsbereiches Sögestraße	S. 886 - 890	skip0500.html
2022	title	145	2022-12-15	/fastmedia/218/2022_12_15_GBl_Nr_0145_signed.pdf	1	Gesetzblatt 2022 Nr. 145	Ortsgesetz zur Einrichtung des Innovationsbereiches Ansgari Quartier	S. 881 - 885	skip0500.html
2022	title	144	2022-12-15	/fastmedia/218/2022_12_15_GBl_Nr_0144_signed.pdf	1	Gesetzblatt 2022 Nr. 144	Drittes Ortsgesetz zur Änderung des Entwässerungsgebührenortsgesetzes	S. 880	skip0500.html
2022	title	143	2022-12-15	/fastmedia/218/2022_12_15_GBl_Nr_0143_signed.pdf	1	Gesetzblatt 2022 Nr. 143	Zweite Verordnung zur Änderung der Bremischen Gaststättenverordnung	S. 878 - 879	skip0500.html
2022	title	142	2022-12-14	/fastmedia/218/2022_12_14_GBl_Nr_0142_signed.pdf	1	Gesetzblatt 2022 Nr. 142	Verordnung über die Ferien für die Schulen der Stadtgemeinden Bremen und Bremerhaven für die Schuljahre 2024/2025 bis 2029/2030	S. 871 - 877	skip0500.html
2022	title	141	2022-12-14	/fastmedia/218/2022_12_14_GBl_Nr_0141_signed.pdf	1	Gesetzblatt 2022 Nr. 141	Ortsgesetz zur Änderung des Ortsgesetzes zur Aufnahme von Kindern und zur Regelung der Betreuungszeiten in Tageseinrichtungen und der Tagespflege in der Stadt Bremerhaven (Aufnahme- und Betreuungszeitenortsgesetz)	S. 866 - 870	skip0500.html
2022	title	140	2022-12-08	/fastmedia/218/2022_12_08_GBl_Nr_0140_signed.pdf	1	Gesetzblatt 2022 Nr. 140	Bekanntmachung einer Entscheidung des Oberverwaltungsgerichts der Freien Hansestadt Bremen vom 16. Dezember 2020 über die teilweise Unwirksamkeit des Artikels 1 der Verordnung zur Änderung der Bremischen Beihilfeverordnung vom 21. Mai 2019	S. 865	skip0500.html
2022	title	139	2022-12-08	/fastmedia/218/2022_12_08_GBl_Nr_0139_signed.pdf	1	Gesetzblatt 2022 Nr. 139	Verordnung zur Festsetzung der Finanzierungsquote zur Kostenbeteiligung der Freien Hansestadt Bremen als überörtlicher Träger der Sozialhilfe an den Nettosozialhilfekosten der Stadtgemeinde Bremen und der Stadtgemeinde Bremerhaven als örtliche Träger der Sozialhilfe (Finanzierungsquotenverordnung Sozialhilfe SGB XII – FQuotenVO SGB XII)	S. 863 - 864	skip0500.html
2022	title	138	2022-12-08	/fastmedia/218/2022_12_08_GBl_Nr_0138_signed.pdf	1	Gesetzblatt 2022 Nr. 138	Verordnung zur Festsetzung der Finanzierungsquote zur Kostenbeteiligung der Freien Hansestadt Bremen an den Nettokosten der Eingliederungshilfeleistungen der Stadtgemeinde Bremen und der Stadtgemeinde Bremerhaven nach dem Neunten Buch Sozialgesetzbuch (Finanzierungsquotenverordnung Eingliederungshilfe SGB IX – FQuotenVO SGB IX)	S. 861 - 862	skip0500.html
2022	title	137	2022-12-08	/fastmedia/218/2022_12_08_GBl_Nr_0137_signed.pdf	1	Gesetzblatt 2022 Nr. 137	Gesetz zur gegenseitigen Wahrnehmung von Verwaltungszweigen zwischen der Freien Hansestadt Bremen (Land) und den Stadtgemeinden Bremen und Bremerhaven	S. 860	skip0500.html
2022	title	136	2022-12-07	/fastmedia/218/2022_12_07_GBl_Nr_0136_signed.pdf	1	Gesetzblatt 2022 Nr. 136	Erste Verordnung zur Änderung der Verordnung zur Anerkennung ausländischer Lehrkräfteberufsqualifikationen in Bremen	S. 858 - 859	skip0500.html
2022	title	135	2022-12-07	/fastmedia/218/2022_12_07_GBl_Nr_0135_signed.pdf	1	Gesetzblatt 2022 Nr. 135	Verordnung zur Durchführung des Gebäudeenergiegesetzes		skip0500.html
2022	title	134	2022-12-07	/fastmedia/218/2022_12_07_GBl_Nr_0134_signed.pdf	1	Gesetzblatt 2022 Nr. 134	Fünftes Gesetz zur Änderung des Bremischen Ausbildungsgesetzes für Lehrämter	S. 836 - 839	skip0500.html
2022	title	133	2022-12-07	/fastmedia/218/2022_12_07_GBl_Nr_0133_signed.pdf	1	Gesetzblatt 2022 Nr. 133	Gesetz zu dem Beitritt des Landes Bremen zu dem Staatsvertrag über die erweiterte Zuständigkeit der mit der Begleitung aufenthalts¬beendender Maßnahmen betrauten Bediensteten in den Ländern	S. 829 - 835	skip0500.html
2022	title	132	2022-12-06	/fastmedia/218/2022_12_06_GBl_Nr_0132_signed.pdf	1	Gesetzblatt 2022 Nr. 132	Gesetz zur Anpassung des Bremischen Klimaschutz- und Energiegesetzes an das Gebäudeenergiegesetz	S. 826 - 828	skip0500.html
2022	title	131	2022-12-06	/fastmedia/218/2022_12_06_GBl_Nr_0131_signed.pdf	1	Gesetzblatt 2022 Nr. 131	Gesetz zur Änderung des Tariftreue- und Vergabegesetzes	S. 818 - 825	skip0500.html
2022	title	130	2022-12-06	/fastmedia/218/2022_12_06_GBl_Nr_0130_signed.pdf	1	Gesetzblatt 2022 Nr. 130	Gesetz zur Änderung des Haushaltsgesetzes der Freien Hansestadt Bremen für das Haushaltsjahr 2022	S. 811 - 817	skip0500.html
2022	title	129	2022-12-06	/fastmedia/218/2022_12_06_GBl_Nr_0129_signed.pdf	1	Gesetzblatt 2022 Nr. 129	Ortsgesetz zur Änderung des Haushaltsgesetzes der Stadtgemeinde Bremen für das Haushaltsjahr 2022	S. 804 - 810	skip0500.html
2022	title	128	2022-11-30	/fastmedia/218/2022_11_30_GBl_Nr_0128_signed.pdf	1	Gesetzblatt 2022 Nr. 128	Ortsgesetz über die Rechnungsprüfung in der Stadtgemeinde Bremerhaven (Rechnungsprüfungsordnung)	S. 794 - 803	skip0500.html
2022	title	127	2022-11-30	/fastmedia/218/2022_11_30_GBl_Nr_0127_signed.pdf	1	Gesetzblatt 2022 Nr. 127	Viertes Ortsgesetz zur Änderung der Verfassung für die Stadt Bremerhaven	S. 793	skip0500.html
2022	title	126	2022-11-30	/fastmedia/218/2022_11_30_GBl_Nr_0126_signed.pdf	1	Gesetzblatt 2022 Nr. 126	Drittes Ortsgesetz zur Änderung der Verfassung für die Stadt Bremerhaven	S. 792	skip0500.html
2022	title	125	2022-11-30	/fastmedia/218/2022_11_30_GBl_Nr_0125_signed.pdf	1	Gesetzblatt 2022 Nr. 125	Zweites Ortsgesetz zur Änderung der Verfassung für die Stadt Bremerhaven	S. 791	skip0500.html
2022	title	124	2022-11-28	/fastmedia/218/2022_11_28_GBl_Nr_0124_signed.pdf	1	Gesetzblatt 2022 Nr. 124	Verordnung zur Änderung der Bremischen Hafenordnung, der Bremischen Seeschiffsassistenzverordnung und der Bremischen Hafengebührenordnung	S. 781 - 790	skip0600.html
2022	title	123	2022-11-18	/fastmedia/218/2022_11_18_GBl_Nr_0123_signed.pdf	1	Gesetzblatt 2022 Nr. 123	Erste Verordnung zur Änderung der Dritten Corona-Basisschutzmaßnahmenverordnung	S. 779 - 780	skip0600.html
2022	title	122	2022-11-15	/fastmedia/218/2022_11_15_GBl_Nr_0122_signed.pdf	1	Gesetzblatt 2022 Nr. 122	Verordnung zur Bestimmung der Zentralstelle nach der Verordnung (EU) 2020/1784 über die Zustellung gerichtlicher und außergerichtlicher Schriftstücke in Zivil- oder Handelssachen in den Mitgliedstaaten	S. 778	skip0600.html
2022	title	121	2022-11-15	/fastmedia/218/2022_11_15_GBl_Nr_0121_signed.pdf	1	Gesetzblatt 2022 Nr. 121	Verordnung zur Bestimmung der Zentralstelle nach der Verordnung (EU) 2020/1783 über die Zusammenarbeit zwischen den Gerichten der Mitgliedstaaten auf dem Gebiet der Beweisaufnahme in Zivil- oder Handelssachen	S. 777	skip0600.html
2022	title	120	2022-11-08	/fastmedia/218/2022_11_08_GBl_Nr_0120_signed.pdf	1	Gesetzblatt 2022 Nr. 120	Bremische Bauvorlagenverordnung (BremBauVorlV)	S. 753 - 776	skip0600.html
2022	title	119	2022-11-07	/fastmedia/218/2022_11_07_GBl_Nr_0119_signed.pdf	1	Gesetzblatt 2022 Nr. 119	Gesetz zur Anpassung der Besoldungs- und Beamtenversorgungsbezüge für das Jahr 2022 in der Freien Hansestadt Bremen sowie zur Änderung dienstrechtlicher Vorschriften	S. 728 - 752	skip0600.html
2022	title	118	2022-11-07	/fastmedia/218/2022_11_07_GBl_Nr_0118_signed.pdf	1	Gesetzblatt 2022 Nr. 118	Gesetz über die einmalige Gewährung einer Energiepreispauschale 2022 für Versorgungsempfängerinnen und Versorgungsempfänger in der Freien Hansestadt Bremen (BremEPPG 2022)	S. 725 - 727	skip0600.html
2022	title	117	2022-11-07	/fastmedia/218/2022_11_07_GBl_Nr_0117_signed.pdf	1	Gesetzblatt 2022 Nr. 117	Gesetz zur Änderung des Ersten Gesetzes zur Ausführung des Achten Buches Sozialgesetzbuch - Gesetz zur Ausführung des Kinder- und Jugendhilfegesetzes im Lande Bremen	S. 722 - 724	skip0600.html
2022	title	116	2022-11-07	/fastmedia/218/2022_11_07_GBl_Nr_0116_signed.pdf	1	Gesetzblatt 2022 Nr. 116	Bremisches Gesetz über die Ausbildung in der Pflegefachhilfe	S. 707 - 721	skip0600.html
2022	title	115	2022-11-04	/fastmedia/218/2022_11_04_GBl_Nr_0115_signed.pdf	1	Gesetzblatt 2022 Nr. 115	Erstes Gesetz zur Änderung des Bremischen Waldgesetzes	S. 702 - 706	skip0600.html
2022	title	114	2022-11-04	/fastmedia/218/2022_11_04_GBl_Nr_0114_signed.pdf	1	Gesetzblatt 2022 Nr. 114	Gesetz über die Zustimmung zum Staatsvertrag zur Änderung des Glücksspielstaatsvertrags 2021	S. 696 - 701	skip0600.html
2022	date	113	2022-11-04	/fastmedia/218/2022_11_04_GBl_Nr_0113_signed.pdf	1	Gesetzblatt Nr. 113	Gesetz zur Änderung des Bremischen Performa Nord Gesetzes	S. 690 - 695	skip0600.html
2022	title	112	2022-11-04	/fastmedia/218/2022_11_04_GBl_Nr_0112_signed.pdf	1	Gesetzblatt 2022 Nr. 112	Bremische Landesbauordnung	S. 603 - 689	skip0600.html
2022	title	111	2022-11-03	/fastmedia/218/2022_11_03_GBl_Nr_0111_signed.pdf	1	Gesetzblatt 2022 Nr. 111	Erstes Gesetz zur Änderung des Bremischen Ausführungsgesetzes zum Tierische Nebenprodukte-Beseitigungsgesetz	S. 599 - 602	skip0600.html
2022	title	110	2022-11-03	/fastmedia/218/2022_11_03_GBl_Nr_0110_signed.pdf	1	Gesetzblatt 2022 Nr. 110	Gesetz zur Änderung des Bremischen Gebühren- und Beitragsgesetzes	S. 598	skip0600.html
2022	title	109	2022-11-03	/fastmedia/218/2022_11_03_GBl_Nr_0109_signed.pdf	1	Gesetzblatt 2022 Nr. 109	Ortsgesetz zur Änderung des Ortsgesetzes über die Werkstatt Bremen der Stadtgemeinde Bremen	S. 596 - 597	skip0600.html
2022	title	108	2022-11-03	/fastmedia/218/2022_11_03_GBl_Nr_0108_signed.pdf	1	Gesetzblatt 2022 Nr. 108	Drittes Ortsgesetz zur Änderung der Sondernutzungskostenordnung	S. 594 - 595	skip0600.html
2022	title	107	2022-10-28	/fastmedia/218/2022_10_28_GBl_Nr_0107_signed.pdf	1	Gesetzblatt 2022 Nr. 107	Achtzehnte Verordnung zur Änderung der eAkten-Verordnung	S. 591 - 593	skip0600.html
2022	title	106	2022-10-28	/fastmedia/218/2022_10_28_GBl_Nr_0106_signed.pdf	1	Gesetzblatt 2022 Nr. 106	Fünfte Änderung der Studienplatzvergabeverordnung	S. 590	skip0600.html
2022	title	105	2022-10-26	/fastmedia/218/2022_10_26_GBl_Nr_0105_signed.pdf	1	Gesetzblatt 2022 Nr. 105	Ortsgesetz zur Änderung der Haushaltssatzung der Stadt Bremerhaven für das Haushaltsjahr 2022	S. 584 - 589	skip0600.html
2022	title	104	2022-10-20	/fastmedia/218/2022_10_20_GBl_Nr_0104_signed.pdf	1	Gesetzblatt 2022 Nr. 104	Vertrag zwischen der Freien Hansestadt Bremen (Stadtgemeinde) und der Stadt Bremerhaven über den Brandschutz, die Hilfeleistung und den Rettungsdienst im stadtbremischen Überseehafengebiet Bremerhaven	S. 552 - 583	skip0600.html
2022	title	103	2022-10-20	/fastmedia/218/2022_10_20_GBl_Nr_0103_signed.pdf	1	Gesetzblatt 2022 Nr. 103	Ortsgesetz zur Änderung der Gebührenordnung zum Entwässerungsortsgesetz der Stadt Bremerhaven	S. 550 - 551	skip0600.html
2022	title	102	2022-10-18	/fastmedia/218/2022_10_18_GBl_Nr_0102_signed.pdf	1	Gesetzblatt 2022 Nr. 102	Berichtigung des Gesetzes zur Änderung des Bremischen Landesstraßengesetzes vom 12. Dezember 2017	S. 549	skip0600.html
2022	title	101	2022-10-13	/fastmedia/218/2022_10_13_GBl_Nr_0101_signed.pdf	1	Gesetzblatt 2022 Nr. 101	Dritte Verordnung zum Basisschutz vor Neuinfektionen mit dem Coronavirus SARS-CoV-2 (Dritte Corona-Basisschutzmaßnahmenverordnung)	S. 545 - 548	skip0600.html
2022	title	100	2022-10-11	/fastmedia/218/2022_10_11_GBl_Nr_0100_signed.pdf	1	Gesetzblatt 2022 Nr. 100	Berichtigung des Dritten Gesetzes zur Änderung des Bremischen Hilfeleistungsgesetzes	S. 544	skip0600.html
2022	title	99	2022-10-10	/fastmedia/218/2022_10_10_GBl_Nr_0099_signed.pdf	1	Gesetzblatt 2022 Nr. 99	Bremische Verordnung über die Ausbildung und Prüfung für die Laufbahngruppe 2, erstes Einstiegsamt in der Fachrichtung Justiz zur Verwendung im Rechtspflegerdienst (RpflAPVO)	S. 538 - 543	skip0600.html
2022	title	98	2022-09-30	/fastmedia/218/2022_09_30_GBl_Nr_0098_signed.pdf	1	Gesetzblatt 2022 Nr. 98	Gesetz über die Einführung einer FamilienCard und die Verwaltungszuständigkeit	S. 537	skip0600.html
2022	title	97	2022-09-30	/fastmedia/218/2022_09_30_GBl_Nr_0097_signed.pdf	1	Gesetzblatt 2022 Nr. 97	Zweites Gesetz zur Änderung des Gesetzes zur Ausführung des Zwölften Buches Sozialgesetzbuch	S. 535 - 536	skip0600.html
2022	title	96	2022-09-29	/fastmedia/218/2022_09_29_GBl_Nr_0096_signed.pdf	1	Gesetzblatt 2022 Nr. 96	Drittes Gesetz zur Änderung des Bremischen Hilfeleistungsgesetzes	S. 522 - 534	skip0600.html
2022	title	95	2022-09-29	/fastmedia/218/2022_09_29_GBl_Nr_0095_signed.pdf	1	Gesetzblatt 2022 Nr. 95	Gesetz zur Änderung des Bremischen Landesstraßengesetzes (BremLStrG)	S. 520 - 521	skip0600.html
2022	title	94	2022-09-29	/fastmedia/218/2022_09_29_GBl_Nr_0094_signed.pdf	1	Gesetzblatt 2022 Nr. 94	Gesetz zur Änderung des Bremischen Polizeigesetzes und weiterer Gesetze	S. 512 - 519	skip0600.html
2022	title	93	2022-09-29	/fastmedia/218/2022_09_29_GBl_Nr_0093_signed.pdf	1	Gesetzblatt 2022 Nr. 93	Verordnung zur Änderung der Bremischen Beihilfeverordnung	S. 498 - 511	skip0600.html
2022	title	92	2022-09-28	/fastmedia/218/2022_09_28_GBl_Nr_0092_signed.pdf	1	Gesetzblatt 2022 Nr. 92	Ortsgesetz über vorhabenbezogene Stellplätze für Kraftfahrzeuge, Fahrradabstellplätze und Mobilitätsmanagement bei Bauvorhaben in der Stadtgemeinde Bremen (Mobilitäts-Bau-Ortsgesetz - MobBauOG HB)	S. 476 - 497	skip0600.html
2022	title	91	2022-09-14	/fastmedia/218/2022_09_14_GBl_Nr_0091_signed.pdf	1	Gesetzblatt 2022 Nr. 91	Dritte Verordnung zur Änderung der Zweiten Verordnung zum Basisschutz vor Neuinfektionen mit dem Coronavirus SARS-CoV-2	S. 475	skip0600.html
2022	title	90	2022-09-13	/fastmedia/218/2022_09_13_GBl_Nr_0090_signed.pdf	1	Gesetzblatt 2022 Nr. 90	Verordnung über die Festlegung der Zulassungszahlen zum Vorbereitungsdienst für die Lehrämter an öffentlichen Schulen und zu den Ausgleichsmaßnahmen und den lehramtsbezogenen Qualifizierungsmaßnahmen für Lehrkräfte mit einer ausländischen Lehrkräfteberufsqualifikation im Lande Bremen	S. 467 - 474	skip0600.html
2022	title	89	2022-09-06	/fastmedia/218/2022_09_06_GBl_Nr_0089_signed.pdf	1	Gesetzblatt 2022 Nr. 89	Berichtigung des Gesetzblattes Nr. 88	S. 468	skip0600.html
2022	title	88	2022-09-02	/fastmedia/218/2022_09_02_GBl_Nr_0088_signed.pdf	1	Gesetzblatt 2022 Nr. 88	Wahlordnung für die Wahlen in der Elternschaft an Schulen (ElternWahlO)	S. 460 - 467	skip0600.html
2022	title	87	2022-08-23	/fastmedia/218/2022_08_23_GBl_Nr_0087_signed.pdf	1	Gesetzblatt 2022 Nr. 87	Gebührenordnung für die Sondernutzung nach dem Bremischen Landesstraßengesetz in der Stadt Bremerhaven (Sondernutzungsgebührenordnung)	S. 455 - 459	skip0600.html
2022	title	86	2022-08-23	/fastmedia/218/2022_08_23_GBl_Nr_0086_signed.pdf	1	Gesetzblatt 2022 Nr. 86	Fünfte Verordnung zur Änderung der Verordnung über Beförderungsentgelte im Taxenverkehr der Stadtgemeinde Bremerhaven (Taxentarifverordnung) in der Fassung der Bekanntmachung vom 20. November 2002	S. 452 - 454	skip0600.html
2022	title	85	2022-08-19	/fastmedia/218/2022_08_19_GBl_Nr_0085_signed.pdf	1	Gesetzblatt 2022 Nr. 85	Bekanntmachung einer Entscheidung des Staatsgerichtshofs der Freien Hansestadt Bremen vom 28. April 2022 über die teilweise Unvereinbarkeit des § 37 Absatz 1 Nummer 3 des Bremischen Hochschulgesetzes mit der Landesverfassung der Freien Hansestadt Bremen	S. 451	skip0600.html
2022	title	84	2022-08-19	/fastmedia/218/2022_08_19_GBl_Nr_0084_signed.pdf	1	Gesetzblatt 2022 Nr. 84	39. Verordnung zur Änderung der Verordnung zum Schutze von Landschaftsteilen im Gebiet der Stadtgemeinde Bremen	S. 448 - 450	skip0600.html
2022	title	83	2022-08-12	/fastmedia/218/2022_08_12_GBl_Nr_0083_signed.pdf	1	Gesetzblatt 2022 Nr. 83	Zweite Verordnung zur Änderung der Zweiten Verordnung zum Basisschutz vor Neuinfektionen mit dem Coronavirus SARS-CoV-2	S. 446 - 447	skip0600.html
2022	title	82	2022-08-11	/fastmedia/218/2022_08_11_GBl_Nr_0082_signed.pdf	1	Gesetzblatt 2022 Nr. 82	Ortsgesetz zur Änderung des Entschädigungsortsgesetzes	S. 444 - 445	skip0600.html
2022	title	81	2022-08-04	/fastmedia/218/2022_08_04_GBl_Nr_0081_signed.pdf	1	Gesetzblatt 2022 Nr. 81	Zweite Änderung der Bildungsausländerhochschulzugangsverordnung	S. 442 - 443	skip0600.html
2022	title	80	2022-08-01	/fastmedia/218/2022_08_01_GBl_Nr_0080_signed.pdf	1	Gesetzblatt 2022 Nr. 80	Verordnung über die Berufsfachschule für Hauswirtschaft und Familienpflege	S. 422 - 441	skip0600.html
2022	title	79	2022-07-26	/fastmedia/218/2022_07_26_GBl_Nr_0079_signed.pdf	1	Gesetzblatt 2022 Nr. 79	Gesetz zur Gewährleistung der digitalen Souveränität der Freien Hansestadt Bremen - Land und Stadtgemeinde –	S. 420 - 421	skip0600.html
2022	title	78	2022-07-26	/fastmedia/218/2022_07_26_GBl_Nr_0078_signed.pdf	1	Gesetzblatt 2022 Nr. 78	Gesetz zur Änderung des Bremischen Wahlgesetzes und anderer Gesetze	S. 409 - 419	skip0600.html
2022	title	77	2022-07-25	/fastmedia/218/2022_07_25_GBl_Nr_0077_signed.pdf	1	Gesetzblatt 2022 Nr. 77	Gesetz zur Änderung des Bremischen Landesstraßengesetzes	S. 408	skip0600.html
2022	title	76	2022-07-25	/fastmedia/218/2022_07_25_GBl_Nr_0076_signed.pdf	1	Gesetzblatt 2022 Nr. 76	Gesetz zur Harmonisierung und Fortentwicklung der Bestimmungen über Beiräte im Strafvollzug	S. 403 - 407	skip0600.html
2022	title	75	2022-07-25	/fastmedia/218/2022_07_25_GBl_Nr_0075_signed.pdf	1	Gesetzblatt 2022 Nr. 75	Gesetz zur Änderung des Gesetzes über die Behandlung von Petitionen durch die Bürgerschaft	S. 400 - 402	skip0600.html
2022	title	74	2022-07-25	/fastmedia/218/2022_07_25_GBl_Nr_0074_signed.pdf	1	Gesetzblatt 2022 Nr. 74	Ortsgesetz zur Änderung des Ortsgesetzes über die Werkstatt Bremen der Stadtgemeinde Bremen	S. 398 - 399	skip0600.html
2022	title	73	2022-07-22	/fastmedia/218/2022_07_22_GBl_Nr_0073_signed.pdf	1	Gesetzblatt 2022 Nr. 73	Bekanntmachung über das Inkrafttreten des Zweiten Medienänderungsstaatsvertrags	S. 397	skip0600.html
2022	title	72	2022-07-22	/fastmedia/218/2022_07_22_GBl_Nr_0072_signed.pdf	1	Gesetzblatt 2022 Nr. 72	Bekanntmachung des Inkrafttretens des Staatsvertrages zwischen der Freien Hansestadt Bremen und dem Land Niedersachsen im Bereich der beiden EU-Fonds Europäischer Garantiefonds für die Landwirtschaft und Europäischer Landwirtschaftsfonds für die Entwicklung des ländlichen Raums sowie nationaler Fördermaßnahmen	S. 396	skip0600.html
2022	title	71	2022-07-21	/fastmedia/218/2022_07_21_GBl_Nr_0071_signed.pdf	1	Gesetzblatt 2022 Nr. 71	Wahlordnung für die Wahlen in der Schülerschaft (SchülWahlO)	S. 388 - 395	skip0600.html
2022	title	70	2022-07-21	/fastmedia/218/2022_07_21_GBl_Nr_0070_signed.pdf	1	Gesetzblatt 2022 Nr. 70	Wahlordnung für die Wahlen im Personal an Schulen (PersWahlO)	S. 381 - 387	skip0600.html
2022	title	69	2022-07-19	/fastmedia/218/2022_07_19_GBl_Nr_0069_signed.pdf	1	Gesetzblatt 2022 Nr. 69	Verordnung über die zuständigen Stellen nach § 3 Absatz 1 Satz 2 des Heizkostenzuschussgesetzes	S. 380	skip0600.html
2022	title	68	2022-07-15	/fastmedia/218/2022_07_15_GBl_Nr_0068_signed.pdf	1	Gesetzblatt 2022 Nr. 68	Siebte Verordnung zur Änderung der Taxentarifverordnung der Stadtgemeinde Bremen	S. 378 - 379	skip0600.html
2022	title	67	2022-07-15	/fastmedia/218/2022_07_15_GBl_Nr_0067_signed.pdf	1	Gesetzblatt 2022 Nr. 67	Verordnung zur Änderung der Abschlussbezeichnungen an den öffentlichen Fachschulen im Lande Bremen	S. 376 - 377	skip0600.html
2022	title	66	2022-07-08	/fastmedia/218/2022_07_08_GBl_Nr_0066_signed.pdf	1	Gesetzblatt 2022 Nr. 66	Außerkrafttreten des Gesetzes über die Anstalt für Immobilienaufgaben vom 18. November 2008	S. 375	skip0600.html
2022	title	65	2022-07-05	/fastmedia/218/2022_07_05_GBl_Nr_0065_signed.pdf	1	Gesetzblatt 2022 Nr. 65	Gesetz zur Änderung von hafenrechtlichen Vorschriften	S. 374	skip0600.html
2022	title	64	2022-07-05	/fastmedia/218/2022_07_05_GBl_Nr_0064_signed.pdf	1	Gesetzblatt 2022 Nr. 64	Gesetz zur Änderung von Vorschriften über den Landesmindestlohn	S. 372 - 373	skip0600.html
2022	title	63	2022-07-05	/fastmedia/218/2022_07_05_GBl_Nr_0063_signed.pdf	1	Gesetzblatt 2022 Nr. 63	Zweites Gesetz zur Änderung des Bremischen Gesetzes zur Stärkung der Beteiligung der Bürgerschaft (Landtag) bei dem Erlass von Verordnungen zum Schutz vor Neuinfektionen mit dem Coronavirus SARS-CoV-2 auf Grundlage von § 32 des Infektionsschutzgesetzes (Coronaverordnung-Beteiligungsgesetz)	S. 371	skip0600.html
2022	title	62	2022-07-05	/fastmedia/218/2022_07_05_GBl_Nr_0062_signed.pdf	1	Gesetzblatt 2022 Nr. 62	Zwanzigste Verordnung zur Änderung der Gesundheits-Kostenverordnung	S. 299 - 370	skip0600.html
2022	title	61	2022-06-30	/fastmedia/218/2022_06_30_GBl_Nr_0061_signed.pdf	1	Gesetzblatt 2022 Nr. 61	Gesetz zur Anpassung spielhallenrechtlicher und glücksspielrechtlicher Vorschriften an den Glücksspielstaatsvertrag 2021	S. 285 - 298	skip0600.html
2022	title	60	2022-06-24	/fastmedia/218/2022_06_24_GBl_Nr_0060_signed.pdf	1	Gesetzblatt 2022 Nr. 60	Verordnung zur Änderung der Zweiten Verordnung zum Basisschutz vor Neuinfektionen mit dem Coronavirus SARS-CoV-2		skip0600.html
2022	title	59	2022-06-14	/fastmedia/218/2022_06_14_GBl_Nr_0059_signed.pdf	1	Gesetzblatt 2022 Nr. 59	Zweite Verordnung zur Änderung der Kostenverordnung der Wissenschaftsverwaltung	S. 281 - 283	skip0600.html
2022	title	58	2022-06-13	/fastmedia/218/2022_06_13_GBl_Nr_0058_signed.pdf	1	Gesetzblatt 2022 Nr. 58	Anpassung der Aufwandsentschädigung der Mitglieder der Stadtverordnetenversammlung	S. 280	skip0600.html
2022	title	57	2022-05-31	/fastmedia/218/2022_05_31_GBl_Nr_0057_signed.pdf	1	Gesetzblatt 2022 Nr. 57	Viertes Gesetz zur Änderung des Gesetzes über Hilfen und Schutzmaßnahmen bei psychischen Krankheiten	S. 279	skip0600.html
2022	title	56	2022-05-31	/fastmedia/218/2022_05_31_GBl_Nr_0056_signed.pdf	1	Gesetzblatt 2022 Nr. 56	Gesetz zur Änderung des Gesetzes zur Übertragung von Aufgaben im Rahmen von Unterbringungen nach § 126a der Strafprozessordnung	S. 278	skip0600.html
2022	title	55	2022-05-25	/fastmedia/218/2022_05_25_GBl_Nr_0055_signed.pdf	1	Gesetzblatt 2022 Nr. 55	Zweite Verordnung zum Basisschutz vor Neuinfektionen mit dem Coronavirus SARS-CoV-2	S. 273 - 277	skip0600.html
2022	title	54	2022-05-24	/fastmedia/218/2022_05_24_GBl_Nr_0054_signed.pdf	1	Gesetzblatt 2022 Nr. 54	Zweite Verordnung zur Änderung der Kostenverordnung der Kulturverwaltung	S. 271 - 272	skip0600.html
2022	title	53	2022-05-19	/fastmedia/218/2022_05_19_GBl_Nr_0053_signed.pdf	1	Gesetzblatt 2022 Nr. 53	Siebzehnte Verordnung zur Änderung der eAkten-Verordnung	S. 268 - 270	skip0600.html
2022	title	52	2022-05-18	/fastmedia/218/2022_05_18_GBl_Nr_0052_signed.pdf	1	Gesetzblatt 2022 Nr. 52	Zweite Verordnung zur Änderung der Zeugnisverordnung	S. 266 - 267	skip0600.html
2022	title	51	2022-05-17	/fastmedia/218/2022_05_17_GBl_Nr_0051_signed.pdf	1	Gesetzblatt 2022 Nr. 51	Anpassung der Aufwandsentschädigung für die nicht der Bürgerschaft (Landtag) angehörenden Mitglieder der Stadtbürgerschaft	S. 265	skip0600.html
2022	title	50	2022-05-17	/fastmedia/218/2022_05_17_GBl_Nr_0050_signed.pdf	1	Gesetzblatt 2022 Nr. 50	Anpassung der Aufwandsentschädigung für die nicht der Bürgerschaft (Landtag) angehörenden Mitglieder der Stadtbürgerschaft	S. 264	skip0600.html
2022	title	49	2022-05-13	/fastmedia/218/2022_05_13_GBl_Nr_0049_signed.pdf	1	Gesetzblatt 2022 Nr. 49	Dritte Verordnung zur Änderung der Ersten Verordnung zum Basisschutz vor Neuinfektionen mit dem Coronavirus SARS-CoV-2	S. 262 - 263	skip0600.html
2022	title	48	2022-05-13	/fastmedia/218/2022_05_13_GBl_Nr_0048_signed.pdf	1	Gesetzblatt 2022 Nr. 48	Vierte Änderung der Studienplatzvergabeverordnung	S. 260 - 261	skip0600.html
2022	title	47	2022-05-12	/fastmedia/218/2022_05_12_GBl_Nr_0047_signed.pdf	1	Gesetzblatt 2022 Nr. 47	Verordnung über die Interessenvertretungen nach dem Bremischen Wohn- und Betreuungsgesetz (Wohn- und Betreuungsgesetzinteressenvertretungsverordnung, WoBeGIntVO)	S. 246 - 259	skip0600.html
2022	title	46	2022-04-29	/fastmedia/218/2022_04_29_GBl_Nr_0046_signed.pdf	1	Gesetzblatt 2022 Nr. 46	Zweite Verordnung zur Änderung der Ersten Verordnung zum Basisschutz vor Neuinfektionen mit dem Coronavirus SARS-CoV-2	S. 244 - 245	skip0600.html
2022	title	45	2022-04-12	/fastmedia/218/2022_04_12_GBl_Nr_0045_signed.pdf	1	Gesetzblatt 2022 Nr. 45	Gesetz zum Staatsvertrag zwischen der Freien Hansestadt Bremen und dem Land Niedersachsen im Bereich der beiden EU-Fonds Europäischer Garantiefonds für die Landwirtschaft und Europäischer Landwirtschaftsfonds für die Entwicklung des ländlichen Raums sowie nationaler Fördermaßnahmen	S. 230 - 243	skip0600.html
2022	title	44	2022-04-12	/fastmedia/218/2022_04_12_GBl_Nr_0044_signed.pdf	1	Gesetzblatt 2022 Nr. 44	Gesetz über die Landesantidiskriminierungsstelle	S. 226 - 229	skip0600.html
2022	title	43	2022-04-11	/fastmedia/218/2022_04_11_GBl_Nr_0043_signed.pdf	1	Gesetzblatt 2022 Nr. 43	Drittes Gesetz zur Änderung des Bremischen Sondervermögensgesetzes	S. 225	skip0600.html
2022	title	42	2022-04-11	/fastmedia/218/2022_04_11_GBl_Nr_0042_signed.pdf	1	Gesetzblatt 2022 Nr. 42	Gesetz zur Erstreckung der individuellen Regelstudienzeit und der verlängerten Meldefrist zum Freiversuch in der staatlichen Pflichtfachprüfung für Juristen auf das Wintersemester 2021/2022	S. 223 - 224	skip0600.html
2022	title	41	2022-04-11	/fastmedia/218/2022_04_11_GBl_Nr_0041_signed.pdf	1	Gesetzblatt 2022 Nr. 41	Bremisches Gesetz zur Durchführung der Verordnung (EU) 2019/1020 des Europäischen Parlaments und des Rates vom 20. Juni 2019 über Marktüberwachung und die Konformität von Produkten sowie zur Änderung der Richtlinie 2004/42/EG und der Verordnungen (EG) Nr. 765/2008 und (EU) Nr. 305/2011 und zur Durchführung der Verordnung (EU) Nr. 305/2011 des Europäischen Parlaments und des Rates vom 9. März 2011 zur Festlegung harmonisierter Bedingungen für die Vermarktung von Bauprodukten und zur Aufhebung der Richtlinie 89/106/EWG des Rates (Bremisches Gesetz zur Durchführung der Marktüberwachung	S. 220 - 222	skip0600.html
2022	title	40	2022-04-11	/fastmedia/218/2022_04_11_GBl_Nr_0040_signed.pdf	1	Gesetzblatt 2022 Nr. 40	Gesetz zum Zweiten Medienänderungsstaatsvertrag	S. 205 - 219	skip0600.html
2022	title	39	2022-04-08	/fastmedia/218/2022_04_08_GBl_Nr_0039_signed.pdf	1	Gesetzblatt 2022 Nr. 39	Verordnung zur Änderung der Ersten Verordnung zum Basisschutz vor Neuinfektionen mit dem Coronavirus SARS-CoV-2	S. 203 - 204	skip0600.html
2022	title	38	2022-04-08	/fastmedia/218/2022_04_08_GBl_Nr_0038_signed.pdf	1	Gesetzblatt 2022 Nr. 38	Gesetz zur Gewährung einer einmaligen Corona-Sonderzahlung im Jahr 2021	S. 200 - 202	skip0600.html
2022	title	37	2022-04-08	/fastmedia/218/2022_04_08_GBl_Nr_0037_signed.pdf	1	Gesetzblatt 2022 Nr. 37	Zweites Gesetz zur Änderung des Bremischen Wohn- und Betreuungsgesetzes	S. 198 - 199	skip0600.html
2022	title	36	2022-04-08	/fastmedia/218/2022_04_08_GBl_Nr_0036_signed.pdf	1	Gesetzblatt 2022 Nr. 36	Verordnung über abweichende Öffnungszeiten von Verkaufsstellen an Sonntagen in der Stadtgemeinde Bremen für das Jahr 2022	S. 196 - 197	skip0600.html
2022	title	35	2022-04-07	/fastmedia/218/2022_04_07_GBl_Nr_0035_signed.pdf	1	Gesetzblatt 2022 Nr. 35	Verordnung über die Sonntagsöffnung von Verkaufsstellen in der Stadt Bremerhaven	S. 194 - 195	skip0600.html
2022	title	34	2022-04-07	/fastmedia/218/2022_04_07_GBl_Nr_0034_signed.pdf	1	Gesetzblatt 2022 Nr. 34	Erste Verordnung zur Änderung der Verordnung zur Übertragung von Ermächtigungen aus dem Bereich der Rechtspflege	S. 193	skip0600.html
2022	title	33	2022-04-06	/fastmedia/218/2022_04_06_GBl_Nr_0033_signed.pdf	1	Gesetzblatt 2022 Nr. 33	Verordnung über die Abiturprüfung im Lande Bremen (AP-V)	S. 166 - 192	skip0600.html
2022	title	32	2022-04-05	/fastmedia/218/2022_04_05_GBl_Nr_0032_signed.pdf	1	Gesetzblatt 2022 Nr. 32	Verordnung über den Ladenschluss im Gebiet zwischen Alter Hafen, Museumshafen und Weser in der Stadt Bremerhaven vom 1. April 2022 bis 31. Dezember 2022	S. 165	skip0600.html
2022	title	31	2022-04-05	/fastmedia/218/2022_04_05_GBl_Nr_0031_signed.pdf	1	Gesetzblatt 2022 Nr. 31	Verordnung zur Ausführung des Hebammenausführungsgesetzes (Hebammenausführungsverordnung – HebAusfV)	S. 163 - 164	skip0600.html
2022	title	30	2022-04-01	/fastmedia/218/2022_04_01_GBl_Nr_0030_signed.pdf	1	Gesetzblatt 2022 Nr. 30	Sechzehnte Verordnung zur Änderung der eAkten-Verordnung	S. 161 - 162	skip0600.html
2022	title	29	2022-03-30	/fastmedia/218/2022_03_30_GBl_Nr_0029_signed.pdf	1	Gesetzblatt 2022 Nr. 29	Änderung der Verordnung zur weiteren Verlängerung der individuellen Regelstudienzeit nach § 55 Absatz 3a Satz 4 des Bremischen Hochschulgesetzes und zur prüfungsrechtlichen Berücksichtigung von Studienzeit unter Corona-Bedingungen (Regelstudienzeitverordnung)	S. 160	skip0600.html
2022	title	28	2022-03-30	/fastmedia/218/2022_03_30_GBl_Nr_0028_signed.pdf	1	Gesetzblatt 2022 Nr. 28	Drittes Gesetz zur Änderung hochschulrechtlicher Bestimmungen im Zusammenhang mit den Anforderungen aus der Corona-Krise	S. 159	skip0600.html
2022	title	27	2022-03-24	/fastmedia/218/2022_03_24_GBl_Nr_0027_signed.pdf	1	Gesetzblatt 2022 Nr. 27	Erste Verordnung zum Basisschutz vor Neuinfektionen mit dem Coronavirus SARS-CoV-2 (Erste Corona-Basisschutzmaßnahmenverordnung)	S. 154 - 158	skip0600.html
2022	title	26	2022-03-23	/fastmedia/218/2022_03_23_GBl_Nr_0026_signed.pdf	1	Gesetzblatt 2022 Nr. 26	Mantelgesetz zur Novellierung des Bremischen Naturschutz-, Jagd- und Wasserrechts	S. 149 - 153	skip0600.html
2022	title	25	2022-03-23	/fastmedia/218/2022_03_23_GBl_Nr_0025_signed.pdf	1	Gesetzblatt 2022 Nr. 25	Gesetz zur Ausführung des Gesetzes über das Studium und den Beruf von Hebammen und der Studien- und Prüfungsverordnung für Hebammen (Hebammenausführungsgesetz – HebAusfG)	S. 147 - 148	skip0600.html
2022	title	24	2022-03-23	/fastmedia/218/2022_03_23_GBl_Nr_0024_signed.pdf	1	Gesetzblatt 2022 Nr. 24	Gesetz zur Änderung des Gesetzes über eine unabhängige Polizeibeauftragte oder einen unabhängigen Polizeibeauftragten für die Freie Hansestadt Bremen	S. 146	skip0700.html
2022	title	23	2022-03-23	/fastmedia/218/2022_03_23_GBl_Nr_0023_signed.pdf	1	Gesetzblatt 2022 Nr. 23	Gesetz zur Änderung des Tariftreue- und Vergabegesetzes	S. 145	skip0700.html
2022	title	22	2022-03-18	/fastmedia/218/2022_03_18_GBl_Nr_0022_signed.pdf	1	Gesetzblatt 2022 Nr. 22	Sechste Verordnung zur Änderung der Dreißigsten Verordnung zum Schutz vor Neuinfektionen mit dem Coronavirus SARS-CoV-2	S. 144	skip0700.html
2022	title	21	2022-03-11	/fastmedia/218/2022_03_11_GBl_Nr_0021_signed.pdf	1	Gesetzblatt 2022 Nr. 21	Fünfte Verordnung zur Änderung der Dreißigsten Verordnung zum Schutz vor Neuinfektionen mit dem Coronavirus SARS-CoV-2	S. 143	skip0700.html
2022	title	20	2022-03-08	/fastmedia/218/2022_03_08_GBl_Nr_0020_signed.pdf	1	Gesetzblatt 2022 Nr. 20	Berichtigung der Verordnung über die Festlegung der Zulassungszahlen zum Vorbereitungsdienst für die Lehrämter an öffentlichen Schulen und zu den Ausgleichsmaßnahmen und den lehramtsbezogenen Qualifizierungsmaßnahmen für Lehrkräfte mit einer ausländischen Lehrkräfteberufsqualifikation im Lande Bremen	S. 142	skip0700.html
2022	title	19	2022-02-25	/fastmedia/218/2022_02_25_GBl_Nr_0019_signed.pdf	1	Gesetzblatt 2022 Nr. 19	Vierte Verordnung zur Änderung der Dreißigsten Verordnung zum Schutz vor Neuinfektionen mit dem Coronavirus SARS-CoV-2	S. 139 - 141	skip0700.html
2022	title	18	2022-02-24	/fastmedia/218/2022_02_24_GBl_Nr_0018_signed.pdf	1	Gesetzblatt 2022 Nr. 18	Gesetz zur Änderung des Gesetzes über eine unabhängige Polizeibeauftragte oder einen unabhängigen Polizeibeauftragten für die Freie Hansestadt Bremen und des Bremischen Hilfeleistungsgesetzes	S. 137 -138	skip0700.html
2022	title	17	2022-02-23	/fastmedia/218/2022_02_23_GBl_Nr_0017_signed.pdf	1	Gesetzblatt 2022 Nr. 17	Zwölfte Verordnung zur Änderung der Kostenverordnung für die innere Verwaltung	S. 99 - 136	skip0700.html
2022	title	16	2022-02-22	/fastmedia/218/2022_02_22_GBl_Nr_0016_signed.pdf	1	Gesetzblatt 2022 Nr. 16	Dritte Verordnung zur Änderung der Verordnung über die Gewährung von Unterhaltsbeihilfen an Rechtsreferendare	S. 97 - 98	skip0700.html
2022	title	15	2022-02-18	/fastmedia/218/2022_02_18_GBl_Nr_0015_signed.pdf	1	Gesetzblatt 2022 Nr. 15	Dritte Verordnung zur Änderung der Dreißigsten Verordnung zum Schutz vor Neuinfektionen mit dem Coronavirus SARS-CoV-2	S. 96	skip0700.html
2022	title	14	2022-02-18	/fastmedia/218/2022_02_18_GBl_Nr_0014_signed.pdf	1	Gesetzblatt 2022 Nr. 14	Verordnung über die Festlegung der Zulassungszahlen zum Vorbereitungsdienst für die Lehrämter an öffentlichen Schulen und zu den Ausgleichsmaßnahmen und den lehramtsbezogenen Qualifizierungsmaßnahmen für Lehrkräfte mit einer ausländischen Lehrkräfteberufsqualifikation im Lande Bremen	S. 90 - 95	skip0700.html
2022	title	13	2022-02-09	/fastmedia/218/2022_02_09_GBl_Nr_0013_signed.pdf	1	Gesetzblatt 2022 Nr. 13	Zweite Verordnung zur Änderung der Dreißigsten Verordnung zum Schutz vor Neuinfektionen mit dem Coronavirus SARS-CoV-2	S. 88 - 89	skip0700.html
2022	title	12	2022-02-09	/fastmedia/218/2022_02_09_GBl_Nr_0012_signed.pdf	1	Gesetzblatt 2022 Nr. 12	Verordnung zur Neuregelung des Arbeitszeitrechts der Beamtinnen und Beamten	S. 78 - 87	skip0700.html
2022	title	11	2022-02-08	/fastmedia/218/2022_02_08_GBl_Nr_0011_signed.pdf	1	Gesetzblatt 2022 Nr. 11	Fünfzehnte Verordnung zur Änderung der eAkten-Verordnung	S. 76 - 77	skip0700.html
2022	title	10	2022-02-04	/fastmedia/218/2022_02_04_GBl_Nr_0010_signed.pdf	1	Gesetzblatt 2022 Nr. 10	Erste Verordnung zur Änderung der Dreißigsten Verordnung zum Schutz vor Neuinfektionen mit dem Coronavirus SARS-CoV-2	S. 73 - 75	skip0700.html
2022	title	9	2022-01-31	/fastmedia/218/2022_01_31_GBl_Nr_0009_signed.pdf	1	Gesetzblatt 2022 Nr. 9	Verordnung über die Zuständigkeit für die Verfolgung und Ahndung von Ordnungswidrigkeiten nach dem Gesetz zum Schutz vor nichtionisierender Strahlung bei der Anwendung am Menschen und den darauf beruhenden Rechtsverordnungen	S. 72	skip0700.html
2022	title	8	2022-01-27	/fastmedia/218/2022_01_27_GBl_Nr_0008_signed.pdf	1	Gesetzblatt 2022 Nr. 8	Haushaltssatzung der Stadt Bremerhaven für das Haushaltsjahr 2022 und 2023	S. 42 - 71	skip0700.html
2022	title	7	2022-01-26	/fastmedia/218/2022_01_26_GBl_Nr_0007_signed.pdf	1	Gesetzblatt 2022 Nr. 7	Verordnung zur Änderung von für die Ethikkommission des Landes Bremen geltenden Vorschriften	S. 40 - 41	skip0700.html
2022	title	6	2022-01-20	/fastmedia/218/2022_01_20_GBl_Nr_0006_signed.pdf	1	Gesetzblatt 2022 Nr. 6	Dreißigste Verordnung zum Schutz vor Neuinfektionen mit dem Coronavirus SARS-CoV-2 (Dreißigste Coronaverordnung)	S. 12 - 39	skip0700.html
2022	title	5	2022-01-17	/fastmedia/218/2022_01_17_GBl_Nr_0005_signed.pdf	1	Gesetzblatt 2022 Nr. 5	Achte Verordnung zur Änderung der Neunundzwanzigsten Verordnung zum Schutz vor Neuinfektionen mit dem Coronavirus SARS-CoV-2	S. 9 - 11	skip0700.html
2022	title	4	2022-01-13	/fastmedia/218/2022_01_13_GBl_Nr_0004_signed.pdf	1	Gesetzblatt 2022 Nr. 4	Vierzehnte Verordnung zur Änderung der eAkten-Verordnung	S. 6 - 8	skip0700.html
2022	title	3	2022-01-10	/fastmedia/218/2022_01_10_GBl_Nr_0003_signed.pdf	1	Gesetzblatt 2022 Nr. 3	Berichtigung des Gesetzblattes Nr. 2	S. 5	skip0700.html
2022	title	2	2022-01-07	/fastmedia/218/2022_01_07_GBl_Nr_0002_signed.pdf	1	Gesetzblatt 2022 Nr. 2	Siebte Verordnung zur Änderung der Neunundzwanzigsten Verordnung zum Schutz vor Neuinfektionen mit dem Coronavirus SARS-CoV-2		skip0700.html
2022	title	1	2022-01-04	/fastmedia/218/2022_01_04_GBl_Nr_0001_signed.pdf	1	Gesetzblatt 2022 Nr. 1	Bekanntmachung des Inkrafttretens des Staatsvertrages zwischen der Freien Hansestadt Bremen und dem Land Niedersachsen im Bereich des ökologischen Landbaus	S. 1	skip0700.html
2021	title	158	2021-12-29	/fastmedia/218/2021_12_29_GBl_Nr_0158_signed.pdf	1	Gesetzblatt 2021 Nr. 158	Zwölftes Ortsgesetz zur Änderung der Kostenordnung für die Feuerwehr der Stadt Bremerhaven (Feuerwehrkostenordnung)	S. 945	skip0700.html
2021	title	157	2021-12-28	/fastmedia/218/2021_12_28_GBl_Nr_0157_signed.pdf	1	Gesetzblatt 2021 Nr. 157	Liste der Öffentlich bestellten Vermessungsingenieure	S. 944	skip0700.html
2021	title	156	2021-12-28	/fastmedia/218/2021_12_28_GBl_Nr_0156_signed.pdf	1	Gesetzblatt 2021 Nr. 156	Verordnung zur Neufestsetzung der Finanzierungsbeteiligung des Landes Bremen an den Nettokosten der Eingliederungshilfeleistungen und den Nettosozialhilfekosten der Stadtgemeinden Bremen und Bremerhaven für 2020 und 2021	S. 942 - 943	skip0700.html
2021	title	155	2021-12-28	/fastmedia/218/2021_12_28_GBl_Nr_0155_signed.pdf	1	Gesetzblatt 2021 Nr. 155	Gesetz zur Änderung des Mittelstandsförderungsgesetzes	S. 939 - 941	skip0700.html
2021	title	154	2021-12-28	/fastmedia/218/2021_12_28_GBl_Nr_0154_signed.pdf	1	Gesetzblatt 2021 Nr. 154	Zweites Gesetz zur Änderung des Bremischen Landesmediengesetzes	S. 936 - 938	skip0700.html
2021	title	153	2021-12-27	/fastmedia/218/2021_12_27_GBl_Nr_0153_signed.pdf	1	Gesetzblatt 2021 Nr. 153	Gesetz zu dem Staatsvertrag zwischen der Freien Hansestadt Bremen und dem Land Niedersachsen im Bereich des ökologischen Landbaus	S. 930 - 935	skip0700.html
2021	title	152	2021-12-27	/fastmedia/218/2021_12_27_GBl_Nr_0152_signed.pdf	1	Gesetzblatt 2021 Nr. 152	Viertes Gesetz zur Änderung des Bremischen Justizkostengesetzes	S. 928 - 929	skip0700.html
2021	title	151	2021-12-27	/fastmedia/218/2021_12_27_GBl_Nr_0151_signed.pdf	1	Gesetzblatt 2021 Nr. 151	Drittes Gesetz zur Änderung des Gesetzes über Hilfen und Schutzmaßnahmen bei psychischen Krankheiten	S. 927	skip0700.html
2021	title	150	2021-12-27	/fastmedia/218/2021_12_27_GBl_Nr_0150_signed.pdf	1	Gesetzblatt 2021 Nr. 150	Viertes Ortsgesetz zur Änderung des Ortsgesetzes über die Beiträge für die Kindergärten und Horte der Stadtgemeinde Bremen	S. 926	skip0700.html
2021	title	149	2021-12-23	/fastmedia/218/2021_12_23_GBl_Nr_0149_signed.pdf	1	Gesetzblatt 2021 Nr. 149	Sechste Verordnung zur Änderung der Neunundzwanzigsten Verordnung zum Schutz vor Neuinfektionen mit dem Coronavirus SARS-CoV-2	S. 923 - 925	skip0700.html
2021	title	148	2021-12-23	/fastmedia/218/2021_12_23_GBl_Nr_0148_signed.pdf	1	Gesetzblatt 2021 Nr. 148	Bremisches Gesetz zur Stärkung der Beteiligung der Bürgerschaft (Landtag) bei dem Erlass von Verordnungen zum Schutz vor Neuinfektionen mit dem Coronavirus SARS-CoV-2 auf Grundlage von § 32 des Infektionsschutzgesetzes (Coronaverordnung-Beteiligungsgesetz)	S. 922	skip0700.html
2021	title	147	2021-12-23	/fastmedia/218/2021_12_23_GBl_Nr_0147_signed.pdf	1	Gesetzblatt 2021 Nr. 147	Gesetz zur Anpassung bildungsrechtlicher Regelungen an die Auswirkungen der Coronavirus-Pandemie für das Schuljahr 2021/2022	S. 913 - 921	skip0700.html
2021	title	146	2021-12-23	/fastmedia/218/2021_12_23_GBl_Nr_0146_signed.pdf	1	Gesetzblatt 2021 Nr. 146	Gesetz zur Umsetzung der Datenübermittlungspflicht von berufsständischen Versorgungseinrichtungen nach dem Gesetz zur Verbesserung des Schutzes von Gerichtsvollziehern vor Gewalt sowie zur Änderung weiterer zwangsvollstreckungsrechtlicher Vorschriften	S. 910 - 912	skip0700.html
2021	title	145	2021-12-22	/fastmedia/218/2021_12_22_GBl_Nr_0145_signed.pdf	1	Gesetzblatt 2021 Nr. 145	Ortsgesetz zur Änderung ortsrechtlicher Regelungen im Bereich der kommunalen Abfallentsorgung	S. 883 - 909	skip0700.html
2021	title	144	2021-12-22	/fastmedia/218/2021_12_22_GBl_Nr_0144_signed.pdf	1	Gesetzblatt 2021 Nr. 144	Erstes Ortsgesetz zur Änderung der Feuerwehrkostenordnung	S. 882	skip0700.html
2021	title	143	2021-12-22	/fastmedia/218/2021_12_22_GBl_Nr_0143_signed.pdf	1	Gesetzblatt 2021 Nr. 143	Haushaltsgesetz der Freien Hansestadt Bremen für das Haushaltsjahr 2023	S. 860 - 881	skip0700.html
2021	title	142	2021-12-22	/fastmedia/218/2021_12_22_GBl_Nr_0142_signed.pdf	1	Gesetzblatt 2021 Nr. 142	Haushaltsgesetz der Freien Hansestadt Bremen für das Haushaltsjahr 2022	S. 838 - 859	skip0700.html
2021	title	141	2021-12-21	/fastmedia/218/2021_12_21_GBl_Nr_0141_signed.pdf	1	Gesetzblatt 2021 Nr. 141	Erstes Gesetz zur Änderung des Haushaltsgesetzes der Freien Hansestadt Bremen für das Haushaltsjahr 2021	S. 835 - 837	skip0700.html
2021	title	140	2021-12-21	/fastmedia/218/2021_12_21_GBl_Nr_0140_signed.pdf	1	Gesetzblatt 2021 Nr. 140	Haushaltsgesetz der Stadtgemeinde Bremen für das Haushaltsjahr 2023	S. 815 - 834	skip0700.html
2021	title	139	2021-12-21	/fastmedia/218/2021_12_21_GBl_Nr_0139_signed.pdf	1	Gesetzblatt 2021 Nr. 139	Haushaltsgesetz der Stadtgemeinde Bremen für das Haushaltsjahr 2022	S. 795 - 814	skip0700.html
2021	title	138	2021-12-21	/fastmedia/218/2021_12_21_GBl_Nr_0138_signed.pdf	1	Gesetzblatt 2021 Nr. 138	Erstes Gesetz zur Änderung des Haushaltsgesetzes der Freien Hansestadt Bremen (Stadtgemeinde) für das Haushaltsjahr 2021	S. 792 - 794	skip0700.html
2021	title	137	2021-12-16	/fastmedia/218/2021_12_16_GBl_Nr_0137_signed.pdf	1	Gesetzblatt 2021 Nr. 137	Verordnung zur Bestimmung eines Gebiets mit einem angespannten Wohnungsmarkt in der Stadtgemeinde Bremen nach § 201a Satz 1 BauGB	S. 791	skip0700.html
2021	title	136	2021-12-09	/fastmedia/218/2021_12_09_GBl_Nr_0136_signed.pdf	1	Gesetzblatt 2021 Nr. 136	Fünfte Verordnung zur Änderung der Neunundzwanzigsten Verordnung zum Schutz vor Neuinfektionen mit dem Coronavirus SARS-CoV-2	S. 790	skip0700.html
2021	title	135	2021-12-08	/fastmedia/218/2021_12_08_GBl_Nr_0135_signed.pdf	1	Gesetzblatt 2021 Nr. 135	Berichtigung des Gesetzblattes Nr. 134	S. 789	skip0700.html
2021	title	134	2021-12-07	/fastmedia/218/2021_12_07_GBl_Nr_0134_signed.pdf	1	Gesetzblatt 2021 Nr. 134	Bremisches Gesetz zu dem Staatsvertrag über die Errichtung und den Betrieb des elektronischen Gesundheitsberuferegisters als gemeinsame Stelle der Länder zur Ausgabe elektronischer Heilberufs- und Berufsausweise sowie zur Herausgabe der Komponenten zur Authentifizierung von Leistungserbringerinstitutionen (eGBR-Staatsvertrag – eGBRStVtr)		skip0700.html
2021	title	133	2021-12-07	/fastmedia/218/2021_12_07_GBl_Nr_0133_signed.pdf	1	Gesetzblatt 2021 Nr. 133	Gesetz zur Änderung besoldungsrechtlicher Vorschriften	S. 772 - 775	skip0700.html
2021	title	132	2021-12-03	/fastmedia/218/2021_12_03_GBl_Nr_0132_signed.pdf	1	Gesetzblatt 2021 Nr. 132	Vierte Verordnung zur Änderung der Neunundzwanzigsten Verordnung zum Schutz vor Neuinfektionen mit dem Coronavirus SARS-CoV-2	S. 766 - 771	skip0700.html
2021	title	131	2021-12-03	/fastmedia/218/2021_12_03_GBl_Nr_0131_signed.pdf	1	Gesetzblatt 2021 Nr. 131	Kostenordnung für die Feuerwehr der Stadtgemeinde Bremen (Feuerwehrkostenordnung)	S. 758 - 765	skip0700.html
2021	title	130	2021-12-03	/fastmedia/218/2021_12_03_GBl_Nr_0130_signed.pdf	1	Gesetzblatt 2021 Nr. 130	Ortsgesetz über den Eigenbetrieb Immobilien Bremen - Eigenbetrieb der Stadtgemeinde Bremen - (IBStadtOG)	S. 753 - 757	skip0700.html
2021	title	129	2021-12-01	/fastmedia/218/2021_12_01_GBl_Nr_0129_signed.pdf	1	Gesetzblatt 2021 Nr. 129	Zweite Verordnung zur Änderung der Bremischen Polizeilaufbahnverordnung	S. 752	skip0700.html
2021	title	128	2021-12-01	/fastmedia/218/2021_12_01_GBl_Nr_0128_signed.pdf	1	Gesetzblatt 2021 Nr. 128	Erste Verordnung zur Änderung der Bremischen Verordnung über die Ausbildung und Prüfung für die Laufbahngruppe 2, erstes Einstiegsamt in der Fachrichtung Polizei	S. 749 - 751	skip0700.html
2021	title	127	2021-11-29	/fastmedia/218/2021_11_29_GBl_Nr_0127_signed.pdf	1	Gesetzblatt 2021 Nr. 127	Verordnung zur Änderung der Bremischen Hafengebührenordnung	S. 742 - 748	skip0700.html
2021	title	126	2021-11-29	/fastmedia/218/2021_11_29_GBl_Nr_0126_signed.pdf	1	Gesetzblatt 2021 Nr. 126	Fünfte Verordnung zur Änderung der Verordnung zur Durchführung des Gesetzes über die Weiterbildung im Lande Bremen	S. 740 - 741	skip0700.html
2021	title	125	2021-11-26	/fastmedia/218/2021_11_26_GBl_Nr_0125_signed.pdf	1	Gesetzblatt 2021 Nr. 125	Polizeiverordnung über das Verbot des Führens und Abbrennens von pyrotechnischen Gegenständen	S. 737 - 739	skip0700.html
2021	title	124	2021-11-26	/fastmedia/218/2021_11_26_GBl_Nr_0124_signed.pdf	1	Gesetzblatt 2021 Nr. 124	Berichtigung des Vierten Gesetzes zur Änderung des Bremischen Schulverwaltungsgesetzes	S. 736	skip0700.html
2021	title	123	2021-11-26	/fastmedia/218/2021_11_26_GBl_Nr_0123_signed.pdf	1	Gesetzblatt 2021 Nr. 123	Erste Verordnung zur Änderung der Verordnung über die Bestimmung von Vollstreckungsbehörden nach der Justizbeitreibungsordnung	S. 735	skip0700.html
2021	title	122	2021-11-26	/fastmedia/218/2021_11_26_GBl_Nr_0122_signed.pdf	1	Gesetzblatt 2021 Nr. 122	Achtzehnte Verordnung zur Änderung der Finanzämter-Zuständigkeitsverordnung	S. 734	skip0700.html
2021	title	121	2021-11-24	/fastmedia/218/2021_11_24_GBl_Nr_0121_signed.pdf	1	Gesetzblatt 2021 Nr. 121	Dritte Verordnung zur Änderung der Neunundzwanzigsten Verordnung zum Schutz vor Neuinfektionen mit dem Coronavirus SARS-CoV-2	S. 730 - 733	skip0700.html
2021	title	120	2021-11-24	/fastmedia/218/2021_11_24_GBl_Nr_0120_signed.pdf	1	Gesetzblatt 2021 Nr. 120	Dreizehnte Verordnung zur Änderung der eAkten-Verordnung	S. 729	skip0700.html
2021	title	119	2021-11-24	/fastmedia/218/2021_11_24_GBl_Nr_0119_signed.pdf	1	Gesetzblatt 2021 Nr. 119	Bauverordnung zum Bremischen Wohn- und Betreuungsgesetz der Freien Hansestadt Bremen (BremWoBeGBauVO)	S. 715 - 728	skip0700.html
2021	title	118	2021-11-16	/fastmedia/218/2021_11_16_GBl_Nr_0118_signed.pdf	1	Gesetzblatt 2021 Nr. 118	Berichtigung der Zweiten Verordnung zur Änderung der Neunundzwanzigsten Verordnung zum Schutz vor Neuinfektionen mit dem Coronavirus SARS-CoV-2	S. 714	skip0700.html
2021	title	117	2021-11-15	/fastmedia/218/2021_11_15_GBl_Nr_0117_signed.pdf	1	Gesetzblatt 2021 Nr. 117	Berichtigung des Gesetzblattes Nr. 116	S. 713	skip0700.html
2021	title	116	2021-11-12	/fastmedia/218/2021_11_12_GBl_Nr_0116_signed.pdf	1	Gesetzblatt 2021 Nr. 116	Zweite Verordnung zur Änderung der Neunundzwanzigsten Verordnung zum Schutz vor Neuinfektionen mit dem Coronavirus SARS-CoV-2	S. 712	skip0700.html
2021	title	115	2021-11-10	/fastmedia/218/2021_11_10_GBl_Nr_0115_signed.pdf	1	Gesetzblatt 2021 Nr. 115	Gesetz über die Übertragung der Anstalt für Immobilienaufgaben (Immobilien-Bremen-Übertragungsgesetz – IB-ÜberG)	S. 709 - 711	skip0700.html
2021	title	114	2021-11-03	/fastmedia/218/2021_11_03_GBl_Nr_0114_signed.pdf	1	Gesetzblatt 2021 Nr. 114	Verordnung des Senats der Freien Hansestadt Bremen zur Form der Antragstellung nach den §§ 56 bis 58 des Infektionsschutzgesetzes	S. 708	skip0700.html
2021	title	113	2021-10-28	/fastmedia/218/2021_10_28_GBl_Nr_0113_signed.pdf	1	Gesetzblatt 2021 Nr. 113	Zwölfte Verordnung zur Änderung der eAkten-Verordnung	S. 705 - 707	skip0700.html
2021	title	112	2021-10-27	/fastmedia/218/2021_10_27_GBl_Nr_0112_signed.pdf	1	Gesetzblatt 2021 Nr. 112	Dritte Änderung der Studienplatzvergabeverordnung	S. 701 - 704	skip0700.html
2021	title	111	2021-10-25	/fastmedia/218/2021_10_25_GBl_Nr_0111_signed.pdf	1	Gesetzblatt 2021 Nr. 111	Erste Verordnung zur Änderung der Neunundzwanzigsten Verordnung zum Schutz vor Neuinfektionen mit dem Coronavirus SARS-CoV-2	S. 700	skip0700.html
2021	title	110	2021-10-25	/fastmedia/218/2021_10_25_GBl_Nr_0110_signed.pdf	1	Gesetzblatt 2021 Nr. 110	Zweite Verordnung zur Änderung der Verordnung zur Anerkennung und Förderung von Angeboten zur Unterstützung im Alltag nach § 45a, der Weiterentwicklung der Versorgungsstrukturen und des Ehrenamtes nach § 45c sowie der Selbsthilfe nach § 45d des Elften Buches Sozialgesetzbuch für das Land Bremen	S. 696 - 699	skip0700.html
2021	title	109	2021-10-22	/fastmedia/218/2021_10_22_GBl_Nr_0109_signed.pdf	1	Gesetzblatt 2021 Nr.109	Zweite Verordnung zur Änderung der Ordnungsdiensteverordnung	S. 694 - 695	skip0700.html
2021	title	108	2021-10-22	/fastmedia/218/2021_10_22_GBl_Nr_0108_signed.pdf	1	Gesetzblatt 2021 Nr. 108	Gesetz zur Anpassung von Vorschriften aus dem Bereich Häfen an die Datenschutz-Grundverordnung	S. 689 - 693	skip0700.html
2021	title	107	2021-10-22	/fastmedia/218/2021_10_22_GBl_Nr_0107_signed.pdf	1	Gesetzblatt 2021 Nr. 107	Zweites Gesetz zur Änderung des Gesetzes über den Staatsgerichtshof	S. 688	skip0700.html
2021	title	106	2021-10-22	/fastmedia/218/2021_10_22_GBl_Nr_0106_signed.pdf	1	Gesetzblatt 2021 Nr. 106	Ortsgesetz über die Feststellung eines Wohnraummangels nach § 1 Satz 2 des Bremischen Wohnraumschutzgesetzes (WoSchOG)	S. 687	skip0700.html
2021	title	105	2021-10-01	/fastmedia/218/2021_10_01_GBl_Nr_0105_signed.pdf	1	Gesetzblatt 2021 Nr. 105	Verordnung über den Ausgleich von Vorgriffsstunden	S. 685 - 686	skip0700.html
2021	title	104	2021-09-30	/fastmedia/218/2021_09_30_GBl_Nr_0104_signed.pdf	1	Gesetzblatt 2021 Nr. 104	Neunundzwanzigste Verordnung zum Schutz vor Neuinfektionen mit dem Coronavirus SARS-CoV-2 (Neunundzwanzigste Coronaverordnung)	S. 658 - 684	skip0700.html
2021	title	103	2021-09-27	/fastmedia/218/2021_09_27_GBl_Nr_0103_signed.pdf	1	Gesetzblatt 2021 Nr. 103	Gesetz zur Änderung des Gesetzes über das Verbandsklagerecht für Tierschutzvereine	S. 655 - 657	skip0700.html
2021	title	102	2021-09-27	/fastmedia/218/2021_09_27_GBl_Nr_0102_signed.pdf	1	Gesetzblatt 2021 Nr. 102	Siebte Verordnung zur Änderung der Allgemeinen Kostenverordnung	S. 654	skip0700.html
2021	title	101	2021-09-16	/fastmedia/218/2021_09_16_GBl_Nr_0101_signed.pdf	1	Gesetzblatt 2021 Nr. 101	Dritte Verordnung zur Änderung der Achtundzwanzigsten Verordnung zum Schutz vor Neuinfektionen mit dem Coronavirus SARS-CoV-2	S. 651 - 653	skip0700.html
2021	title	100	2021-09-14	/fastmedia/218/2021_09_14_GBl_Nr_0100_signed.pdf	1	Gesetzblatt 2021 Nr. 100	Verordnung über die Festlegung der Zulassungszahlen zum Vorbereitungsdienst für die Lehrämter an öffentlichen Schulen und zu den Ausgleichsmaßnahmen und den lehramtsbezogenen Qualifizierungsmaßnahmen für Lehrkräfte mit einer ausländischen Lehrkräfteberufsqualifikation im Lande Bremen	S. 646 - 650	skip0700.html
2021	title	99	2021-09-10	/fastmedia/218/2021_09_10_GBl_Nr_0099_signed.pdf	1	Gesetzblatt 2021 Nr. 99	Zweite Verordnung zur Änderung der Achtundzwanzigsten Verordnung zum Schutz vor Neuinfektionen mit dem Coronavirus SARS-CoV-2	S. 639 - 645	skip0700.html
2021	title	98	2021-09-09	/fastmedia/218/2021_09_09_GBl_Nr_0098_signed.pdf	1	Gesetzblatt 2021 Nr. 98	Erste Verordnung zur Änderung der Bremischen Verordnung über die Ausbildung und Prüfung für die Laufbahngruppe 1, zweites Einstiegsamt in der Fachrichtung Justiz zur Verwendung im Vollzugs- und Werkdienst	S. 637 - 638	skip0700.html
2021	title	97	2021-08-27	/fastmedia/218/2021_08_27_GBl_Nr_0097_signed.pdf	1	Gesetzblatt 2021 Nr. 97	Erste Verordnung zur Änderung der Achtundzwanzigsten Coronaverordnung zum Schutz vor Neuinfektionen mit dem Coronavirus SARS-CoV-2	S. 636	skip0700.html
2021	title	96	2021-08-16	/fastmedia/218/2021_08_16_GBl_Nr_0096_signed.pdf	1	Gesetzblatt 2021 Nr. 96	Verordnung über die Sonntagsöffnung von Verkaufsstellen in der Stadt Bremerhaven	S. 634 - 635	skip0700.html
2021	title	95	2021-08-11	/fastmedia/218/2021_08_11_GBl_Nr_0095_signed.pdf	1	Gesetzblatt 2021 Nr. 95	Erste Verordnung zur Änderung der Verordnung über die elektronische Führung der Insolvenztabelle	S. 633	skip0700.html
2021	title	94	2021-08-05	/fastmedia/218/2021_08_05_GBl_Nr_0094_signed.pdf	1	Gesetzblatt 2021 Nr. 94	Verordnung über abweichende Öffnungszeiten von Verkaufsstellen	S. 631 - 632	skip0700.html
2021	title	93	2021-07-27	/fastmedia/218/2021_07_27_GBl_Nr_0093_signed.pdf	1	Gesetzblatt 2021 Nr. 93	Achtundzwanzigste Verordnung zum Schutz vor Neuinfektionen mit dem Coronavirus SARS-CoV-2	S. 608 - 630	skip0700.html
2021	title	92	2021-07-27	/fastmedia/218/2021_07_27_GBl_Nr_0092_signed.pdf	1	Gesetzblatt 2021 Nr. 92	Verordnung zur Änderung der Verordnung zur elektronischen Aktenführung bei den Gerichten und den Staatsanwaltschaften im Land Bremen	S. 606 - 607	skip0700.html
2021	title	91	2021-07-27	/fastmedia/218/2021_07_27_GBl_Nr_0091_signed.pdf	1	Gesetzblatt 2021 Nr. 91	Gesetz zur Änderung des Bremischen Beamtengesetzes und der Landeshaushaltsordnung	S. 604 - 605	skip0700.html
2021	title	90	2021-07-23	/fastmedia/218/2021_07_23_GBl_Nr_0090_signed.pdf	1	Gesetzblatt 2021 Nr. 90	Erste Verordnung zur Änderung der Verordnung über Parkgebühren	S. 602 - 603	skip0700.html
2021	title	89	2021-07-23	/fastmedia/218/2021_07_23_GBl_Nr_0089_signed.pdf	1	Gesetzblatt 2021 Nr. 89	Verordnung über die Einrichtung eines Landespflegeausschusses nach dem Elften Buch Sozialgesetzbuch	S. 596 - 601	skip0700.html
2021	title	88	2021-07-23	/fastmedia/218/2021_07_23_GBl_Nr_0088_signed.pdf	1	Gesetzblatt 2021 Nr. 88	Viertes Gesetz zur Änderung des Bremischen Schulverwaltungsgesetzes	S. 582 - 595	skip0700.html
2021	title	87	2021-07-22	/fastmedia/218/2021_07_22_GBl_Nr_0087_signed.pdf	1	Gesetzblatt 2021 Nr. 87	Verordnung zur Änderung der Verordnung über die Ethikkommission des Landes Bremen	S. 581 - 582	skip0700.html
2021	title	86	2021-07-22	/fastmedia/218/2021_07_22_GBl_Nr_0086_signed.pdf	1	Gesetzblatt 2021 Nr. 86	Gesetz zur Änderung des Gesundheitsdienstgesetzes	S. 577 - 580	skip0700.html
2021	title	85	2021-07-22	/fastmedia/218/2021_07_22_GBl_Nr_0085_signed.pdf	1	Gesetzblatt 2021 Nr. 85	Gesetz zur Änderung des Bremischen Hilfeleistungsgesetzes	S. 574 - 576	skip0700.html
2021	title	84	2021-07-22	/fastmedia/218/2021_07_22_GBl_Nr_0084_signed.pdf	1	Gesetzblatt 2021 Nr. 84	Gesetz zur Änderung des Gesetzes über die Zulassung einer öffentlichen Spielbank	S. 573	skip0700.html
2021	title	83	2021-07-21	/fastmedia/218/2021_07_21_GBl_Nr_0083_signed.pdf	1	Gesetzblatt 2021 Nr. 83	Bremisches Wohnraumschutzgesetz	S. 566 - 572	skip0700.html
2021	title	82	2021-07-21	/fastmedia/218/2021_07_21_GBl_Nr_0082_signed.pdf	1	Gesetzblatt 2021 Nr. 82	Gesetz zur Änderung reise- und umzugskostenrechtlicher Vorschriften	S. 556 - 565	skip0800.html
2021	title	81	2021-07-21	/fastmedia/218/2021_07_21_GBl_Nr_0081_signed.pdf	1	Gesetzblatt 2021 Nr. 81	Gesetz zum Verbot von bleihaltiger Munition bei der Jagdausübung	S. 555	skip0800.html
2021	title	80	2021-07-21	/fastmedia/218/2021_07_21_GBl_Nr_0080_signed.pdf	1	Gesetzblatt 2021 Nr. 80	26. Ortsgesetz zur Änderung der Kostenordnung für die Feuerwehr der Stadtgemeinde Bremen	S. 554	skip0800.html
2021	title	79	2021-07-19	/fastmedia/218/2021_07_19_GBl_Nr_0079_signed.pdf	1	Gesetzblatt 2021 Nr. 79	Fünfte Verordnung zur Änderung der Verordnung über das Berufliche Gymnasium	S. 543 - 553	skip0800.html
2021	title	78	2021-07-19	/fastmedia/218/2021_07_19_GBl_Nr_0078_signed.pdf	1	Gesetzblatt 2021 Nr. 78	Zweite Verordnung zur Änderung der Ersten Verordnung für unterstützende Pädagogik	S. 542	skip0800.html
2021	title	77	2021-07-16	/fastmedia/218/2021_07_16_GBl_Nr_0077_signed.pdf	1	Gesetzblatt 2021 Nr. 77	Erste Verordnung zur Änderung der Siebenundzwanzigsten Coronaverordnung zum Schutz vor Neuinfektionen mit dem Coronavirus SARS-CoV-2	S. 541	skip0800.html
2021	title	76	2021-07-16	/fastmedia/218/2021_07_16_GBl_Nr_0076_signed.pdf	1	Gesetzblatt 2021 Nr. 76	Berichtigung der Bekanntmachung über die Änderung von Zuständigkeiten	S. 540	skip0800.html
2021	title	75	2021-07-08	/fastmedia/218/2021_07_08_GBl_Nr_0075_signed.pdf	1	Gesetzblatt 2021 Nr. 75	Verordnung zur Änderung hafenrechtlicher Vorschriften	S. 537 - 539	skip0800.html
2021	title	74	2021-07-06	/fastmedia/218/2021_07_06_GBl_Nr_0074_signed.pdf	1	Gesetzblatt 2021 Nr. 74	Bekanntmachung über das Inkrafttreten einer Verordnung nach § 10 des Wettbewerbsregistergesetzes	S. 536	skip0800.html
2021	title	73	2021-06-29	/fastmedia/218/2021_06_29_GBl_Nr_0073_signed.pdf	1	Gesetzblatt 2021 Nr. 73	Verordnung über die Übertragung von Zuständigkeiten nach § 4 des Bremischen Landes-Carsharinggesetzes	S. 535	skip0800.html
2021	title	72	2021-06-29	/fastmedia/218/2021_06_29_GBl_Nr_0072_signed.pdf	1	Gesetzblatt 2021 Nr. 72	Bekanntmachung über das Inkrafttreten des Staatsvertrages zwischen den Ländern Baden-Württemberg, Freistaat Bayern, Berlin, Brandenburg, Freie Hansestadt Bremen, Freie und Hansestadt Hamburg, Hessen, Mecklenburg-Vorpommern, Niedersachsen, Nordrhein-Westfalen, Rheinland-Pfalz, Saarland, Freistaat Sachsen, Sachsen-Anhalt, Schleswig-Holstein und dem Freistaat Thüringen zur Neuregulierung des Glücksspielwesens in Deutschland	S. 534	skip0800.html
2021	title	71	2021-06-23	/fastmedia/218/2021_06_23_GBl_Nr_0071_signed.pdf	1	Gesetzblatt 2021 Nr. 71	Bremische Verordnung über die Ausbildung und Prüfung für die Laufbahngruppe 2, zweites Einstiegsamt in der Fachrichtung Allgemeine Dienste zur Verwendung im Archivdienst im Land Bremen (Bremische Ausbildungs- und Prüfungsordnung Archivdienst – APO-ArchivD)	S. 525 - 533	skip0800.html
2021	title	70	2021-06-22	/fastmedia/218/2021_06_22_GBl_Nr_0070_signed.pdf	1	Gesetzblatt 2021 Nr. 70	Gesetz zur Anpassung glücksspielrechtlicher Regelungen an den Glücksspielstaatsvertrag 2021	S. 513 - 524	skip0800.html
2021	title	69	2021-06-22	/fastmedia/218/2021_06_22_GBl_Nr_0069_signed.pdf	1	Gesetzblatt 2021 Nr. 69	Viertes Gesetz zur Änderung des Bremischen Ausführungsgesetzes zum Pflege-Versicherungsgesetz	S. 512	skip0800.html
2021	title	68	2021-06-18	/fastmedia/218/GBl_2021_06_18_Nr_0068_signed.pdf	1	Gesetzblatt 2021 Nr. 68	Siebenundzwanzigste Verordnung zum Schutz vor Neuinfektionen mit dem Coronavirus SARS-CoV-2	S. 482 - 511	skip0800.html
2021	title	67	2021-06-11	/fastmedia/218/2021_06_11_GBl_Nr_0067_signed.pdf	1	Gesetzblatt 2021 Nr. 67	Siebzehnte Verordnung zur Änderung der Finanzämter-Zuständigkeitsverordnung	S. 480 - 481	skip0800.html
2021	title	66	2021-06-11	/fastmedia/218/2021_06_11_GBl_Nr_0066_signed.pdf	1	Gesetzblatt 2021 Nr. 66	Verordnung über die Zuständigkeiten nach dem Berufskraftfahrerqualifikationsgesetz	S. 478 - 479	skip0800.html
2021	title	65	2021-06-11	/fastmedia/218/2021_06_11_GBl_Nr_0065_signed.pdf	1	Gesetzblatt 2021 Nr. 65	Anpassung der Aufwandsentschädigung für die nicht der Bürgerschaft (Landtag) angehörenden Mitglieder der Stadtbürgerschaft	S. 477	skip0800.html
2021	title	64	2021-06-11	/fastmedia/218/2021_06_11_GBl_Nr_0064_signed.pdf	1	Gesetzblatt 2021 Nr. 64	Anpassung der Aufwandsentschädigung für die Mitglieder der Bremischen Bürgerschaft (Landtag)	S. 476	skip0800.html
2021	title	63	2021-05-26	/fastmedia/218/2021_05_26_GBl_Nr_0063_signed.pdf	1	Gesetzblatt 2021 Nr. 63	Gesetz zur Änderung der Landesverfassung der Freien Hansestadt Bremen	S. 475	skip0800.html
2021	title	62	2021-05-26	/fastmedia/218/2021_05_26_GBl_Nr_0062_signed.pdf	1	Gesetzblatt 2021 Nr. 62	Zweites Ortsgesetz zur Änderung der Sondernutzungskostenordnung	S. 473 - 474	skip0800.html
2021	title	61	2021-05-21	/fastmedia/218/2021_05_21_GBl_Nr_0061_signed.pdf	1	Gesetzblatt 2021 Nr. 61	Neufassung der Verordnung über den doppelqualifizierenden Bildungsgang der Berufsfachschule für Assistenten mit dem Abschluss der Allgemeinen Hochschulreife	S. 457 - 472	skip0800.html
2021	title	60	2021-05-20	/fastmedia/218/2021_05_20_GBl_Nr_0060_signed.pdf	1	Gesetzblatt 2021 Nr. 60	Erste Verordnung zur Änderung der Sechsundzwanzigsten Coronaverordnung zum Schutz vor Neuinfektionen mit dem Coronavirus SARS-CoV-2	S. 456	skip0800.html
2021	title	59	2021-05-19	/fastmedia/218/2021_05_19_GBl_Nr_0059_signed.pdf	1	Gesetzblatt 2021 Nr. 59	Sechsundzwanzigste Verordnung zum Schutz vor Neuinfektionen mit dem Coronavirus SARS-CoV-2 (Sechsundzwanzigste Coronaverordnung)	S. 423 - 455	skip0800.html
2021	title	58	2021-05-06	/fastmedia/218/2021_05_06_GBl_Nr_0058_signed.pdf	1	Gesetzblatt 2021 Nr. 58	Erste Verordnung zur Änderung der Fünfundzwanzigsten Coronaverordnung	S. 419 - 422	skip0800.html
2021	title	57	2021-04-23	/fastmedia/218/2021_04_23_GBl_Nr_0057_signed.pdf	1	Gesetzblatt 2021 Nr. 57	Erste Verordnung zur Änderung der Bremischen Kommunikationshilfenverordnung	S. 418	skip0800.html
2021	title	56	2021-04-23	/fastmedia/218/2021_04_23_GBl_Nr_0056_signed.pdf	1	Gesetzblatt 2021 Nr. 56	Berichtigung der Sechsten Verordnung zur Änderung der Kostenverordnung Bau	S. 417	skip0800.html
2021	title	55	2021-04-21	/fastmedia/218/2021_04_21_GBl_Nr_0055_signed.pdf	1	Gesetzblatt 2021 Nr. 55	Fünfundzwanzigste Verordnung zum Schutz vor Neuinfektionen mit dem Coronavirus SARS-CoV-2	S. 382 - 416	skip0800.html
2021	title	54	2021-04-21	/fastmedia/218/2021_04_21_GBl_Nr_0054_signed.pdf	1	Gesetzblatt 2021 Nr. 54	Bekanntmachung einer Entscheidung des Oberverwaltungsgerichts der Freien Hansestadt Bremen im Wege des einstweiligen Rechtsschutzes über die Pflicht zum Tragen einer Mund-Nasen-Bedeckung für Grundschülerinnen und Grundschüler aufgrund der Vierundzwanzigsten Coronaverordnung	S. 381	skip0800.html
2021	title	53	2021-04-21	/fastmedia/218/2021_04_21_GBl_Nr_0053_signed.pdf	1	Gesetzblatt 2021 Nr. 53	Bekanntmachung einer Entscheidung des Oberverwaltungsgerichts der Freien Hansestadt Bremen im Wege des einstweiligen Rechtsschutzes über die Pflicht zum Tragen einer Mund-Nasen-Bedeckung für Grundschülerinnen und Grundschüler aufgrund der Vierundzwanzigsten Coronaverordnung	S. 380	skip0800.html
2021	title	52	2021-04-21	/fastmedia/218/2021_04_21_GBl_Nr_0052_signed.pdf	1	Gesetzblatt 2021 Nr. 52	Verordnung zur Verlängerung der individuellen Regelstudienzeit nach § 2 Absatz 3 Satz 6 des Bremischen Gesetzes über die Juristenausbildung und die erste juristische Staatsprüfung	S. 379	skip0800.html
2021	title	51	2021-04-20	/fastmedia/218/2021_04_20_GBl_Nr_0051_signed.pdf	1	Gesetzblatt 2021 Nr. 51	Verordnung über den Ladenschluss im Gebiet zwischen Alter Hafen, Museumshafen und Weser in der Stadt Bremerhaven vom 01.05.2021 bis 31.12.2021	S. 378	skip0800.html
2021	title	50	2021-04-16	/fastmedia/218/2021_04_16_GBl_Nr_0050_signed.pdf	1	Gesetzblatt 2021 Nr. 50	Fünfte Verordnung zur Änderung der Vierundzwanzigsten Verordnung zum Schutz vor Neuinfektionen mit dem Coronavirus SARS-CoV-2	S. 377	skip0800.html
2021	title	49	2021-04-14	/fastmedia/218/2021_04_14_GBl_Nr_0049_signed.pdf	1	Gesetzblatt 2021 Nr. 49	Erste Verordnung zur Änderung der Verordnung zur Anerkennung und Förderung von Angeboten zur Unterstützung im Alltag nach § 45a, der Weiterentwicklung der Versorgungsstrukturen und des Ehrenamtes nach § 45c sowie der Selbsthilfe nach § 45d des Elften Buches Sozialgesetzbuch für das Land Bremen	S. 376	skip0800.html
2021	title	48	2021-04-14	/fastmedia/218/2021_04_14_GBl_Nr_0048_signed.pdf	1	Gesetzblatt 2021 Nr. 48	Gesetz zum Staatsvertrag zur Neuregulierung des Glücksspielwesens in Deutschland	S. 308 - 375	skip0800.html
2021	title	47	2021-04-13	/fastmedia/218/2021_04_13_GBl_Nr_0047_signed.pdf	1	Gesetzblatt 2021 Nr. 47	Zweites Gesetz zur Änderung des Bremischen Gesetzes über die Juristenausbildung und die erste juristische Prüfung	S. 307	skip0800.html
2021	title	46	2021-04-13	/fastmedia/218/2021_04_13_GBl_Nr_0046_signed.pdf	1	Gesetzblatt 2021 Nr. 46	Ortsgesetz zur Änderung des Ortsgesetzes über die öffentliche Ordnung	S. 305 - 306	skip0800.html
2021	title	45	2021-04-13	/fastmedia/218/2021_04_13_GBl_Nr_0045_signed.pdf	1	Gesetzblatt 2021 Nr. 45	Ortsgesetz zur Änderung des Ortsgesetzes über die öffentliche Ordnung	S. 303 - 304	skip0800.html
2021	title	44	2021-04-13	/fastmedia/218/2021_04_13_GBl_Nr_0044_signed.pdf	1	Gesetzblatt 2021 Nr. 44	Viertes Gesetz zur Änderung des Gesetzes über Rechtssetzungsbefugnisse der Gemeinden	S. 302	skip0800.html
2021	title	43	2021-04-13	/fastmedia/218/2021_04_13_GBl_Nr_0043_signed.pdf	1	Gesetzblatt 2021 Nr. 43	Gesetz zur Änderung des Bremischen Gesetzes über Naturschutz und Landschaftspflege und des Feldordnungsgesetzes	S. 300 - 301	skip0800.html
2021	title	42	2021-04-09	/fastmedia/218/2021_04_09_GBl_Nr_0042_signed.pdf	1	Gesetzblatt 2021 Nr. 42	Vierte Verordnung zur Änderung der Vierundzwanzigsten Verordnung zum Schutz vor Neuinfektionen mit dem Coronavirus SARS-CoV-2	S. 298 - 299	skip0800.html
2021	title	41	2021-04-07	/fastmedia/218/2021_04_07_GBl_Nr_0041_signed.pdf	1	Gesetzblatt 2021 Nr. 41	Verordnung über die Erstattungspflicht von Kosten und nicht gedecktem Verwaltungsaufwand bei der Vollstreckungshilfe durch die bremischen Vollstreckungsbehörden	S. 297	skip0800.html
2021	title	40	2021-04-06	/fastmedia/218/2021_04_06_GBl_Nr_0040_signed.pdf	1	Gesetzblatt 2021 Nr. 40	Verordnung zur Tätigkeit der Patientenfürsprecherinnen und Patientenfürsprecher im Land Bremen nach dem Bremischen Krankenhausgesetz (Patientenfürsprecherverordnung - PatFürsprVO)	S. 295 - 296	skip0800.html
2021	title	39	2021-03-31	/fastmedia/218/2021_03_31_GBl_Nr_0039_signed.pdf	1	Gesetzblatt 2021 Nr. 39	Gesetz zur Änderung des Ausführungsgesetzes zur Verordnung zum Anspruch auf Schutzimpfung gegen das Coronavirus SARS-CoV-2	S. 294	skip0800.html
2021	title	38	2021-03-29	/fastmedia/218/2021_03_29_GBl_Nr_0038_signed.pdf	1	Gesetzblatt 2021 Nr. 38	Zweite Änderung der Studienplatzvergabeverordnung	S. 290 - 293	skip0800.html
2021	title	37	2021-03-26	/fastmedia/218/2021_03_26_GBl_Nr_0037_signed.pdf	1	Gesetzblatt 2021 Nr. 37	Dritte Verordnung zur Änderung der Vierundzwanzigsten Verordnung zum Schutz vor Neuinfektionen mit dem Coronavirus SARS-CoV-2	S. 288 - 289	skip0800.html
2021	title	36	2021-03-24	/fastmedia/218/2021_03_24_GBl_Nr_0036_signed.pdf	1	Gesetzblatt 2021 Nr. 36	Verordnung zur weiteren Verlängerung der individuellen Regelstudienzeit nach § 55 Absatz 3a Satz 4 des Bremischen Hochschulgesetzes und zur prüfungsrechtlichen Berücksichtigung von Studienzeit unter Corona-Bedingungen (Regelstudienzeitverordnung)	S. 287	skip0800.html
2021	title	35	2021-03-23	/fastmedia/218/2021_03_23_GBl_Nr_0035_signed.pdf	1	Gesetzblatt 2021 Nr. 35	Verordnung zur Änderung besoldungsrechtlicher Vorschriften	S. 285 - 286	skip0800.html
2021	title	34	2021-03-19	/fastmedia/218/2021_03_19_GBl_Nr_0034_signed.pdf	1	Gesetzblatt 2021 Nr. 34	Verordnung über die Einführung des maschinell geführten Schiffsregisters	S. 283 - 284	skip0800.html
2021	title	33	2021-03-09	/fastmedia/218/2021_03_09_GBl_Nr_0033_signed.pdf	1	Gesetzblatt 2021 Nr. 33	Zweites Gesetz zur Änderung des Bremischen Sicherheitsüberprüfungsgesetzes	S. 282	skip0800.html
2021	title	32	2021-03-09	/fastmedia/218/2021_03_09_GBl_Nr_0032_signed.pdf	1	Gesetzblatt 2021 Nr. 32	Drittes Ortsgesetz zur Änderung des Ortsgesetzes über die Beiträge für die Kindergärten und Horte der Stadtgemeinde Bremen	S. 281	skip0800.html
2021	title	31	2021-03-05	/fastmedia/218/2021_03_05_GBl_Nr_0031_signed.pdf	1	Gesetzblatt 2021 Nr. 31	Zweite Verordnung zur Änderung der Vierundzwanzigsten Verordnung zum Schutz vor Neuinfektionen mit dem Coronavirus SARS-CoV-2	S. 275 - 280	skip0800.html
2021	title	30	2021-03-02	/fastmedia/218/2021_03_02_GBl_Nr_0030_signed.pdf	1	Gesetzblatt 2021 Nr. 30	Sechste Verordnung zur Änderung der Kostenverordnung Bau	S. 251 - 274	skip0800.html
2021	title	29	2021-03-02	/fastmedia/218/2021_03_02_GBl_Nr_0029_signed.pdf	1	Gesetzblatt 2021 Nr. 29	Zweite Verordnung zur Änderung der Verordnung über die Festsetzung des Lärmschutzbereichs für den Verkehrsflughafen Bremen	S. 224 - 250	skip0800.html
2021	title	28	2021-03-02	/fastmedia/218/2021_03_02_GBl_Nr_0028_signed.pdf	1	Gesetzblatt 2021 Nr. 28	Verordnung über den Mindestlohn nach dem Landesmindestlohngesetz	S. 223	skip0800.html
2021	title	27	2021-02-26	/fastmedia/218/2021_02_26_GBl_Nr_0027_signed.pdf	1	Gesetzblatt 2021 Nr. 27	Verordnung zu Prüfungen in digitalisierten Formaten an den Bremischen Hochschulen (Digitalprüfungsverordnung)	S. 219 - 222	skip0800.html
2021	title	26	2021-02-26	/fastmedia/218/2021_02_26_GBl_Nr_0026_signed.pdf	1	Gesetzblatt 2021 Nr. 26	Zweites Gesetz zur Änderung hochschulrechtlicher Bestimmungen im Zusammenhang mit den Anforderungen aus der Corona-Krise	S. 216 - 218	skip0800.html
2021	title	25	2021-02-25	/fastmedia/218/2021_02_25_GBl_Nr_0025_signed.pdf	1	Gesetzblatt 2021 Nr. 25	Verordnung über die Festlegung der Zulassungszahlen zum Vorbereitungsdienst für die Lehrämter an öffentlichen Schulen und zu den Ausgleichsmaßnahmen und den lehramtsbezogenen Qualifizierungsmaßnahmen für Lehrkräfte mit einer ausländischen Lehrkräfteberufsqualifikation im Lande Bremen	S. 211 - 215	skip0800.html
2021	title	24	2021-02-25	/fastmedia/218/2021_02_25_GBl_Nr_0024_signed.pdf	1	Gesetzblatt 2021 Nr. 24	Kostenverordnung der Häfenverwaltung (HKostV)	S. 206 - 210	skip0800.html
2021	title	23	2021-02-25	/fastmedia/218/2021_02_25_GBl_Nr_0023_signed.pdf	1	Gesetzblatt 2021 Nr. 23	Verordnung zur Änderung der Kostenverordnung der Verwaltung Wirtschaft und Häfen	S. 204 - 205	skip0800.html
2021	title	22	2021-02-23	/fastmedia/218/2021_02_23_GBl_Nr_0022_signed.pdf	1	Gesetzblatt 2021 Nr. 22	Fortbildungsprüfungsregelung nach § 54 des Berufsbildungsgesetzes zur Geprüften Projektmanagerin oder zum Geprüften Projektmanager in der öffentlichen Verwaltung	S. 198 - 203	skip0800.html
2021	title	21	2021-02-23	/fastmedia/218/2021_02_23_GBl_Nr_0021_signed.pdf	1	Gesetzblatt 2021 Nr. 21	Fortbildungsprüfungsregelung nach § 54 des Berufsbildungsgesetzes zur Lebensmittelkontrolleurin oder zum Lebensmittelkontrolleur	S. 188 - 197	skip0800.html
2021	title	20	2021-02-23	/fastmedia/218/2021_02_23_GBl_Nr_0020_signed.pdf	1	Gesetzblatt 2021 Nr. 20	Prüfungsordnung für die Durchführung von Zwischen- und Abschlussprüfungen in anerkannten Ausbildungsberufen des öffentlichen Dienstes	S. 170 - 187	skip0800.html
2021	title	19	2021-02-23	/fastmedia/218/2021_02_23_GBl_Nr_0019_signed.pdf	1	Gesetzblatt 2021 Nr. 19	Prüfungsordnung für die Durchführung von Fortbildungsprüfungen nach § 56 Absatz 1 in Verbindung mit § 47 Absatz 1 des Berufsbildungsgesetzes	S. 156 - 169	skip0800.html
2021	title	18	2021-02-19	/fastmedia/218/2021_02_19_GBl_Nr_0018_signed.pdf	1	Gesetzblatt 2021 Nr. 18	Erste Verordnung zur Änderung der Vierundzwanzigsten Verordnung zum Schutz vor Neuinfektionen mit dem Coronavirus SARS-CoV-2	S. 153 - 155	skip0800.html
2021	title	17	2021-02-16	/fastmedia/218/2021_02_16_GBl_Nr_0017_signed.pdf	1	Gesetzblatt 2021 Nr. 17	Änderung des Ortsgesetzes über Beiräte und Ortsämter	S. 152	skip0800.html
2021	title	16	2021-02-15	/fastmedia/218/2021_02_15_GBl_Nr_0016_signed.pdf	1	Gesetzblatt 2021 Nr. 16	Berichtigung des Gesetzblattes Nr. 15	S. 151	skip0800.html
2021	title	15	2021-02-12	/fastmedia/218/2021_02_12_GBl_Nr_0015_signed.pdf	1	Gesetzblatt 2021 Nr. 15	Vierundzwanzigste Verordnung zum Schutz vor Neuinfektionen mit dem Coronavirus SARS-CoV-2 (Vierundzwanzigste Coronaverordnung)	S. 117 - 150	skip0800.html
2021	title	14	2021-02-03	/fastmedia/218/2021_02_03_GBl_Nr_0014_signed.pdf	1	Gesetzblatt 2021 Nr. 14	Verordnung über die Anerkennung von Bildungsveranstaltungen nach dem Bremischen Bildungszeitgesetz	S. 116	skip0800.html
2021	title	13	2021-02-02	/fastmedia/218/2021_02_02_GBl_Nr_0013_signed.pdf	1	Gesetzblatt 2021 Nr. 13	Bekanntmachung der Neufassung des Radio-Bremen-Gesetzes (RBG)	S. 90 - 115	skip0800.html
2021	title	12	2021-02-02	/fastmedia/218/2021_02_02_GBl_Nr_0012_signed.pdf	1	Gesetzblatt 2021 Nr. 12	Bekanntmachung der Neufassung des Bremischen Landesmediengesetzes (BremLMG)	S. 42 - 89	skip0800.html
2021	title	11	2021-01-28	/fastmedia/218/2021_01_28_GBl_Nr_0011_signed.pdf	1	Gesetzblatt 2021 Nr. 11	Ausführungsgesetz zur Verordnung zum Anspruch auf Schutzimpfung gegen das Coronavirus SARS-CoV-2	S. 38 - 41	skip0800.html
2021	title	10	2021-01-28	/fastmedia/218/2021_01_28_GBl_Nr_0010_signed.pdf	1	Gesetzblatt 2021 Nr. 10	Sechste Verordnung zur Änderung der Dreiundzwanzigsten Verordnung zum Schutz vor Neuinfektionen mit dem Coronavirus SARS-CoV-2	S. 36 - 37	skip0800.html
2021	title	9	2021-01-28	/fastmedia/218/2021_01_28_GBl_Nr_0009_signed.pdf	1	Gesetzblatt 2021 Nr. 9	Bekanntmachung über das Inkrafttreten des Staatsvertrages zur Modernisierung der Medienordnung in Deutschland zwischen dem Land Baden-Württemberg, dem Freistaat Bayern, dem Land Berlin, dem Land Brandenburg, der Freien und Hansestadt Hamburg, dem Land Hessen, dem Land Mecklenburg-Vorpommern, dem Land Niedersachsen, dem Land Nordrhein-Westfalen, dem Land Rheinland-Pfalz, dem Saarland, dem Freistaat Sachsen, dem Land Sachsen-Anhalt, dem Land Schleswig-Holstein, dem Freistaat Thüringen und der Freien Hansestadt Bremen sowie der Artikel 2 und 3 des Gesetzes zum Staatsvertrag zur Modernisierung der Medienordnung in Deutschland	S. 35	skip0800.html
2021	title	8	2021-01-22	/fastmedia/218/2021_01_22_GBl_Nr_0008_signed.pdf	1	Gesetzblatt 2021 Nr. 8	Fünfte Verordnung zur Änderung der Dreiundzwanzigsten Verordnung zum Schutz vor Neuinfektionen mit dem Coronavirus SARS-CoV-2	S. 27 - 34	skip0800.html
2021	title	7	2021-01-20	/fastmedia/218/2021_01_20_GBl_Nr_0007_signed.pdf	1	Gesetzblatt 2021 Nr. 7	Bekanntmachung über das Inkrafttreten des Staatsvertrages zwischen der Freien Hansestadt Bremen und dem Land Niedersachsen über die Zuständigkeit für die Durchführung von immissionsschutzrechtlichen Genehmigungsverfahren und die Anlagenüberwachung für ein Vorhaben der Lürssen Werft GmbH & Co. KG am Betriebsstandort Berne	S. 26	skip0800.html
2021	title	6	2021-01-19	/fastmedia/218/2021_01_19_GBl_Nr_0006_signed.pdf	1	Gesetzblatt 2021 Nr. 6	Verordnung zur Änderung der Bremischen Hafengebührenordnung	S. 20 - 25	skip0800.html
2021	title	5	2021-01-15	/fastmedia/218/2021_01_15_GBl_Nr_0005_signed.pdf	1	Gesetzblatt 2021 Nr. 5	Vierte Verordnung zur Änderung der Dreiundzwanzigsten Verordnung zum Schutz vor Neuinfektionen mit dem Coronavirus SARS-CoV-2	S. 18 -19	skip0800.html
2021	title	4	2021-01-08	/fastmedia/218/2021_01_08_GBl_Nr_0004_signed.pdf	1	Gesetzblatt 2021 Nr. 4	Dritte Verordnung zur Änderung der Dreiundzwanzigsten Verordnung zum Schutz vor Neuinfektionen mit dem Coronavirus SARS-CoV-2	S. 12 - 17	skip0800.html
2021	title	3	2021-01-07	/fastmedia/218/2021_01_07_GBL_Nr_0003_signed.pdf	1	Gesetzblatt 2021 Nr. 3	Verordnung über den Umfang und den Nachweis der Erfüllung der Lehrverpflichtung an der Hochschule für Öffentliche Verwaltung (HfÖV - Lehrverpflichtungs- und Lehrnachweisverordnung – HfÖV-LVNV)	S. 6 - 11	skip0800.html
2021	title	2	2021-01-07	/fastmedia/218/2021_01_07_GBl_Nr_0002_signed.pdf	1	Gesetzblatt 2021 Nr. 2	Gesetz zur Änderung und Aufhebung von Vorschriften betreffend die Hochschule für Öffentliche Verwaltung	S. 2 - 5	skip0800.html
2021	title	1	2021-01-06	/fastmedia/218/2021_01_06_GBl_Nr_0001_signed.pdf	1	Gesetzblatt 2021 Nr. 1	Bekanntmachung über das Außerkrafttreten des Gesetzes für den Übergangszeitraum nach dem Austritt des Vereinigten Königreichs Großbritannien und Nordirland aus der Europäischen Union	S. 1	skip0800.html
2020	title	176	2020-12-30	/fastmedia/218/2020_12_30_GBl_Nr_0176_signed.pdf	1	Gesetzblatt 2020 Nr. 176	Haushaltssatzung der Stadt Bremerhaven für das Haushaltsjahr 2021	S. 1727 - 1744	skip0800.html
2020	title	175	2020-12-30	/fastmedia/218/2020_12_30_GBl_Nr_0175_signed.pdf	1	Gesetzblatt 2020 Nr. 175	Erste Verordnung zur Änderung der Bremischen Landesdüngeverordnung	S. 1722 - 17276	skip0800.html
2020	title	174	2020-12-30	/fastmedia/218/2020_12_30_GBl_Nr_0174_signed.pdf	1	Gesetzblatt 2020 Nr. 174	Bremisches Gesetz zur Stärkung der Beteiligung der Bürgerschaft (Landtag) bei dem Erlass von Verordnungen zum Schutz vor Neuinfektionen mit dem Coronavirus SARS-CoV-2	S. 1720 - 1721	skip0800.html
2020	title	173	2020-12-29	/fastmedia/218/2020_12_29_GBl_Nr_0173_signed.pdf	1	Gesetzblatt 2020 Nr. 173	Zweites Gesetz zur Änderung des Gesetzes über das Verbot des Mitführens und der Abgabe von Glasflaschen oder Trinkgläsern in bestimmten Gebieten		skip0800.html
2020	title	172	2020-12-29	/fastmedia/218/2020_12_29_GBl_Nr_0172_signed.pdf	1	Gesetzblatt 2020 Nr. 172	Gesetz zur Änderung der Landesverfassung der Freien Hansestadt Bremen und weiterer Gesetze	S. 1717 - 1718	skip0800.html
2020	title	171	2020-12-29	/fastmedia/218/2020_12_29_GBl_Nr_0171_signed.pdf	1	Gesetzblatt 2020 Nr: 171	Erstes Gesetz zur Änderung des Bremischen Gesetzes über die Vollstreckung von Geldforderungen im Verwaltungswege	S. 1715 - 1716	skip0800.html
2020	title	170	2020-12-29	/fastmedia/218/2020_12_29_GBl_Nr_0170_signed.pdf	1	Gesetzblatt 2020 Nr. 170	Gesetz zu dem Staatsvertrag zwischen der Freien Hansestadt Bremen und dem Land Niedersachsen über die Zuständigkeit für die Durchführung von immissionsschutzrechtlichen Genehmigungsverfahren und die Anlagenüberwachung für ein Vorhaben der Lürssen Werft GmbH & Co. KG am Betriebsstandort Berne	S. 1710 - 1714	skip0800.html
2020	title	169	2020-12-29	/fastmedia/218/2020_12_29_GBl_Nr_0169_signed.pdf	1	Gesetzblatt 2020 Nr. 169	Gesetz zur Ausführung des Zensusgesetzes 2022 (Zensusausführungsgesetz 2022 – ZensAG 2022)	S. 1703 - 1709	skip0800.html
2020	title	168	2020-12-28	/fastmedia/218/2020_12_28_GBl_Nr_0168_signed.pdf	1	Gesetzblatt 2020 Nr. 168	Zweites Ortsgesetz zur Änderung des Ortsgesetzes über die Beiträge für die Kindergärten und Horte der Stadtgemeinde Bremen	S. 1702	skip0800.html
2020	title	167	2020-12-28	/fastmedia/218/2020_12_28_GBl_Nr_0167_signed.12397.pdf	1	Gesetzblatt 2020 Nr. 167	Ortsgesetz zur Änderung stadtbremischer Regelungen des Bestattungswesens	S. 1695 - 1701	skip0800.html
2020	title	166	2020-12-28	/fastmedia/218/2020_12_28_GBl_Nr_0166_signed.12396.pdf	1	Gesetzblatt 2020 Nr. 166	Erstes Ortsgesetz zur Änderung des Aufnahmeortsgesetzes	S. 1691 - 1694	skip0800.html
2020	title	165	2020-12-28	/fastmedia/218/2020_12_28_GBl_Nr_0165_signed.12395.pdf	1	Gesetzblatt 2020 Nr. 165	Verordnung zur Festsetzung der Finanzierungsquote zur Kostenbeteiligung der Freien Hansestadt Bremen als überörtlicher Träger der Sozialhilfe an den Nettosozialhilfekosten der Stadtgemeinde Bremen und der Stadtgemeinde Bremerhaven als örtliche Träger der Sozialhilfe (Finanzierungsquotenverordnung Sozialhilfe SGB XII – FQuotenVO SGB XII)	S. 1689 - 1690	skip0800.html
2020	title	164	2020-12-28	/fastmedia/218/2020_12_28_GBl_Nr_0164_signed.12394.pdf	1	Gesetzblatt 2020 Nr. 164	Verordnung zur Festsetzung der Finanzierungsquote zur Kostenbeteiligung der Freien Hansestadt Bremen an den Nettokosten der Eingliederungs¬hilfeleistungen der Stadtgemeinde Bremen und der Stadtgemeinde Bremerhaven nach dem Neunten Buch Sozialgesetzbuch (Finanzierungsquotenverordnung Eingliederungshilfe SGB IX – FQuotenVO SGB IX)	S. 1686 - 1688	skip0800.html
2020	title	163	2020-12-23	/fastmedia/218/2020_12_23_GBl_Nr_0163_signed.pdf	1	Gesetzblatt 2020 Nr. 163	Zweite Verordnung zur Änderung der Dreiundzwanzigsten Verordnung zum Schutz vor Neuinfektionen mit dem Coronavirus SARS-CoV-2	S. 1685	skip0800.html
2020	title	162	2020-12-22	/fastmedia/218/2020_12_22_GBl_Nr_0162_signed.pdf	1	Gesetzblatt 2020 Nr. 162	Verordnung zur Änderung der Dreiundzwanzigsten Verordnung zum Schutz vor Neuinfektionen mit dem Coronavirus SARS-CoV-2	S. 1682 - 1684	skip0800.html
2020	title	161	2020-12-21	/fastmedia/218/2020_12_21_GBl_Nr_0161_signed.pdf	1	Gesetzblatt 2020 Nr. 161	Bekanntmachung über das Inkrafttreten von § 5b Absatz 1, 4 und 5 des Bremischen Glücksspielgesetzes	S. 1681	skip0800.html
2020	title	160	2020-12-21	/fastmedia/218/2020_12_21_GBl_Nr_0160_signed.pdf	1	Gesetzblatt 2020 Nr. 160	Ortsgesetz der Stadt Bremerhaven über die Gestaltung von privater Möblierung im Bereich der Bgm.-Smidt-Straße (Bremerhavener Gestaltungsatzung Innenstadt)	S. 1672 - 1680	skip0800.html
2020	title	159	2020-12-21	/fastmedia/218/2020_12_21_GBl_Nr_0159_signed.pdf	1	Gesetzblatt 2020 Nr. 159	Fünftes Ortsgesetz zur Änderung des Ortsgesetzes zur Ausführung der §§ 18 und 38a des Bremischen Landesstraßengesetzes in der Stadtgemeinde Bremerhaven	S. 1670 - 1671	skip0800.html
2020	title	158	2020-12-18	/fastmedia/218/2020_12_18_GBl_Nr_0158_signed.pdf	1	Gesetzblatt 2020 Nr. 158	Ortsgesetz zur Änderung des Ortsgesetzes zur Aufnahme von Kindern	S. 1668 - 1669	skip0900.html
2020	title	157	2020-12-18	/fastmedia/218/2020_12_18_GBl_Nr_0157_signed.pdf	1	Gesetzblatt 2020 Nr. 157	Verordnung über die Pflicht zur Nutzung des elektronischen Rechtsverkehrs für die Fachgerichtsbarkeiten mit Ausnahme des Landessozialgerichts Niedersachsen-Bremen und der Verwaltungsgerichtsbarkeit	S. 1666- 1667	skip0900.html
2020	title	156	2020-12-15	/fastmedia/218/2020_12_15_GBl_Nr_0156_signed.pdf	1	Gesetzblatt 2020 Nr. 156	Dreiundzwanzigste Verordnung zum Schutz vor Neuinfektionen mit dem Coronavirus SARS-CoV-2 (Dreiundzwanzigste Coronaverordnung)		skip0900.html
2020	title	155	2020-12-15	/fastmedia/218/2020_12_15_GBl_Nr_0155_signed.pdf	1	Gesetzblatt 2020 Nr. 155	Ortsgesetz zur Änderung der Gebührenordnung zum Entwässerungsortsgesetz der Stadt Bremerhaven und	S. 1629 - 1633	skip0900.html
2020	title	154	2020-12-11	/fastmedia/218/2020_12_11_GBl_Nr_0154_signed.pdf	1	Gesetzblatt 2020 Nr. 154	Verordnung zur Änderung der Zweiundzwanzigsten Verordnung zum Schutz vor Neuinfektionen mit dem Coronavirus SARS-CoV-2	S. 1628	skip0900.html
2020	title	153	2020-12-11	/fastmedia/218/2020_12_11_GBl_Nr_0153_signed.pdf	1	Gesetzblatt 2020 Nr. 153	Erste Verordnung zur Änderung der Ordnungsdiensteverordnung	S. 1627	skip0900.html
2020	title	152	2020-12-09	/fastmedia/218/2020_12_09_GBl_Nr_0152_signed.pdf	1	Gesetzblatt 2020 Nr. 152	Erste Verordnung zur Änderung der Verordnung über die Anforderungen für die Ausbildung an staatlich anerkannten Pflegeschulen und Einrichtungen der praktischen Ausbildung im Land Bremen nach dem Pflegeberufegesetz	S. 1621 - 1626	skip0900.html
2020	title	151	2020-12-08	/fastmedia/218/2020_12_08_GBl_Nr_0151_signed.pdf	1	Gesetzblatt 2020 Nr. 151	Verordnung zur Investitionsförderung der Krankenhäuser im Land Bremen nach dem Bremischen Krankenhausgesetz (Krankenhausinvestitionsförderungsverordnung – KrankenhausInvestV)	S. 1611 - 1620	skip0900.html
2020	title	150	2020-12-08	/fastmedia/218/2020_12_08_GBl_Nr_0150_signed.pdf	1	Gesetzblatt 2020 Nr. 150	Erstes Gesetz zur Änderung des Berufsqualifikationsfeststellungsgesetzes	S. 1607 - 1610	skip0900.html
2020	title	149	2020-12-08	/fastmedia/218/2020_12_08_GBl_Nr_0149_signed.pdf	1	Gesetzblatt 2020 Nr. 149	Zweites Gesetz zur Änderung des Gesetzes über Hilfen und Schutzmaßnahmen bei psychischen Krankheiten	S. 1606	skip0900.html
2020	title	148	2020-12-08	/fastmedia/218/2020_12_08_GBl_Nr_0148_signed.pdf	1	Gesetzblatt 2020 Nr. 148	Bremisches Gesetz über Hafenauffangeinrichtungen für die Entladung von Abfällen von Schiffen (Bremisches Schiffsabfall-Entsorgungsgesetz - BremSAEG)	S. 1584 - 1605	skip0900.html
2020	title	147	2020-12-07	/fastmedia/218/2020_12_07_GBl_Nr_0147_signed.pdf	1	Gesetzblatt 2020 Nr. 147	Gesetz zur Änderung des Bremischen Polizeigesetzes und weiterer Gesetze	S. 1486 - 1583	skip0900.html
2020	title	146	2020-12-07	/fastmedia/218/2020_12_07_GBl_Nr_0146_signed.pdf	1	Gesetzblatt 2020 Nr. 146	Gesetz zur Änderung des Mittelstandsförderungsgesetzes	S. 1485	skip0900.html
2020	title	145	2020-12-07	/fastmedia/218/2020_12_07_GBl_Nr_0145_signed.pdf	1	Gesetzblatt 2020 Nr. 145	Gesetz zum Ersten Medienänderungsstaatsvertrag	S. 1480 - 1484	skip0900.html
2020	title	144	2020-12-07	/fastmedia/218/2020_12_07_GBl_Nr_0144_signed.pdf	1	Gesetzblatt 2020 Nr. 144	Ortsgesetz zur Änderung der Nutzungs- und Gebührenordnung für Übergangswohneinrichtungen der Stadtgemeinde Bremen	S. 1479	skip0900.html
2020	title	143	2020-12-04	/fastmedia/218/2020_12_04_GBl_Nr_0143_signed.pdf	1	Gesetzblatt 2020 Nr. 143	Ortsgesetz über Kinderspielflächen in der Stadtgemeinde Bremen	S. 1473 - 1478	skip0900.html
2020	title	142	2020-12-04	/fastmedia/218/2020_12_04_GBl_Nr_0142_signed.pdf	1	Gesetzblatt 2020 Nr. 142	Bremisches Krankenhausgesetz – (BremKrhG)	S. 1444 - 1472	skip0900.html
2020	title	141	2020-12-04	/fastmedia/218/2020_12_04_GBl_Nr_0141_signed.pdf	1	Gesetzblatt 2020 Nr. 141	Gesetz zur Umsetzung der Richtlinie (EU) 2018/958 über eine Verhältnismäßigkeitsprüfung vor Erlass neuer Berufsreglementierungen	S. 1425 - 1443	skip0900.html
2020	title	140	2020-12-04	/fastmedia/218/2020_12_04_GBl_Nr_0140_signed.pdf	1	Gesetzblatt 2020 Nr. 140	Bremisches Gesetz über die Vollstreckung durch die landesunmittelbaren gesetzlichen Krankenkassen	S. 1423 - 1424	skip0900.html
2020	title	139	2020-12-03	/fastmedia/218/2020_12_03_GBl_Nr_0139_signed.pdf	1	Gesetzblatt 2020 Nr. 139	Haushaltsgesetz der Freien Hansestadt Bremen für das Haushaltsjahr 2021	S. 1401 - 1422	skip0900.html
2020	title	138	2020-12-03	/fastmedia/218/2020_12_03_GBl_Nr_0138_signed.pdf	1	Gesetzblatt 2020 Nr. 138	Haushaltsgesetz der Freien Hansestadt Bremen (Stadtgemeinde) für das Haushaltsjahr 2021	S. 1381 - 1400	skip0900.html
2020	title	137	2020-12-03	/fastmedia/218/2020_12_03_GBl_Nr_0137_signed.pdf	1	Gesetzblatt 2020 Nr. 137	Erstes Gesetz zur Änderung des Gesetzes zur Ausführung des Pflegeberufegesetzes, der Pflegeberufe-Ausbildungs- und Prüfungsverordnung und der Pflegeberufe-Ausbildungsfinanzierungsverordnung	S. 1379 - 1380	skip0900.html
2020	title	136	2020-12-03	/fastmedia/218/2020_12_03_GBl_Nr_0136_signed.pdf	1	Gesetzblatt 2020 Nr. 136	Gesetz zur Anpassung bildungsrechtlicher Regelungen an die Auswirkungen der Coronavirus-Pandemie für das Schuljahr 2020/2021	S. 1371 - 1378	skip0900.html
2020	title	135	2020-12-02	/fastmedia/218/2020_12_02_GBl_Nr_0135_signed.pdf	1	Gesetzblatt 2020 Nr. 135	Ortsgesetz zur Änderung der Verfassung für die Stadt Bremerhaven	S. 1370	skip0900.html
2020	title	134	2020-11-30	/fastmedia/218/2020_11_30_GBl_Nr_0134_signed.pdf	1	Gesetzblatt 2020 Nr. 134	Zweiundzwanzigste Verordnung zum Schutz vor Neuinfektionen mit dem Coronavirus SARS-CoV-2 (Zweiundzwanzigste Coronaverordnung)	S. 1340 - 1369	skip0900.html
2020	title	133	2020-11-30	/fastmedia/218/2020_11_30_GBl_Nr_0133_signed.pdf	1	Gesetzblatt 2020 Nr. 133	Zweite Verordnung zur Änderung der Gebührenverordnung für Hebammen und Entbindungspfleger	S. 1339	skip0900.html
2020	title	132	2020-11-24	/fastmedia/218/2020_11_24_GBl_Nr_0132_signed.pdf	1	Gesetzblatt 2020 Nr. 132	Verordnung zur Änderung der Verordnung zur Durchführung des Gesetzes über die Weiterbildung im Lande Bremen	S. 1337 - 1338	skip0900.html
2020	title	131	2020-11-19	/fastmedia/218/2020_11_19_GBl_Nr_0131_signed.pdf	1	Gesetzblatt 2020 Nr. 131	Berichtigung der Einundzwanzigsten Verordnung zum Schutz vor Neuinfektionen mit dem Coronavirus SARS-CoV-2 (Einundzwanzigste Coronaverordnung)	S. 1336	skip0900.html
2020	title	130	2020-11-18	/fastmedia/218/2020_11_18_GBl_Nr_0130_signed.pdf	1	Gesetzblatt 2020 Nr. 130	Verordnung über die zulässige Miethöhe gemäß § 556d Absatz 2 des Bürgerlichen Gesetzbuchs (Mietenbegrenzungsverordnung)	S. 1335	skip0900.html
2020	title	129	2020-11-17	/fastmedia/218/2020_11_17_GBl_Nr_0129_signed.pdf	1	Gesetzblatt 2020 Nr. 129	Einundzwanzigste Verordnung zum Schutz vor Neuinfektionen mit dem Coronavirus SARS-CoV-2 (Einundzwanzigste Coronaverordnung)	S. 1307 - 1334	skip0900.html
2020	title	128	2020-11-17	/fastmedia/218/2020_11_17_GBl_Nr_0128_signed.pdf	1	Gesetzblatt 2020 Nr. 128	Aufhebung der Verordnung über den Verwaltungskostenbeitrag nach dem Bremischen Hochschulgesetz	S. 1306	skip0900.html
2020	title	127	2020-11-10	/fastmedia/218/2020_11_10_GBl_Nr_0127_signed.pdf	1	Gesetzblatt 2020 Nr. 127	Zwanzigste Verordnung zum Schutz vor Neuinfektionen mit dem Coronavirus SARS-CoV-2 (Zwanzigste Coronaverordnung)	S. 1278 - 1305	skip0900.html
2020	title	126	2020-11-09	/fastmedia/218/2020_11_09_GBl_Nr_0126_signed.pdf	1	Gesetzblatt 2020 Nr. 126	Verordnung zur Änderung der Bremischen Hafengebührenordnung und der Bremischen Hafenordnung	S. 1270 - 1277	skip0900.html
2020	title	125	2020-11-03	/fastmedia/218/2020_11_03_GBl_Nr_0125_signed.pdf	1	Gesetzblatt 2020 Nr. 125	Verordnung zur Änderung der eAkten-Verordnung	S. 1268 - 1269	skip0900.html
2020	title	124	2020-11-03	/fastmedia/218/2020_11_03_GBl_Nr_0124_signed.pdf	1	Gesetzblatt 2020 Nr. 124	Siebzehnte Verordnung zur Änderung der Verordnung über die Aufteilung und Auszahlung des Gemeindeanteils an der Einkommensteuer und die Abführung der Gewerbesteuerumlage	S. 1267	skip0900.html
2020	title	123	2020-11-02	/fastmedia/218/2020_11_02_GBl_Nr_0123_signed.pdf	1	Gesetzblatt 2020 Nr. 123	Verordnung zur Änderung der Neunzehnten Coronaverordnung	S. 1265 - 1266	skip0900.html
2020	title	122	2020-10-31	/fastmedia/218/2020_10_31_GBl_Nr_0122_signed.pdf	1	Gesetzblatt 2020 Nr. 122	Berichtigung der Neunzehnten Verordnung zum Schutz vor Neuinfektionen	S. 1264	skip0900.html
2020	title	121	2020-10-31	/fastmedia/218/2020_10_31_GBl_Nr_0121_signed.pdf	1	Gesetzblatt 2020 Nr. 121	Neunzehnte Verordnung zum Schutz vor Neuinfektionen mit dem Coronavirus SARS-CoV-2 (Neunzehnte Coronaverordnung)	S. 1237 - 1263	skip0900.html
2020	title	120	2020-10-29	/fastmedia/218/2020_10_29_GBl_Nr_0120_signed.pdf	1	Gesetzblatt 2020 Nr. 120	Bekanntmachung über die Änderung von Zuständigkeiten	S. 1172 - 1236	skip0900.html
2020	title	119	2020-10-26	/fastmedia/218/2020_10_26_GBl_Nr_0119_signed.pdf	1	Gesetzblatt 2020 Nr. 119	Sechste Verordnung zur Änderung der Verordnung über die Aufteilung und Auszahlung des Gemeindeanteils an der Umsatzsteuer	S. 1171	skip0900.html
2020	title	118	2020-10-20	/fastmedia/218/2020_10_20_GBl_Nr_0118_signed.pdf	1	Gesetzblatt 2020 Nr. 118	Bremisches Ausführungsgesetz zu § 30 Absatz 2 des Infektionsschutzgesetzes	S. 1169 - 1170	skip0900.html
2020	title	117	2020-10-20	/fastmedia/218/2020_10_20_GBl_Nr_0117_signed.pdf	1	Gesetzblatt 2020 Nr. 117	Ortsgesetz zur Änderung des Ortsgesetzes über Beiräte und Ortsämter	S. 1167 - 1168	skip0900.html
2020	title	116	2020-10-16	/fastmedia/218/2020_10_16_GBl_Nr_0116_signed.pdf	1	Gesetzblatt 2020 Nr. 116	Dritte Verordnung zur Änderung der Achtzehnten Verordnung zum Schutz vor Neuinfektionen mit dem Coronavirus SARS-CoV-2	S. 1164 - 1166	skip0900.html
2020	title	115	2020-10-15	/fastmedia/218/2020_10_15_GBl_Nr_0115_signed.pdf	1	Gesetzblatt 2020 Nr. 115	Erste Verordnung zur Änderung der Kostenverordnung der Bildungsverwaltung	S. 1157 - 1163	skip0900.html
2020	title	114	2020-10-15	/fastmedia/218/2020_10_15_GBl_Nr_0114_signed.pdf	1	Gesetzblatt 2020 Nr. 114	Verordnung zur Änderung der Verordnung zur Ausführung des Waffengesetzes	S. 1156	skip0900.html
2020	title	113	2020-10-15	/fastmedia/218/2020_10_15_GBl_Nr_0113_signed.pdf	1	Gesetzblatt 2020 Nr. 113	Erste Verordnung zur Änderung der Kostenverordnung der Wissenschaftsverwaltung	S. 1115 - 1155	skip0900.html
2020	title	112	2020-10-13	/fastmedia/218/2020_10_13_GBl_Nr_0112_signed.pdf	1	Gesetzblatt 2020 Nr. 112	Zweite Verordnung zur Änderung der Achtzehnten Verordnung zum Schutz vor Neuinfektionen mit dem Coronavirus SARS-CoV-2	S. 1113 - 1114	skip0900.html
2020	title	111	2020-10-12	/fastmedia/218/2020_10_12_GBl_Nr_0111_signed.pdf	1	Gesetzblatt 2020 Nr. 111	Verordnung zur Änderung der Achtzehnten Verordnung zum Schutz vor Neuinfektionen mit dem Coronavirus SARS-CoV-2	S. 1111 - 1112	skip0900.html
2020	title	110	2020-10-08	/fastmedia/218/2020_10_08_GBl_Nr_0110_signed.pdf	1	Gesetzblatt 2020 Nr. 110	Verordnung über die Einstufungsprüfung zum Erwerb der fachgebundenen Hochschulreife an der Hochschule für Öffentliche Verwaltung	S. 1108 - 1110	skip0900.html
2020	title	109	2020-10-07	/fastmedia/218/2020_10_07_GBl_Nr_0109_signed.pdf	1	Gesetzblatt 2020 Nr. 109	Achtzehnte Verordnung zum Schutz vor Neuinfektionen mit dem Coronavirus SARS-CoV-2 (Achtzehnte Coronaverordnung)	S. 1086 - 1107	skip0900.html
2020	title	108	2020-10-07	/fastmedia/218/2020_10_07_GBl_Nr_0108_signed.pdf	1	Gesetzblatt 2020 Nr. 108	Gesetz zum Staatsvertrag zur Modernisierung der Medienordnung in Deutschland	S. 974 - 1085	skip0900.html
2020	title	107	2020-10-07	/fastmedia/218/2020_10_07_GBl_Nr_0107_signed.pdf	1	Gesetzblatt 2020 Nr. 107	Gesetz zur Änderung des Änderungsgesetzes über die Errichtung einer Anstalt zur Bildung einer Rücklage für Versorgungsvorsorge der Freien Hansestadt Bremen	S. 973	skip0900.html
2020	title	106	2020-10-07	/fastmedia/218/2020_10_07_GBl_Nr_0106_signed.pdf	1	Gesetzblatt 2020 Nr. 106	Gesetz zur Änderung des Gesetzes zur Umsetzung der Richtlinie (EU) 2016/680 zum Schutz natürlicher Personen bei der Verarbeitung personenbezogener Daten durch die zuständigen Behörden zum Zwecke der Verhütung, Ermittlung, Aufdeckung oder Verfolgung von Straftaten oder Strafvollstreckung sowie zum freien Datenverkehr und zur Aufhebung des Rahmenbeschlusses 2008/977/JI des Rates und der Richtlinie (EU) 2016/800 über Verfahrensgarantien für Kinder, die Verdächtige oder beschuldigte Personen in Strafverfahren sind, im Justizvollzug sowie zur Änderung vollzugsrechtlicher Vorschriften	S. 967 - 972	skip0900.html
2020	title	105	2020-10-02	/fastmedia/218/2020_10_02_GBl_Nr_0105_signed.pdf	1	Gesetzblatt 2020 Nr. 105	Gesetz zur Änderung der Bremischen Landesbauordnung	S. 963 - 966	skip0900.html
2020	title	104	2020-10-02	/fastmedia/218/2020_10_02_GBl_Nr_0104_signed.pdf	1	Gesetzblatt 2020 Nr. 104	Gesetz zur Einführung vorübergehender vergaberechtlicher Erleichterungen	S. 960 - 962	skip0900.html
2020	title	103	2020-10-02	/fastmedia/218/2020_10_02_GBl_Nr_0103_signed.pdf	1	Gesetzblatt 2020 Nr. 103	Gesetz über eine Landesbeauftragte oder einen Landesbeauftragten für die Opfer von Gewalttaten und deren Angehörige (Opferanlaufstellengesetz)	S. 956 - 959	skip0900.html
2020	title	102	2020-10-01	/fastmedia/218/2020_10_01_GBl_Nr_0102_signed.pdf	1	Gesetzblatt 2020 Nr. 102	Verordnung zur Änderung der Siebzehnten Verordnung zum Schutz vor Neuinfektionen mit dem Coronavirus SARS-CoV-2	S. 954 - 955	skip0900.html
2020	title	101	2020-10-01	/fastmedia/218/2020_10_01_GBl_Nr_0101_signed.pdf	1	Gesetzblatt 2020 Nr. 101	Verordnung über die Ermittlungspersonen der Staatsanwaltschaft	S. 948 - 953	skip0900.html
2020	title	100	2020-10-01	/fastmedia/218/2020_10_01_GBl_Nr_0100_signed.pdf	1	Gesetzblatt 2020 Nr. 100	Elftes Ortsgesetz zur Änderung der Kostenordnung für die Feuerwehr der Stadt Bremerhaven (Feuerwehrkostenordnung)	S. 946 - 947	skip0900.html
2020	title	99	2020-09-28	/fastmedia/218/2020_09_28_GBl_Nr_0099_signed.pdf	1	Gesetzblatt 2020 Nr. 99	Verordnung zur weiteren Verlängerung der zulässigen Befristungsdauer nach § 117 Absatz 1 Satz 4, § 118 Absatz 1 Satz 3 und § 118a Absatz 1 Satz 3 des Bremischen Beamtengesetzes aus Anlass der COVID-19-Pandemie (Befristungsdauer-Verlängerungs-Verordnung)	S. 945	skip0900.html
2020	title	98	2020-09-15	/fastmedia/218/2020_09_15_GBl_Nr_0098_signed.pdf	1	Gesetzblatt 2020 Nr. 98	Siebzehnte Verordnung zum Schutz vor Neuinfektionen mit dem Coronavirus SARS-CoV-2 (Siebzehnte Coronaverordnung)	S. 925 - 944	skip0900.html
2020	title	97	2020-09-11	/fastmedia/218/2020_09_11_GBl_Nr_0097_signed.pdf	1	Gesetzblatt 2020 Nr. 97	Verordnung zur Ermächtigung zum Erlass von Prüfungsordnungen und Fortbildungsprüfungsregelungen durch den Senator für Finanzen als zuständige Stelle im Bereich des öffentlichen Dienstes nach § 73 Absatz 2 des Berufsbildungsgesetzes und im Bereich der Hauswirtschaft nach § 71 Absatz 8 des Berufsbildungsgesetzes	S. 924	skip0900.html
2020	title	96	2020-09-10	/fastmedia/218/2020_09_10_GBl_Nr_0096_signed.pdf	1	Gesetzblatt 2020 Nr. 96	Zweite Verordnung zur Änderung der Verordnung über die Ferien für die Schulen der Stadtgemeinden Bremen und Bremerhaven für die Schuljahre 2017/2018 bis 2023/2024	S. 923	skip0900.html
2020	title	95	2020-09-08	/fastmedia/218/2020_09_08_GBl_Nr_0095_signed.pdf	1	Gesetzblatt 2020 Nr. 95	Sechzehnte Verordnung zum Schutz vor Neuinfektionen mit dem Coronavirus SARS-CoV-2 (Sechzehnte Coronaverordnung)	S. 903 - 922	skip0900.html
2020	title	94	2020-09-07	/fastmedia/218/2020_09_07_GBl_Nr_0094_signed.pdf	1	Gesetzblatt 2020 Nr. 94	Verordnung über den Nachweis der künstlerischen Befähigung beim Hochschulzugang	S. 901 - 902	skip0900.html
2020	title	93	2020-09-02	/fastmedia/218/2020_09_02_GBl_Nr_0093_signed.pdf	1	Gesetzblatt 2020 Nr. 93	Fünfzehnte Verordnung zum Schutz vor Neuinfektionen mit dem Coronavirus SARS-CoV-2 (Fünfzehnte Coronaverordnung)	S. 881 - 900	skip0900.html
2020	title	92	2020-08-31	/fastmedia/218/2020_08_31_GBl_Nr_0092_signed.pdf	1	Gesetzblatt 2020 Nr. 92	Bekanntmachung über das Inkrafttreten des Staatsvertrags über datenschutzrechtliche Anpassungen am "Dataport-Staatsvertrag" zwischen dem Land Schleswig-Holstein, der Freien und Hansestadt Hamburg, dem Land Mecklenburg-Vorpommern, der Freien Hansestadt Bremen, dem Land Niedersachsen und dem Land Sachsen-Anhalt	S. 880	skip0900.html
2020	title	91	2020-08-31	/fastmedia/218/2020_08_31_GBl_Nr_0091_signed.pdf	1	Gesetzblatt 2020 Nr. 91	Zweite Verordnung zur Änderung der Vierzehnten Verordnung zum Schutz vor Neuinfektionen mit dem Coronavirus SARS-CoV-2	S. 879	skip0900.html
2020	title	90	2020-08-31	/fastmedia/218/2020_08_31_GBl_Nr_0090_signed.pdf	1	Gesetzblatt 2020 Nr. 90	Haushaltssatzung der Stadt Bremerhaven für das Haushaltsjahr 2020	S. 862 - 878	skip0900.html
2020	title	89	2020-08-31	/fastmedia/218/2020_08_31_GBl_Nr_0089_signed.pdf	1	Gesetzblatt 2020 Nr. 89	Verordnung zur Änderung der Verordnung zur Übertragung von Zuständigkeiten im Bereich der beruflichen Bildung (Berufsbildungszuständigkeitsverordnung)	S. 860 - 861	skip0900.html
2020	title	88	2020-08-28	/fastmedia/218/2020_08_28_GBl_Nr_0088_signed.pdf	1	Gesetzblatt 2020 Nr. 88	Verordnung über die Schiedsstelle nach dem Neunten Buch Sozialgesetzbuch (SGB IX-SchV)	S. 853 - 859	skip0900.html
2020	title	87	2020-08-28	/fastmedia/218/2020_08_28_GBl_Nr_0087_signed.pdf	1	Gesetzblatt 2020 Nr. 87	Verordnung zur Änderung dienstrechtlicher Vorschriften	S. 841 - 852	skip0900.html
2020	title	86	2020-08-27	/fastmedia/218/2020_08_27_GBl_Nr_0086_signed.pdf	1	Gesetzblatt 2020 Nr. 86	Verordnung zur Änderung der Vierzehnten Verordnung zum Schutz vor Neuinfektionen mit dem Coronavirus SARS-CoV-2	S. 840	skip0900.html
2020	title	85	2020-08-27	/fastmedia/218/2020_08_27_GBl_Nr_0085_signed.pdf	1	Gesetzblatt 2020 Nr: 85	Verordnung zur Änderung der Verordnung über den Ladenschluss im Gebiet zwischen Alter Hafen, Museumshafen und Weser in der Stadt Bremerhaven vom 01.04.2020 bis 31.12.2020	S. 839	skip0900.html
2020	title	84	2020-08-25	/fastmedia/218/2020_08_25_GBl_Nr_0084_signed.pdf	1	Gesetzblatt 2020 Nr. 84	Vierzehnte Verordnung zum Schutz vor Neuinfektionen mit dem Coronavirus SARS-CoV-2 (Vierzehnte Coronaverordnung)	S. 819 - 838	skip0900.html
2020	title	83	2020-08-21	/fastmedia/218/2020_08_21_GBl_Nr_0083_signed.pdf	1	Gesetzblatt 2020 Nr. 83	Bekanntmachung einer Entscheidung des Oberverwaltungsgerichts der Freien Hansestadt Bremen im Wege des einstweiligen Rechtsschutzes über das Verbot zur Öffnung von Shisha-Barsauf Grund der Zwölften Coronaverordnung	S. 818	skip0900.html
2020	title	82	2020-08-06	/fastmedia/218/2020_08_06_GBl_Nr_0082_signed.pdf	1	Gesetzblatt 2020 Nr. 82	Dreizehnte Verordnung zum Schutz vor Neuinfektionen mit dem Coronavirus SARS-CoV-2 (Dreizehnte Coronaverordnung)	S. 798 - 817	skip0900.html
2020	title	81	2020-08-04	/fastmedia/218/2020_08_04_GBl_Nr_0081_signed.pdf	1	Gesetzblatt 2020 Nr. 81	Verordnung zur Änderung der eAkten-Verordnung	S. 797	skip0900.html
2020	title	80	2020-07-31	/fastmedia/218/2020_07_31_GBl_Nr_0080_signed.pdf	1	Gesetzblatt 2020 Nr. 80	Verordnung zur Änderung der Zwölften Verordnung zum Schutz vor Neuinfektionen mit dem Coronavirus SARS-CoV-2 (Zwölfte Coronaverordnung)	S. 796	skip0900.html
2020	title	79	2020-07-27	/fastmedia/218/2020_07_27_GBl_Nr_0079_signed.pdf	1	Gesetzblatt 2020 Nr. 79	Berichtigung des Gesetzes zur Änderung des Bremischen Besoldungsgesetzes	S. 795	skip0900.html
2020	title	78	2020-07-27	/fastmedia/218/2020_07_27_GBl_Nr_0078_signed.pdf	1	Gesetzblatt 2020 Nr. 78	Gesetz zur Änderung des Gesetzes über die Errichtung einer Anstalt zur Bildung einer Rücklage für Versorgungsvorsorge der Freien Hansestadt Bremen	S. 792 - 794	skip0900.html
2020	title	77	2020-07-23	/fastmedia/218/2020_07_23_GBl_Nr_0077_signed.pdf	1	Gesetzblatt 2020 Nr. 77	16. Verordnung zur Änderung der Finanzämter-Zuständigkeitsverordnung	S. 790 - 791	skip0900.html
2020	title	76	2020-07-23	/fastmedia/218/2020_07_23_GBl_Nr_0076_signed.pdf	1	Gesetzblatt 2020 Nr. 76	Gesetz zur Änderung des Bremischen Besoldungsgesetzes	S. 789	skip0900.html
2020	title	75	2020-07-23	/fastmedia/218/2020_07_23_GBl_Nr_0075_signed.pdf	1	Gesetzblatt 2020 Nr. 75	Gesetz zur Umsetzung der Richtlinie (EU) 2016/680 zum Schutz natürlicher Personen bei der Verarbeitung personenbezogener Daten durch die	S. 721 - 788	skip0900.html
2020	title	74	2020-07-23	/fastmedia/218/2020_07_23_GBl_Nr_0074_signed.pdf	1	Gesetzblatt 2020 Nr. 74	Gesetz zur Änderung hochschulrechtlicher Bestimmungen im Zusammenhang mit den Anforderungen aus der Corona-Krise	S. 712 - 720	skip0900.html
2020	title	73	2020-07-22	/fastmedia/218/2020_07_22_GBl_Nr_0073_signed.pdf	1	Gesetzblatt 2020 Nr. 73	Zwölfte Verordnung zum Schutz vor Neuinfektionen mit dem Coronavirus SARS-CoV-2 (Zwölfte Coronaverordnung)	S. 691 - 711	skip0900.html
2020	title	72	2020-07-22	/fastmedia/218/2020_07_22_GBl_Nr_0072_signed.pdf	1	Gesetzblatt 2020 Nr. 72	20. Gesetz zur Änderung dienstrechtlicher Vorschriften	S. 671 - 690	skip0900.html
2020	title	71	2020-07-22	/fastmedia/218/2020_07_22_GBl_Nr_0071_signed.pdf	1	Gesetzblatt 2020 Nr. 71	Haushaltsgesetz der Freien Hansestadt Bremen für das Haushaltsjahr 2020	S. 650 - 670	skip0900.html
2020	title	70	2020-07-22	/fastmedia/218/2020_07_22_GBl_Nr_0070_signed.pdf	1	Gesetzblatt 2020 Nr. 70	Haushaltsgesetz der Freien Hansestadt Bremen (Stadtgemeinde) für das Haushaltsjahr 2020	S. 630 - 649	skip0900.html
2020	title	69	2020-07-21	/fastmedia/218/2020_07_21_GBl_Nr_0069_signed.pdf	1	Gesetzblatt 2020 Nr. 69	Gesetz zur Änderung der Landeshaushaltsordnung	S. 617 - 629	skip0900.html
2020	title	68	2020-07-21	/fastmedia/218/2020_07_21_GBl_Nr_0068_signed.pdf	1	Gesetzblatt 2020 Nr. 68	Bekanntmachung über die Zuständigkeiten nach der Straßenverkehrs-Zulassungs-Ordnung sowie der Verordnung über die Zulassung von Fahrzeugen zum Straßenverkehr	S. 615 - 616	skip0900.html
2020	title	67	2020-07-21	/fastmedia/218/2020_07_21_GBl_Nr_0067_signed.pdf	1	Gesetzblatt 2020 Nr. 67	Elfte Verordnung zur Änderung der Kostenverordnung für die innere Verwaltung	S. 575 - 614	skip0900.html
2020	title	66	2020-07-21	/fastmedia/218/2020_07_21_GBl_Nr_0066_signed.pdf	1	Gesetzblatt 2020 Nr. 66	Sechste Verordnung zur Änderung der Taxentarifverordnung der Stadtgemeinde Bremen	S. 573 - 574	skip0900.html
2020	title	65	2020-07-14	/fastmedia/218/2020_07_14_GBl_Nr_0065_signed.pdf	1	Gesetzblatt 2020 Nr. 65	Elfte Verordnung zum Schutz vor Neuinfektionen mit dem Coronavirus SARS-CoV-2 (Elfte Coronaverordnung)	S. 552 - 572	skip0900.html
2020	title	64	2020-07-14	/fastmedia/218/2020_07_14_GBl_Nr_0064_signed.pdf	1	Gesetzblatt 2020 Nr. 64	Zweite Verordnung zur Änderung der Verordnung über die Fachschule für Sozialpädagogik	S. 546 - 551	skip0900.html
2020	title	63	2020-07-13	/fastmedia/218/2020_07_13_GBl_Nr_0063_signed.pdf	1	Gesetzblatt 2020 Nr. 63	Zweite Verordnung zur Änderung der Ordnung zur staatlichen Anerkennung der Sozialpädagoginnen/Sozialarbeiterinnen und Sozialpädagogen/Sozialarbeiter im Lande Bremen	S. 544 - 545	skip0900.html
2020	title	62	2020-07-13	/fastmedia/218/2020_07_13_GBl_Nr_0062_signed.pdf	1	Gesetzblatt 2020 Nr. 62	Neufassung der Ordnung zur staatlichen Anerkennung von Erzieherinnen und Erziehern und Heilerziehungspflegerinnen und Heilerziehungspfleger	S. 531 - 543	skip0900.html
2020	title	61	2020-07-08	/fastmedia/218/2020_07_08_GBl_Nr_0061_signed.pdf	1	Gesetzblatt 2020 Nr. 61	Verordnung über die Festlegung der Zulassungszahlen zum Vorbereitungsdienst für die Lehrämter an öffentlichen Schulen und zu den Ausgleichsmaßnahmen und den lehramtsbezogenen Qualifizierungsmaßnahmen für Lehrkräfte mit einer ausländischen Lehrkräfteberufsqualifikation im Lande Bremen	S. 526 - 530 	skip0900.html
2020	title	60	2020-07-03	/fastmedia/218/2020_07_03_GBl_Nr_0060_signed.pdf	1	Gesetzblatt 2020 Nr. 60	Liste der Öffentlich bestellten Vermessungsingenieure	S. 525	skip0900.html
2020	title	59	2020-07-01	/fastmedia/218/2020_07_01_GBl_Nr_0059_signed.pdf	1	Gesetzblatt 2020 Nr. 59	Zehnte Verordnung zum Schutz vor Neuinfektionen mit dem Coronavirus SARS-CoV-2 (Zehnte Coronaverordnung)		skip0900.html
2020	title	58	2020-06-30	/fastmedia/218/2020_06_30_GBl_Nr_0058_signed.pdf	1	Gesetzblatt 2020 Nr. 58	Erste Änderung der Studienplatzvergabeverordnung	S. 498 - 503	skip1000.html
2020	title	57	2020-06-25	/fastmedia/218/2020_06_25_GBl_Nr_0057_signed.pdf	1	Gesetzblatt 2020 Nr. 57	Neunte Verordnung zum Schutz vor Neuinfektionen mit dem Coronavirus SARS-CoV-2 (Neunte Coronaverordnung)	S. 470 - 497	skip1000.html
2020	title	56	2020-06-23	/fastmedia/218/2020_06_23_GBl_Nr_0056_signed.pdf	1	Gesetzblatt 2020 Nr. 56	Gesetz zur Änderung des Bremischen Abgeordnetengesetzes	S. 469	skip1000.html
2020	title	55	2020-06-23	/fastmedia/218/2020_06_23_GBl_Nr_0055_signed.pdf	1	Gesetzblatt 2020 Nr. 55	Gesetz zur Änderung der Landesverfassung der Freien Hansestadt Bremen	S. 468	skip1000.html
2020	title	54	2020-06-23	/fastmedia/218/2020_06_23_GBl_Nr_0054_signed.pdf	1	Gesetzblatt 2020 Nr. 54	Erstes Ortsgesetz zur Änderung des Ortsgesetzes über die Beiträge für die Kindergärten und Horte der Stadtgemeinde Bremen	S. 467	skip1000.html
2020	title	53	2020-06-22	/fastmedia/218/2020_06_22_GBl_Nr_0053_signed.pdf	1	Gesetzblatt 2020 Nr. 53	Anpassung der Entschädigung für die Mitglieder der Bremischen Bürgerschaft	S. 466	skip1000.html
2020	title	52	2020-06-22	/fastmedia/218/2020_06_22_GBl_Nr_0052_signed.pdf	1	Gesetzblatt 2020 Nr. 52	Anpassung der Aufwandsentschädigung für die nicht der Bürgerschaft (Landtag) angehörenden Mitglieder der Stadtbürgerschaft	S. 465	skip1000.html
2020	title	51	2020-06-17	/fastmedia/218/2020_06_17_GBl_Nr_0051_signed.pdf	1	Gesetzblatt 2020 Nr. 51	Bekanntmachung über das Inkrafttreten des Dreiundzwanzigsten Staatsvertrages zwischen den Ländern Baden-Württemberg, Freistaat Bayern, Berlin, Brandenburg, Freie und Hansestadt Hamburg, Hessen, Mecklenburg-Vorpommern, Niedersachsen, Nordrhein-Westfalen, Rheinland-Pfalz, Saarland, Freistaat Sachsen, Sachsen-Anhalt, Schleswig-Holstein, Freistaat Thüringen und Freie Hansestadt Bremen zur Änderung rundfunkrechtlicher Staatsverträge	S. 464	skip1000.html
2020	title	50	2020-06-16	/fastmedia/218/2020_06_16_GBl_Nr_0050_signed.pdf	1	Gesetzblatt 2020 Nr. 50	Achte Verordnung zum Schutz vor Neuinfektionen mit dem Coronavirus SARS-CoV-2 (Achte Coronaverordnung)	S. 436 - 463	skip1000.html
2020	title	49	2020-06-15	/fastmedia/218/2020_06_15_GBl_Nr_0049_signed.pdf	1	Gesetzblatt 2020 Nr. 49	Verordnung zur Änderung der Verordnung zur Durchführung des Gesetzes über die Weiterbildung im Lande Bremen	S. 435	skip1000.html
2020	title	48	2020-06-11	/fastmedia/218/2020_06_11_GBl_Nr_0048_signed.pdf	1	Gesetzblatt 2020 Nr. 48	Verordnung zur Änderung der eAkten-Verordnung	S. 434	skip1000.html
2020	title	47	2020-06-09	/fastmedia/218/2020_06_09_GBl_Nr_0047_signed.pdf	1	Gesetzblatt 2020 Nr. 47	Siebente Verordnung zum Schutz vor Neuinfektionen mit dem Coronavirus SARS-CoV-2 (Siebente Coronaverordnung)	S. 405 - 433	skip1000.html
2020	title	46	2020-06-09	/fastmedia/218/2020_06_09_GBl_Nr_0046_signed.pdf	1	Gesetzblatt 2020 Nr. 46	Verordnung über die Landesmindestlohnkommission	S. 402 - 404	skip1000.html
2020	title	45	2020-06-02	/fastmedia/218/2020_06_02_GBl_Nr_0045_signed.pdf	1	Gesetzblatt 2020 Nr. 45	Sechste Verordnung zum Schutz vor Neuinfektionen mit dem Coronavirus SARS-CoV-2 (Sechste Coronaverordnung)	S. 374 - 401	skip1000.html
2020	title	44	2020-05-28	/fastmedia/218/2020_05_28_GBl_Nr_0044_signed.pdf	1	Gesetzblatt 2020 Nr. 44	Erste Verordnung zur Änderung der Verordnung über Zuständigkeiten von Amtsgerichten	S. 373	skip1000.html
2020	title	43	2020-05-26	/fastmedia/218/2020_05_26_GBl_Nr_0043_signed.pdf	1	Gesetzblatt 2020 Nr. 43	Fünfte Verordnung zum Schutz vor Neuinfektionen mit dem Coronavirus SARS-CoV-2 (Fünfte Coronaverordnung)	S. 346 - 372	skip1000.html
2020	title	42	2020-05-22	/fastmedia/218/2020_05_22_GBl_Nr_0042_signed.pdf	1	Gesetzblatt 2020 Nr. 42	Verordnung über den Ladenschluss im Gebiet zwischen Alter Hafen, Museumshafen und Weser in der Stadt Bremerhaven vom 01.04.2020 bis 31.12.2020	S. 345	skip1000.html
2020	title	41	2020-05-22	/fastmedia/218/2020_05_22_GBl_Nr_0041_signed.pdf	1	Gesetzblatt 2020 Nr. 41	Gesetz zur Anpassung bildungsrechtlicher Regelungen an die Auswirkungen der Coronavirus-Pandemie	S. 339 - 344	skip1000.html
2020	title	40	2020-05-22	/fastmedia/218/2020_05_22_GBl_Nr_0040_signed.pdf	1	Gesetzblatt 2020 Nr. 40	Gesetz zur Änderung des Kirchensteuergesetzes	S. 338	skip1000.html
2020	title	39	2020-05-19	/fastmedia/218/2020_05_19_GBl_Nr_0039_signed.pdf	1	Gesetzblatt 2020 Nr. 39	Vierte Verordnung zum Schutz vor Neuinfektionen mit dem Coronavirus SARS-CoV-2 (Vierte Coronaverordnung)	S. 314 - 337	skip1000.html
2020	title	38	2020-05-14	/fastmedia/218/2020_05_14_GBl_Nr_0038_signed.pdf	1	Gesetzblatt 2020 Nr. 38	Bremische Verordnung über die Ausbildung und Prüfung für die Laufbahngruppe 2, erstes Einstiegsamt in der Fachrichtung Polizei	S. 295 - 313	skip1000.html
2020	title	37	2020-05-13	/fastmedia/218/2020_05_13_GBl_Nr_0037_signed.pdf	1	Gesetzblatt 2020 Nr. 37	Ortsgesetz zur Änderung des Ortsgesetzes über Beiräte und Ortsämter	S. 294	skip1000.html
2020	title	36	2020-05-13	/fastmedia/218/2020_05_13_GBl_Nr_0036_signed.pdf	1	Gesetzblatt 2020 Nr. 36	Verordnung zur Änderung der Dritten Verordnung zum Schutz vor Neuinfektionen mit dem Coronavirus SARS-CoV-2 (Dritte Coronaverordnung)	S. 293	skip1000.html
2020	title	35	2020-05-12	/fastmedia/218/2020_05_12_GBl_Nr_0035_signed.pdf	1	Gesetzblatt 2020 Nr. 35	Verordnung zur Änderung der Verordnung über die zuständigen Behörden nach dem Infektionsschutzgesetz	S. 292	skip1000.html
2020	title	34	2020-05-12	/fastmedia/218/2020_05_12_GBl_Nr_0034_signed.pdf	1	Gesetzblatt 2020 Nr. 34	Dritte Verordnung zum Schutz vor Neuinfektionen mit dem Coronavirus SARS-CoV-2 (Dritte Coronaverordnung)	S. 269 - 291	skip1000.html
2020	title	33	2020-05-08	/fastmedia/218/2020_05_08_GBl_Nr_0033_signed.pdf	1	Gesetzblatt 2020 Nr. 33	Verordnung über das Verfahren zur Bestimmung der Konjunkturkomponente sowie ihrer Bestandteile nach § 18a Absatz 7 der Landeshaushaltsordnung (Konjunkturbereinigungsverfahrensverordnung – KBVV)	S. 265 - 268	skip1000.html
2020	title	32	2020-05-05	/fastmedia/218/2020_05_05_GBl_Nr_0032_signed.pdf	1	Gesetzblatt 2020 Nr. 32	Zweite Verordnung zum Schutz vor Neuinfektionen mit dem Coronavirus SARS-CoV-2 (Zweite Coronaverordnung)	S. 244 - 264	skip1000.html
2020	date	31	2020-04-29	/fastmedia/218/2020_04_29_GBl_Nr_0031_signed.pdf	1	Gesetzblatt Nr. 31	Dritte Verordnung zur Änderung der Verordnung zum Schutz vor Neuinfektionen mit dem Coronavirus SARS-CoV-2	S. 241 - 243	skip1000.html
2020	title	30	2020-04-29	/fastmedia/218/2020_04_29_GBl_Nr_0030_signed.pdf	1	Gesetzblatt 2020 Nr. 30	Anordnung zur Änderung der Anordnung des Senats zur Übertragung von dienstrechtlichen Befugnissen	S. 239 - 240	skip1000.html
2020	title	29	2020-04-27	/fastmedia/218/2020_04_27_GBl_Nr_0029_signed.pdf	1	Gesetzblatt 2020 Nr. 29	Verordnung zum Bremischen Behindertengleichstellungsrecht	S. 228 - 238	skip1000.html
2020	title	28	2020-04-24	/fastmedia/218/2020_04_24_GBl_Nr_0028_signed.pdf	1	Gesetzblatt 2020 Nr. 28	Zweite Verordnung zur Änderung der Verordnung zum Schutz vor Neuinfektionen mit dem Coronavirus SARS-CoV-2	S. 226 - 227	skip1000.html
2020	title	27	2020-04-21	/fastmedia/218/2020_04_21_GBl_Nr_0027_signed.pdf	1	Gesetzblatt 2020 Nr. 27	Verordnung zur Änderung der Verordnung zum Schutz vor Neuinfektionen	S. 224 - 225	skip1000.html
2020	title	26	2020-04-17	/fastmedia/218/2020_04_17_GBl_Nr_0026_signed.pdf	1	Gesetzblatt 2020 Nr. 26	Verordnung zum Schutz vor Neuinfektionen mit dem Coronavirus SARS-CoV-2 (Coronaverordnung)	S. 205 - 223	skip1000.html
2020	title	25	2020-04-16	/fastmedia/218/2020_04_16_GBl_Nr_0025_signed.pdf	1	Gesetzblatt 2020 Nr. 25	Erste Verordnung zur Änderung der Bremischen Verordnung über die Ausbildung und Prüfung für die Laufbahngruppe 2, erstes Einstiegsamt in der Fachrichtung Allgemeine Dienste	S. 203 - 204	skip1000.html
2020	title	24	2020-04-14	/fastmedia/218/2020_04_14_GBl_Nr_0024_signed.pdf	1	Gesetzblatt 2020 Nr. 24	Verordnung zur Änderung der eAkten-Verordnung	S. 202	skip1000.html
2020	title	23	2020-04-09	/fastmedia/218/2020_04_09_GBl_Nr_0023_signed.pdf	1	Gesetzblatt 2020 Nr. 23	Verordnung zur Änderung der Verordnung zum Schutz vor Neuinfektionen mit dem Coronavirus SARS-CoV-2	S. 198 - 201	skip1000.html
2020	title	22	2020-04-07	/fastmedia/218/2020_04_07_GBl_Nr_0022_signed.pdf	1	Gesetzblatt 2020 Nr. 22	Gesetz zum vierten Staatsvertrag zur Änderung des Dataport-Staatsvertrages	S. 193 - 197	skip1000.html
2020	title	21	2020-04-07	/fastmedia/218/2020_04_07_GBl_Nr_0021_signed.pdf	1	Gesetzblatt 2020 Nr. 21	Gesetz zur Änderung des Krebsregistergesetzes	S. 192	skip1000.html
2020	title	20	2020-04-07	/fastmedia/218/2020_04_07_GBl_Nr_0020_signed.pdf	1	Gesetzblatt 2020 Nr. 20	Gesetz zur Ausführung des Transplantationsgesetzes und zur Änderung des Heilberufsgesetzes	S. 185 - 191	skip1000.html
2020	title	19	2020-04-03	/fastmedia/218/2020_04_03_GBl_Nr_0019_signed.pdf	1	Gesetzblatt 2020 Nr. 19	Verordnung zum Schutz vor Neuinfektionen mit dem Coronavirus SARS-CoV-2	S. 168 - 184	skip1000.html
2020	title	18	2020-04-02	/fastmedia/218/2020_04_02_GBl_Nr_0018_signed.pdf	1	Gesetzblatt 2020 Nr. 18	Verordnung über die Fachschule für Heilerziehungspflege	S. 150 - 167	skip1000.html
2020	title	17	2020-04-01	/fastmedia/218/2020_04_01_GBl_Nr_0017_signed.pdf	1	Gesetzblatt 2020 Nr. 17	25. Ortsgesetz zur Änderung der Kostenordnung für die Feuerwehr der Stadtgemeinde Bremen	S. 149	skip1000.html
2020	title	16	2020-04-01	/fastmedia/218/2020_04_01_GBl_Nr_0016_signed.pdf	1	Gesetzblatt 2020 Nr. 16	Ortsgesetz zur Änderung des Entwässerungsgebührenortsgesetzes	S. 148	skip1000.html
2020	title	15	2020-03-26	/fastmedia/218/2020_03_26_GBl_Nr_0015_signed.pdf	1	Gesetzblatt 2020 Nr. 15	Bekanntmachung der Neufassung der Bremischen Beihilfeverordnung	S. 60 - 147	skip1000.html
2020	title	14	2020-03-26	/fastmedia/218/2020_03_26_GBl_Nr_0014_signed.pdf	1	Gesetzblatt 2020 Nr. 14	Verordnung über die Aufwandsentschädigung der Interessenvertretungen für Menschen mit Behinderung in der Vertragskommission Neuntes Buch Sozialgesetzbuch und ihren Unterkommissionen zur Umsetzung des Bundesteilhabegesetztes (Aufwandsentschädigungsverordnung)	S. 58 - 59	skip1000.html
2020	title	13	2020-03-13	/fastmedia/218/2020_03_13_GBl_Nr_0013_signed.pdf	1	Gesetzblatt 2020 Nr. 13	Verordnung über die Festlegung der Zulassungszahlen zum Vorbereitungsdienst für die Lehrämter an öffentlichen Schulen und zu den Ausgleichsmaßnahmen und den lehramtsbezogenen Qualifizierungsmaßnahmen für Lehrkräfte mit einer ausländischen Lehrkräfteberufsqualifikation im Lande Bremen	S. 53 - 57	skip1000.html
2020	title	12	2020-03-13	/fastmedia/218/2020_03_13_GBl_Nr_0012_signed.pdf	1	Gesetzblatt 2020 Nr. 12	Gesetz zur staatlichen Anerkennung des Tags der Befreiung vom Nationalsozialismus und der Beendigung des Zweiten Weltkrieges in Europa als Gedenktag	S. 52	skip1000.html
2020	title	11	2020-03-13	/fastmedia/218/2020_03_13_GBl_Nr_0011_signed.pdf	1	Gesetzblatt 2020 Nr. 11	Gesetz zum Dreiundzwanzigsten Rundfunkänderungsstaatsvertrag	S. 42	skip1000.html
2020	title	10	2020-03-13	/fastmedia/218/2020_03_13_GBl_Nr_0010_signed.pdf	1	Gesetzblatt 2020 Nr. 10	Fünftes Gesetz zur Änderung des Landesmindestlohngesetzes	S. 41	skip1000.html
2020	title	9	2020-03-12	/fastmedia/218/2020_03_12_GBl_Nr_0009_signed.pdf	1	Gesetzblatt 2020 Nr. 9	Gesetz zur Änderung des Bremischen Architektengesetzes und des Bremischen Ingenieurgesetzes	S. 26 - 40	skip1000.html
2020	title	8	2020-03-12	/fastmedia/218/2020_03_12_GBl_Nr_0008_signed.pdf	1	Gesetzblatt 2020 Nr. 8	Ortsgesetz zur Änderung des Ortsgesetzes zur Gründung einer Anstalt öffentlichen Rechts für die öffentliche Abfallentsorgung und Straßenreinigung	S. 25	skip1000.html
2020	title	7	2020-03-12	/fastmedia/218/2020_03_12_GBl_Nr_0007_signed.pdf	1	Gesetzblatt 2020 Nr. 7	Bremische Verordnung über den Betrieb eines Drogenkonsumraums	S. 18 - 24	skip1000.html
2020	title	6	2020-02-12	/fastmedia/218/2020_02_12_GBl_Nr_0006_signed.pdf	1	Gesetzblatt 2020 Nr. 6	Verordnung über die Festsetzung der Hochwasserschutzlinie im Land Bremen	S. 8 - 17	skip1000.html
2020	title	5	2020-02-11	/fastmedia/218/2020_02_11_GBl_Nr_0005_signed.pdf	1	Gesetzblatt 2020 Nr. 5	Gesetz zur Änderung des Bremischen Ladenschlussrechtes	S. 7	skip1000.html
2020	title	4	2020-02-03	/fastmedia/218/2020_02_03_GBl_Nr_0004_signed.pdf	1	Gesetzblatt 2020 Nr. 4	Bekanntmachung über das Inkrafttreten des Gesetzes für den Übergangszeitraum nach dem Austritt des Vereinigten Königreichs Großbritannien und Nordirland aus der Europäischen Union	S. 6	skip1000.html
2020	title	3	2020-01-29	/fastmedia/218/2020_01_29_GBl_Nr_0003_signed.pdf	1	Gesetzblatt 2020 Nr. 3	Verordnung zur Berichtigung der Neunzehnten Verordnung zur Änderung der Gesundheits-Kostenverordnung	S. 5	skip1000.html
2020	title	2	2020-01-14	/fastmedia/218/2020_01_14_GBl_Nr_0002_signed.pdf	1	Gesetzblatt 2020 Nr. 2	Bekanntmachung über das Inkrafttreten des Staatsvertrages zwischen den Ländern Baden-Württemberg, Freistaat Bayern, Berlin, Brandenburg, Freie Hansestadt Bremen, Freie und Hansestadt Hamburg, Hessen, Mecklenburg-Vorpommern, Niedersachsen, Nordrhein-Westfalen, Rheinland-Pfalz, Saarland, Freistaat Sachsen, Sachsen-Anhalt, Schleswig-Holstein und dem Freistaat Thüringen zur Änderung des Staatsvertrages zum Glücksspielwesen in Deutschland (Dritter Glücksspieländerungsstaatsvertrag – 3. GlüÄndStV)	S. 4	skip1000.html
2020	title	1	2020-01-03	/fastmedia/218/2020_01_03_GBl_Nr_0001_signed.pdf	1	Gesetzblatt 2020 Nr. 1	Verordnung über die Anforderungen für die Ausbildung an staatlich anerkannten Pflegeschulen und Einrichtungen der praktischen Ausbildung	S. 1 - 3	skip1000.html
2019	title	137	2019-12-23	/fastmedia/218/2019_12_23_GBl_Nr_0137_signed.pdf	1	Gesetzblatt 2019 Nr. 137	Verordnung über die Sonntagsöffnung von Verkaufsstellen in der Stadt Bremerhaven im Jahre 2020	S. 817	skip1000.html
2019	title	136	2019-12-23	/fastmedia/218/2019_12_23_GBl_Nr_0136_signed.pdf	1	Gesetzblatt 2019 Nr. 136	Verordnung über den Ladenschluss im Gebiet zwischen Alter Hafen, Museumshafen und Weser in der Stadt Bremerhaven	S. 816	skip1000.html
2019	title	135	2019-12-20	/fastmedia/218/2019_12_20_GBl_Nr_0135_signed.pdf	1	Gesetzblatt 2019 Nr. 135	Gesetz zur Änderung des Gesetzes zur Finanzierungen von Wählervereinigungen	S. 815	skip1000.html
2019	title	134	2019-12-20	/fastmedia/218/2019_12_20_GBl_Nr_0134_signed.pdf	1	Gesetzblatt 2019 Nr. 134	Gesetz zur Änderung des Gesetzes über die Rechtsverhältnisse der Mitglieder der Bremischen Bürgerschaft (Bremisches Abgeordnetengesetz)	S. 814	skip1000.html
2019	title	133	2019-12-20	/fastmedia/218/2019_12_20_GBl_Nr_0133_signed.pdf	1	Gesetzblatt 2019 Nr. 133	Gesetz zur Änderung des Bremischen Justizkostengesetzes	S. 812 - 813	skip1000.html
2019	title	132	2019-12-20	/fastmedia/218/2019_12_20_GBl_Nr_0132_signed.pdf	1	Gesetzblatt 2019 Nr. 132	Gesetz zur Änderung des Bremischen Hilfeleistungsgesetzes	S. 811	skip1000.html
2019	title	131	2019-12-20	/fastmedia/218/2019_12_20_GBl_Nr_0131_signed.pdf	1	Gesetzblatt 2019 Nr. 131	Ortsgesetz zur Aufhebung des Ortsgesetzes über den Eigenbetrieb Musikschule Bremen, Eigenbetrieb der Stadtgemeinde Bremen sowie zum Erlass des Ortsgesetzes über die Musikschule Bremen der Stadtgemeinde Bremen, über die Teilnahme am Unterricht und die Erhebung von Unterrichtsgebühren	S. 802 - 810	skip1000.html
2019	title	130	2019-12-19	/fastmedia/218/2019_12_19_GBl_Nr_0130_signed.pdf	1	Gesetzblatt 2019 Nr. 130	Neunzehnte Verordnung zur Änderung der Gesundheits-Kostenverordnung	S. 733 - 801	skip1000.html
2019	title	129	2019-12-19	/fastmedia/218/2019_12_19_GBl_Nr_0129_signed.pdf	1	Gesetzblatt 2019 Nr. 129	Berichtigung des Gesetzblattes Nr. 105	S. 732	skip1000.html
2019	title	128	2019-12-19	/fastmedia/218/2019_12_19_GBl_Nr_0128_signed.pdf	1	Gesetzblatt 2019 Nr. 128	Ortsgesetz über die Umwandlung des Eigenbetriebes Entsorgungsbetriebe Bremerhaven (EBB) in eine Anstalt öffentlichen Rechts nach § 1 Absatz 1 BremKuG (EBBOG)	S. 718 - 731	skip1000.html
2019	title	127	2019-12-19	/fastmedia/218/2019_12_19_GBl_Nr_0127_signed.pdf	1	Gesetzblatt 2019 Nr. 127	Ortsgesetz zur Änderung der Gebührenordnung für die Benutzung der öffentlichen Abfallentsorgung in der Stadt Bremerhaven	S. 715 - 717	skip1000.html
2019	title	126	2019-12-18	/fastmedia/218/2019_12_18_GBl_Nr_0126_signed.pdf	1	Gesetzblatt 2019 Nr. 126	Beitragsordnung für die Kindertageseinrichtungen und die Kindertagespflege in der Stadtgemeinde Bremerhaven (Beitragsordnung)	S. 704 - 714	skip1000.html
2019	title	125	2019-12-18	/fastmedia/218/2019_12_18_GBl_Nr_0125_signed.pdf	1	Gesetzblatt 2019 Nr. 125	Zehntes Ortsgesetz zur Änderung der Kostenordnung für die Feuerwehr der Stadt Bremerhaven (Feuerwehrkostenordnung)	S. 702 - 703	skip1000.html
2019	title	124	2019-12-18	/fastmedia/218/2019_12_18_GBl_Nr_0124_signed.pdf	1	Gesetzblatt 2019 Nr. 124	15. Verordnung zur Änderung der Finanzämter-Zuständigkeitsverordnung	S. 700 - 701	skip1000.html
2019	title	123	2019-12-16	/fastmedia/218/2019_12_16_GBl_Nr_0123_signed.pdf	1	Gesetzblatt 2019 Nr. 123	Verordnung über die Strafkammer und die Strafvollstreckungskammer in Bremerhaven	S. 698 - 699	skip1000.html
2019	title	122	2019-12-16	/fastmedia/218/2019_12_16_GBl_Nr_0122_signed.pdf	1	Gesetzblatt 2019 Nr. 122	Sechste Verordnung zur Änderung der Allgemeinen Kostenverordnung	S. 696 - 697	skip1000.html
2019	title	121	2019-12-04	/fastmedia/218/2019_12_04_GBl_Nr_0121_signed.pdf	1	Gesetzblatt 2019 Nr. 121	Berichtigung des Gesetzblattes Nr. 116	S. 695	skip1000.html
2019	title	120	2019-12-03	/fastmedia/218/2019_12_03_GBl_Nr_0120_signed.pdf	1	Gesetzblatt 2019 Nr. 120	Verordnung zur Änderung der Bremischen Hafengebührenordnung	S. 689 - 694	skip1000.html
2019	title	119	2019-12-03	/fastmedia/218/2019_12_03_GBl_Nr_0119_signed.pdf	1	Gesetzblatt 2019 Nr. 119	Gesetz zur Änderung des Bremischen Glücksspielgesetzes	S. 684 - 688	skip1000.html
2019	title	118	2019-12-03	/fastmedia/218/2019_12_03_GBl_Nr_0118_signed.pdf	1	Gesetzblatt 2019 Nr. 118	Gesetz zum Dritten Glücksspieländerungsstaatsvertrag	S. 678 - 683	skip1000.html
2019	title	117	2019-12-03	/fastmedia/218/2019_12_03_GBl_Nr_117_signed.pdf	1	Gesetzblatt 2019 Nr. 117	Gesetz zur Aufhebung des Gesetzes über die Errichtung eines Bremer Kapitaldienstfonds	S. 677	skip1000.html
2019	title	116	2019-12-02	/fastmedia/218/2019_12_02_GBl_Nr_0116_signed.pdf	1	Gesetzblatt 2019 Nr. 116	Verordnung zur Änderung der Verordnung zur elektronischen Aktenführung bei den Gerichten und den Staatsanwaltschaften im Land Bremen	S. 676 - 677	skip1000.html
2019	title	115	2019-12-02	/fastmedia/218/2019_12_02_GBl_Nr_0115_signed.pdf	1	Gesetzblatt 2019 Nr. 115	Verordnung über die Studienplatzvergabe (Studienplatzvergabeverordnung)	S. 631 - 675	skip1000.html
2019	title	114	2019-11-28	/fastmedia/218/2019_11_28_GBl_Nr_0114_signed.pdf	1	Gesetzblatt 2019 Nr. 114	Bekanntmachung über das Inkrafttreten	S. 630	skip1000.html
2019	title	113	2019-11-25	/fastmedia/218/2019_11_25_GBl_Nr_0113_signed.pdf	1	Gesetzblatt 2019 Nr. 113	Verordnung zur Finanzierung der Pflegeausbildung im Land Bremen nach dem Pflegeberufegesetz	S. 626 - 629	skip1000.html
2019	title	112	2019-11-19	/fastmedia/218/2019_11_19_GBl_Nr_0112_signed.pdf	1	Gesetzblatt 2019 Nr. 112	Sechste Verordnung zur Änderung der Weiterbildungs- und Prüfungsverordnung für Pflegefachkräfte	S. 618 - 625	skip1000.html
2019	title	111	2019-11-14	/fastmedia/218/2019_11_14_GBl_Nr_0111_signed.pdf	1	Gesetzblatt 2019 Nr. 111	Verordnung zur Änderung der Wahlordnung zum Bremischen Personalvertretungsgesetz	S. 612 - 617	skip1000.html
2019	title	110	2019-10-17	/fastmedia/218/2019_10_17_GBl_Nr_0110_signed.pdf	1	Gesetzblatt 2019 Nr. 110	Bekanntmachung über das Inkrafttreten des „Staatsvertrags zwischen der Freien und Hansestadt Hamburg und der Freien Hansestadt Bremen über die Durchführung von Zuverlässigkeitsüberprüfungen nach dem Luftsicherheitsgesetz“	S. 611	skip1000.html
2019	title	109	2019-10-17	/fastmedia/218/2019_10_17_GBl_Nr_0109_signed.pdf	1	Gesetzblatt 2019 Nr. 109	Verordnung zur Änderung der Verordnung zur elektronischen Aktenführung bei den Gerichten und den Staatsanwaltschaften im Land Bremen	S. 609 - 610	skip1000.html
2019	title	108	2019-10-10	/fastmedia/218/2019_10_10_GBl_Nr_0108_signed.pdf	1	Gesetzblatt 2019 Nr. 108	Bremische Verordnung über zusätzliche Anforderungen bei der Anwendung von Düngemitteln, Bodenhilfsstoffen, Kultursubstraten und Pflanzenhilfsmitteln auf landwirtschaftlich genutzten Flächen (Bremische Landesdüngeverordnung - BremLDüV)		skip1000.html
2019	title	107	2019-10-09	/fastmedia/218/2019_10_09_GBl_Nr_0107_signed.pdf	1	Gesetzblatt 2019 Nr. 107	Verordnung zur Änderung dienstrechtlicher Vorschriften	S. 602 - 603	skip1000.html
2019	title	106	2019-10-02	/fastmedia/218/2019_10_02_GBl_Nr_0106_signed.pdf	1	Gesetzblatt 2019 Nr. 106	Ortsgesetz über die Zahl der Mitglieder des Magistrats in der Stadt Bremerhaven	S. 601	skip1000.html
2019	title	105	2019-10-02	/fastmedia/218/2019_10_02_GBl_Nr_0105_signed.pdf	1	Gesetzblatt 2019 Nr. 105	Vorkaufsortsgesetz "Werftquartier"	S. 595 - 600	skip1000.html
2019	title	104	2019-10-01	/fastmedia/218/2019_10_01_GBl_Nr_0104_signed.pdf	1	Gesetzblatt 2019 Nr. 104	Bekanntmachung über das Inkrafttreten des „Ersten Staatsvertrags zur Änderung des Vertrags über die Errichtung des IT-Planungsrats und über die Grundlagen der Zusammenarbeit beim Einsatz der Informationstechnologie in den Verwaltungen von Bund und Ländern – Vertrag zur Ausführung von Artikel 91c GG“	S. 594	skip1000.html
2019	title	103	2019-09-27	/fastmedia/218/2019_09_27_GBl_Nr_0103_signed.pdf	1	Gesetzblatt 2019 Nr. 103	Ortsgesetz zur Änderung des Entschädigungsortsgesetzes	S. 592 - 593	skip1000.html
2019	title	102	2019-09-25	/fastmedia/218/2019_09_25_GBl_Nr_0102_signed.pdf	1	Gesetzblatt 2019 Nr. 102	Verordnung zur Änderung der Verordnung zur elektronischen Aktenführung bei den Gerichten und den Staatsanwaltschaften im Land Bremen	S. 590 - 591	skip1000.html
2019	title	101	2019-09-19	/fastmedia/218/2019_09_19_GBl_Nr_0101_signed.pdf	1	Gesetzblatt 2019 Nr. 101	Verordnung über die Zusammensetzung und die Tätigkeit des Denkmalrates	S. 586 - 589	skip1000.html
2019	title	100	2019-09-19	/fastmedia/218/2019_09_19_GBl_Nr_0100_signed.pdf	1	Gesetzblatt 2019 Nr. 100	Verordnung über die Unterschutzstellung von Kulturdenkmälern und das Eintragungs- und Löschungsverfahren	S. 582 - 585	skip1000.html
2019	title	99	2019-09-12	/fastmedia/218/2019_09_12_GBl_Nr_0099_signed.pdf	1	Gesetzblatt 2019 Nr. 99	Gesetz zur Änderung des Bremischen Beamtengesetzes	S. 581	skip1000.html
2019	title	98	2019-09-12	/fastmedia/218/2019_09_12_GBl_Nr_0098_signed.pdf	1	Gesetzblatt 2019 Nr. 98	Gesetz zur Änderung des Gesetzes über die Eigenbetriebe	S. 580	skip1000.html
2019	title	97	2019-09-06	/fastmedia/218/2019_09_06_GBl_Nr_0097_signed.pdf	1	Gesetzblatt 2019 Nr. 97	Neuntes Ortsgesetz zur Änderung der Kostenordnung für die Feuerwehr der Stadt Bremerhaven (Feuerwehrkostenordnung)	S. 578 - 579	skip1000.html
2019	title	96	2019-09-06	/fastmedia/218/2019_09_06_GBl_Nr_0096_signed.pdf	1	Gesetzblatt 2019 Nr. 96	Ortsgesetz zur Änderung des Ortsgesetzes über die Erhebung von Beiträgen nach § 17 Bremisches Gebühren- und Beitragsgesetz für straßenbauliche Maßnahmen in der Stadt Bremerhaven (Straßenbaubeitragsortsgesetz)	S. 576 - 577	skip1000.html
